"test","truey","mean1","low1","up1","mean2","low2","up2"
-0.25,0.00367647058823529,-0.214073657659183,-0.679560519688925,0.251413204370558,-0.0519613722771505,-0.614694863483629,0.510772118929328
-0.249,0.00298453901085096,-0.213164538632722,-0.678500508139553,0.252171430874109,-0.0519089669188679,-0.612534039321738,0.508716105484003
-0.248,0.0023520568082732,-0.212255419606261,-0.677440649067209,0.252929809854686,-0.0518547748573767,-0.610371839564744,0.50666228984999
-0.247,0.00177959445112543,-0.2113463005798,-0.676380942620167,0.253688341460567,-0.0517987942147259,-0.608208277858002,0.50461068942855
-0.246,0.00126767038790283,-0.210437181553339,-0.675321388946744,0.254447025840066,-0.0517410231224716,-0.606043367975989,0.502561321731046
-0.245,0.000816750156151819,-0.209528062526878,-0.6742619881953,0.255205863141545,-0.0516814597217067,-0.603877123824139,0.500514204380726
-0.244,0.000427245536927925,-0.208618943500417,-0.673202740514235,0.255964853513401,-0.0516201021630859,-0.601709559440712,0.49846935511454
-0.243,9.95137536322632e-05,-0.207709824473956,-0.672143646051988,0.256723997104076,-0.0515569486068513,-0.599540688998717,0.496426791785014
-0.242,-0.000166143283705782,-0.206800705447495,-0.67108470495704,0.257483294062051,-0.0514919972228615,-0.597370526807857,0.494386532362134
-0.241,-0.000369479687666964,-0.205891586421034,-0.670025917377912,0.258242744535845,-0.0514252461906129,-0.595199087316524,0.492348594935298
-0.24,-0.000510306255202951,-0.204982467394572,-0.668967283463163,0.259002348674019,-0.0513566936992697,-0.593026385113834,0.490312997715294
-0.239,-0.000588491080958153,-0.204073348368111,-0.667908803361393,0.25976210662517,-0.0512863379476859,-0.590852434931702,0.48827975903633
-0.238,-0.000603960121228063,-0.20316422934165,-0.666850477221238,0.260522018537937,-0.0512141771444367,-0.588677251646967,0.486248897358093
-0.237,-0.000556697707667919,-0.202255110315189,-0.665792305191373,0.261282084560995,-0.051140209507836,-0.586500850283543,0.484220431267871
-0.236,-0.000446747009906066,-0.201345991288728,-0.664734287420512,0.262042304843056,-0.0510644332659709,-0.584323246014643,0.482194379482701
-0.235,-0.00027421044625571,-0.200436872262267,-0.663676424057405,0.262802679532871,-0.0509868466567217,-0.582144454165028,0.480170760851585
-0.234,-3.92500417613351e-05,-0.199527753235806,-0.662618715250837,0.263563208779226,-0.0509074479277875,-0.579964490213305,0.47814959435773
-0.233,0.000257912267142002,-0.198618634209345,-0.661561161149634,0.264323892730944,-0.0508262353367154,-0.577783369794287,0.476130899120857
-0.232,0.000616994382034275,-0.197709515182884,-0.660503761902652,0.265084731536885,-0.0507432071509193,-0.575601108701388,0.47411469439955
-0.231,0.00103765384661466,-0.196800396156423,-0.659446517658788,0.265845725345943,-0.0506583616477165,-0.573417722889083,0.47210099959365
-0.23,0.00151948770609267,-0.195891277129961,-0.65838942856697,0.266606874307048,-0.0505716971143358,-0.571233228475396,0.470089834246725
-0.229,0.002062032422408,-0.1949821581035,-0.657332494776163,0.267368178569163,-0.0504832118479617,-0.56904764174448,0.468081218048556
-0.228,0.00266476384577501,-0.194073039077039,-0.656275716435365,0.268129638281286,-0.0503929041557469,-0.56686097914921,0.466075170837716
-0.227,0.00332709724299854,-0.193163920050578,-0.655219093693607,0.268891253592451,-0.0503007723548385,-0.564673257313858,0.464071712604181
-0.226,0.00404838738296064,-0.192254801024117,-0.654162626699955,0.26965302465172,-0.050206814772409,-0.562484493036823,0.462070863492005
-0.225,0.00482792867962777,-0.191345681997656,-0.653106315603505,0.270414951608193,-0.0501110297456761,-0.560294703293406,0.460072643802054
-0.224,0.0056649553928791,-0.190436562971195,-0.65205016055339,0.271177034611,-0.0500134156219291,-0.55810390523866,0.458077073994802
-0.223,0.00655864188740501,-0.189527443944734,-0.65099416169877,0.271939273809302,-0.0499139707585509,-0.555912116210292,0.45608417469319
-0.222,0.00750810294987488,-0.188618324918273,-0.649938319188839,0.272701669352293,-0.0498126935230498,-0.553719353731635,0.454093966685536
-0.221,0.00851239416452144,-0.187709205891812,-0.648882633172821,0.273464221389198,-0.0497095822930766,-0.551525635514679,0.452106470928526
-0.22,0.00957051234723649,-0.18680008686535,-0.647827103799971,0.27422693006927,-0.0496046354564529,-0.549330979463169,0.450121708550263
-0.219,0.0106813960382215,-0.185890967838889,-0.646771731219575,0.274989795541796,-0.049497851411193,-0.547135403675768,0.448139700853382
-0.218,0.0118439260531823,-0.184981848812428,-0.645716515580945,0.275752817956089,-0.0493892285655333,-0.544938926449305,0.446160469318238
-0.217,0.0130569260930045,-0.184072729785967,-0.644661457033427,0.276515997461493,-0.0492787653379513,-0.542741566282068,0.444184035606166
-0.216,0.0143191634117935,-0.183163610759506,-0.643606555726393,0.277279334207381,-0.0491664601571921,-0.540543341877191,0.442210421562807
-0.215,0.015629349543108,-0.182254491733045,-0.642551811809242,0.278042828343152,-0.0490523114622924,-0.538344272146107,0.440239649221523
-0.214,0.0169861410841619,-0.181345372706584,-0.641497225431404,0.278806480018236,-0.0489363177026038,-0.536144376212075,0.438271740806867
-0.213,0.0183881405377165,-0.180436253680123,-0.640442796742332,0.279570289382087,-0.0488184773378198,-0.533943673413794,0.436306718738154
-0.212,0.019833897211329,-0.179527134653662,-0.639388525891511,0.280334256584187,-0.0486987888379961,-0.531742183309087,0.434344605633095
-0.211,0.0213219081735701,-0.178618015627201,-0.638334413028448,0.281098381774046,-0.0485772506835753,-0.529539925678672,0.432385424311522
-0.21,0.0228506192667684,-0.17770889660074,-0.637280458302677,0.281862665101198,-0.0484538613654125,-0.527336920530021,0.430429197799196
-0.209,0.0244184261757844,-0.176799777574278,-0.636226661863759,0.282627106715202,-0.0483286193847957,-0.52513318810129,0.428475949331699
-0.208,0.0260236755522637,-0.175890658547817,-0.635173023861278,0.283391706765643,-0.0482015232534761,-0.522928748865365,0.426525702358413
-0.207,0.0276646661937642,-0.174981539521356,-0.634119544444843,0.28415646540213,-0.048072571493683,-0.520723623533966,0.4245784805466
-0.206,0.0293396502770968,-0.174072420494895,-0.633066223764087,0.284921382774297,-0.0479417626381521,-0.518517833061861,0.422634307785557
-0.205,0.0310468346451668,-0.173163301468434,-0.632013061968667,0.285686459031799,-0.0478090952301497,-0.516311398651185,0.420693208190886
-0.204,0.0327843821465482,-0.172254182441973,-0.630960059208262,0.286451694324316,-0.0476745678234933,-0.51410434175583,0.418755206108843
-0.203,0.0345504130269714,-0.171345063415512,-0.629907215632574,0.28721708880155,-0.0475381789825783,-0.511896684085956,0.416820326120799
-0.202,0.0363430063718494,-0.170435944389051,-0.628854531391327,0.287982642613225,-0.0473999272823959,-0.509688447612599,0.414888593047807
-0.201,0.0381602015989163,-0.16952682536259,-0.627802006634266,0.288748355909087,-0.0472598113085624,-0.507479654572374,0.412960031955249
-0.2,0.04,-0.168617706336129,-0.626749641511159,0.289514228838902,-0.0471178296573362,-0.505270327472301,0.411034668157629
-0.199,0.0418603663308985,-0.167708587309667,-0.625697436171792,0.290280261552457,-0.0469739809356478,-0.503060489094733,0.409112527223438
-0.198,0.0437392304482779,-0.166799468283206,-0.624645390765973,0.29104645419956,-0.0468282637611143,-0.500850162502389,0.40719363498016
-0.197,0.0456344889924607,-0.165890349256745,-0.623593505443527,0.291812806930037,-0.0466806767620693,-0.498639371043521,0.405278017519382
-0.196,0.047544007114921,-0.164981230230284,-0.622541780354302,0.292579319893733,-0.0465312185775825,-0.496428138357181,0.403365701202016
-0.195,0.0494656202492563,-0.164072111203823,-0.621490215648161,0.293345993240514,-0.0463798878574825,-0.494216488378621,0.401456712663656
-0.194,0.0513971359243562,-0.163162992177362,-0.620438811474986,0.294112827120262,-0.0462266832623792,-0.492004445344817,0.399551078820059
-0.193,0.0533363356184382,-0.162253873150901,-0.619387567984679,0.294879821682877,-0.0460716034636866,-0.489792033800106,0.397648826872733
-0.192,0.0552809766525783,-0.16134475412444,-0.618336485327155,0.295646977078275,-0.0459146471436457,-0.487579278601981,0.395749984314689
-0.191,0.0572287941223143,-0.160435635097979,-0.617285563652349,0.296414293456392,-0.0457558129953466,-0.485366204926991,0.393854578936298
-0.19,0.0591775028658552,-0.159526516071518,-0.616234803110211,0.297181770967176,-0.0455950997227486,-0.483152838276798,0.3919626388313
-0.189,0.0611247994673892,-0.158617397045057,-0.615184203850706,0.297949409760593,-0.045432506040707,-0.480939204484366,0.390074192402952
-0.188,0.0630683642939335,-0.157708278018595,-0.614133766023814,0.298717209986623,-0.0452680306749895,-0.478725329720299,0.38818926837032
-0.187,0.0650058635641328,-0.156799158992134,-0.613083489779531,0.299485171795262,-0.0451016723623051,-0.476511240499324,0.386307895774714
-0.186,0.0669349514473693,-0.155890039965673,-0.612033375267865,0.300253295336519,-0.0449334298503167,-0.474296963686923,0.38443010398629
-0.185,0.068853272191508,-0.154980920939212,-0.61098342263884,0.301021580760415,-0.0447633018976721,-0.472082526506129,0.382555922710784
-0.184,0.0707584622775616,-0.154071801912751,-0.60993363204249,0.301790028216988,-0.0445912872740202,-0.469867956544469,0.380685381996428
-0.183,0.0726481525995232,-0.15316268288629,-0.608884003628865,0.302558637856285,-0.0444173847600354,-0.467653281761088,0.378818512241017
-0.182,0.0745199706675772,-0.152253563859829,-0.607834537548024,0.303327409828366,-0.0442415931474354,-0.465438530494021,0.37695534419915
-0.181,0.076371542832866,-0.151344444833368,-0.606785233950039,0.304096344283304,-0.0440639112390094,-0.46322373146765,0.375095908989631
-0.18,0.0782004965319531,-0.150435325806907,-0.605736092984994,0.30486544137118,-0.0438843378486316,-0.461008913800331,0.373240238103068
-0.179,0.0800044625490958,-0.149526206780446,-0.60468711480298,0.305634701242089,-0.0437028718012872,-0.458794107012204,0.371388363409629
-0.178,0.0817810772944046,-0.148617087753984,-0.603638299554101,0.306404124046132,-0.0435195119330955,-0.456579341033188,0.369540317166997
-0.177,0.0835279850959418,-0.147707968727523,-0.60258964738847,0.307173709933423,-0.0433342570913244,-0.454364646211161,0.367696132028513
-0.176,0.0852428405037811,-0.146798849701062,-0.601541158456208,0.307943459054083,-0.0431471061344175,-0.452150053320343,0.365855841051508
-0.175,0.0869233106040245,-0.145889730674601,-0.600492832907444,0.308713371558242,-0.0429580579320116,-0.449935593569868,0.364019477705844
-0.174,0.0885670773407483,-0.14498061164814,-0.599444670892317,0.309483447596037,-0.042767111364961,-0.447721298612567,0.362187075882645
-0.173,0.0901718398438271,-0.144071492621679,-0.598396672560972,0.310253687317614,-0.0425742653253539,-0.445507200553959,0.360358669903251
-0.172,0.091735316760562,-0.143162373595218,-0.597348838063559,0.311024090873123,-0.0423795187165349,-0.443293331961453,0.358534294528383
-0.171,0.0932552485890212,-0.142253254568757,-0.596301167550237,0.311794658412724,-0.0421828704531292,-0.441079725873777,0.356713984967519
-0.17,0.0947294000109807,-0.141344135542296,-0.59525366117117,0.312565390086579,-0.0419843194610567,-0.438866415810619,0.354897776888506
-0.169,0.0961555622223386,-0.140435016515835,-0.594206319076526,0.313336286044857,-0.0417838646775576,-0.436653435782516,0.353085706427401
-0.168,0.0975315552588613,-0.139525897489373,-0.59315914141648,0.314107346437733,-0.0415815050512107,-0.434440820300963,0.351277810198542
-0.167,0.098855230315104,-0.138616778462912,-0.592112128341207,0.314878571415383,-0.0413772395419522,-0.432228604388777,0.349474125304873
-0.166,0.100124472054342,-0.137707659436451,-0.591065280000891,0.315649961127989,-0.0411710671211007,-0.430016823590701,0.3476746893485
-0.165,0.101337200907337,-0.13679854040999,-0.590018596545715,0.316421515725734,-0.0409629867713689,-0.427805513984261,0.345879540441523
-0.164,0.102491375357749,-0.135889421383529,-0.588972078125865,0.317193235358807,-0.0407529974868951,-0.425594712190898,0.344088717217107
-0.163,0.103584994212017,-0.134980302357068,-0.58792572489153,0.317965120177394,-0.0405410982732515,-0.423384455387342,0.342302258840839
-0.162,0.104616098851501,-0.134071183330607,-0.586879536992901,0.318737170331688,-0.0403272881474728,-0.421174781317289,0.340520205022343
-0.161,0.105582775464707,-0.133162064304146,-0.585833514580169,0.319509385971877,-0.0401115661380684,-0.418965728303324,0.338742596027187
-0.16,0.106483157257378,-0.132252945277685,-0.584787657803523,0.320281767248154,-0.0398939312850508,-0.416757335259167,0.336969472689066
-0.159,0.107315426638285,-0.131343826251224,-0.583741966813156,0.321054314310709,-0.0396743826399477,-0.414549641702185,0.335200876422289
-0.158,0.108077817378506,-0.130434707224763,-0.582696441759258,0.321827027309733,-0.039452919265822,-0.412342687766205,0.333436849234561
-0.157,0.10876861674202,-0.129525588198301,-0.581651082792017,0.322599906395414,-0.039229540237298,-0.410136514214668,0.331677433740072
-0.156,0.109386167585438,-0.12861646917184,-0.580605890061621,0.32337295171794,-0.0390042446405728,-0.407931162454045,0.329922673172899
-0.155,0.109928870424709,-0.127707350145379,-0.579560863718254,0.324146163427495,-0.0387770315734395,-0.405726674547625,0.328172611400746
-0.154,0.110395185466636,-0.126798231118918,-0.578516003912097,0.32491954167426,-0.0385479001453033,-0.403523093229596,0.326427292938989
-0.153,0.110783634603071,-0.125889112092457,-0.577471310793328,0.325693086608414,-0.0383168494772059,-0.401320461919491,0.324686762965079
-0.152,0.111092803365655,-0.124979993065996,-0.576426784512121,0.326466798380129,-0.0380838787018378,-0.399118824736959,0.322951067333283
-0.151,0.111321342839006,-0.124070874039535,-0.575382425218646,0.327240677139576,-0.0378489869635618,-0.396918226516898,0.321220252589774
-0.15,0.111467971530249,-0.123161755013074,-0.574338233063066,0.328014723036918,-0.0376121734184309,-0.394718712824955,0.319494365988093
-0.149,0.111531477192835,-0.122252635986613,-0.573294208195538,0.328788936222313,-0.0373734372342049,-0.39252032997338,0.31777345550497
-0.148,0.111510718602599,-0.121343516960152,-0.572250350766216,0.329563316845913,-0.03713277759037,-0.390323125037271,0.316057569856531
-0.147,0.111404627284038,-0.12043439793369,-0.571206660925243,0.330337865057862,-0.0368901936781578,-0.3881271458712,0.314346758514884
-0.146,0.111212209184815,-0.119525278907229,-0.570163138822756,0.331112581008297,-0.0366456847005645,-0.38593244112623,0.312641071725102
-0.145,0.110932546296528,-0.118616159880768,-0.569119784608886,0.331887464847349,-0.0363992498723639,-0.383739060267346,0.310940560522618
-0.144,0.110564798219815,-0.117707040854307,-0.568076598433751,0.332662516725137,-0.0361508884201339,-0.381547053591282,0.309245276751014
-0.143,0.110108203671889,-0.116797921827846,-0.567033580447464,0.333437736791772,-0.0359005995822669,-0.379356472244779,0.307555273080245
-0.142,0.109562081934649,-0.115888802801385,-0.565990730800126,0.334213125197356,-0.0356483826089938,-0.377167368243273,0.305870603025286
-0.141,0.108925834241524,-0.114979683774924,-0.564948049641827,0.334988682091979,-0.0353942367623948,-0.374979794490012,0.304191320965222
-0.14,0.108198945101278,-0.114070564748463,-0.563905537122649,0.335764407625723,-0.0351381613164256,-0.37279380479563,0.302517482162779
-0.139,0.107380983557017,-0.113161445722002,-0.562863193392658,0.336540301948655,-0.0348801555569273,-0.370609453898166,0.300849142784312
-0.138,0.106471604378698,-0.112252326695541,-0.561821018601913,0.337316365210832,-0.0346202187816484,-0.368426797483556,0.299186359920259
-0.137,0.105470549187469,-0.11134320766908,-0.560779012900457,0.338092597562297,-0.0343583503002626,-0.366245892206596,0.297529191606071
-0.136,0.10437764751023,-0.110434088642618,-0.559737176438319,0.338868999153082,-0.0340945494343822,-0.364066795712389,0.295877696843625
-0.135,0.103192817762852,-0.109524969616157,-0.558695509365517,0.339645570133202,-0.0338288155175794,-0.361889566658275,0.294231935623117
-0.134,0.101916068160518,-0.108615850589696,-0.557654011832053,0.34042231065266,-0.0335611478954016,-0.359714264736275,0.292591968945472
-0.133,0.100547497553733,-0.107706731563235,-0.556612683987913,0.341199220861443,-0.0332915459253874,-0.357540950696029,0.290957858845255
-0.132,0.0990872961885805,-0.106797612536774,-0.55557152598307,0.341976300909522,-0.0330200089770873,-0.355369686368264,0.289329668414089
-0.131,0.09753574638986,-0.105888493510313,-0.554530537967478,0.342753550946853,-0.0327465364320772,-0.353200534688782,0.287707461824627
-0.13,0.0958932231658088,-0.104979374483852,-0.553489720091077,0.343530971123373,-0.0324711276839743,-0.351033559722975,0.286091304355027
-0.129,0.0941601947331519,-0.104070255457391,-0.552449072503786,0.344308561589004,-0.0321937821384564,-0.348868826690903,0.284481262413991
-0.128,0.0923372229612937,-0.10316113643093,-0.551408595355509,0.34508632249365,-0.0319144992132782,-0.346706401992902,0.282877403566345
-0.127,0.0904249637345229,-0.102252017404469,-0.55036828879613,0.345864253987193,-0.0316332783382882,-0.344546353235759,0.281279796559182
-0.126,0.0884241672311613,-0.101342898378007,-0.549328152975515,0.346642356219501,-0.0313501189554407,-0.342388749259449,0.279688511348568
-0.125,0.0863356781186548,-0.100433779351546,-0.54828818804351,0.347420629340417,-0.0310650205188174,-0.340233660164449,0.278103619126814
-0.124,0.0841604356636662,-0.0995246603250853,-0.547248394149938,0.348199073499767,-0.0307779824946416,-0.338081157339632,0.276525192350349
-0.123,0.0818994737562975,-0.0986155412986242,-0.546208771444604,0.348977688847356,-0.0304890043612913,-0.335931313490736,0.274953304768153
-0.122,0.0795539208476341,-0.0977064222721631,-0.545169320077291,0.349756475532964,-0.0301980856093215,-0.333784202669434,0.27338803145079
-0.121,0.0771249997998757,-0.096797303245702,-0.544130040197758,0.350535433706354,-0.0299052257414739,-0.331639900303003,0.271829448820055
-0.12,0.0746140276483848,-0.0958881842192409,-0.543090931955744,0.351314563517262,-0.0296104242726961,-0.329498483224576,0.270277634679184
-0.119,0.0720224152750552,-0.0949790651927798,-0.542051995500962,0.352093865115402,-0.0293136807301564,-0.327360029704021,0.268732668243708
-0.118,0.0693516669924781,-0.0940699461663187,-0.541013230983102,0.352873338650464,-0.0290149946532575,-0.325224619479411,0.267194630172896
-0.117,0.0666033800384498,-0.0931608271398576,-0.539974638551829,0.353652984272114,-0.0287143655936545,-0.323092333789112,0.265663602601803
-0.116,0.0637792439804474,-0.0922517081133965,-0.538936218356784,0.354432802129991,-0.0284117931152711,-0.320963255404483,0.26413966917394
-0.115,0.0608810400297643,-0.0913425890869354,-0.537897970547581,0.355212792373711,-0.0281072767943094,-0.318837468663179,0.26262291507456
-0.114,0.0579106402650823,-0.0904334700604743,-0.536859895273808,0.355992955152859,-0.0278008162192722,-0.316715059503079,0.261113427064535
-0.113,0.0548700067653258,-0.0895243510340132,-0.535821992685025,0.356773290616998,-0.0274924109909705,-0.314596115496806,0.259611293514865
-0.112,0.0517611906517266,-0.0886152320075521,-0.534784262930765,0.35755379891566,-0.0271820607225454,-0.312480725886871,0.25811660444178
-0.111,0.0485863310391013,-0.087706112981091,-0.533746706160532,0.35833448019835,-0.0268697650394781,-0.310368981621404,0.256629451542448
-0.11,0.0453476538964265,-0.0867969939546299,-0.532709322523803,0.359115334614543,-0.0265555235796076,-0.30826097539049,0.255149928231274
-0.109,0.0420474708168723,-0.0858878749281688,-0.531672112170024,0.359896362313686,-0.0262393359931423,-0.306156801663081,0.253678129676796
-0.108,0.0386881776975349,-0.0849787559017077,-0.53063507524861,0.360677563445194,-0.0259212019426763,-0.304056556724501,0.252214152839148
-0.107,0.0352722533291931,-0.0840696368752466,-0.529598211908946,0.361458938158453,-0.0256011211032039,-0.301960338714506,0.250758096508098
-0.106,0.0318022578964881,-0.0831605178487855,-0.528561522300386,0.362240486602815,-0.0252790931621343,-0.299868247665901,0.249310061341633
-0.105,0.0282808313890124,-0.0822513988223244,-0.527525006572252,0.363022208927603,-0.0249551178193039,-0.29778038554369,0.247870149905083
-0.104,0.0247106919238707,-0.0813422797958634,-0.526488664873832,0.363804105282105,-0.0246291947869915,-0.295696856284751,0.246438466710768
-0.103,0.0210946339803599,-0.0804331607694023,-0.525452497354382,0.364586175815577,-0.0243013237899318,-0.293617765838008,0.245015118258144
-0.102,0.0174355265474957,-0.0795240417429412,-0.524416504163123,0.365368420677241,-0.02397150456533,-0.291543222205065,0.243600213074405
-0.101,0.0137363111851941,-0.0786149227164801,-0.523380685449243,0.366150840016283,-0.0236397368628733,-0.28947333548131,0.242193861755564
-0.1,0.00999999999999999,-0.077705803690019,-0.522345041361892,0.366933433981854,-0.023306020444751,-0.287408217897418,0.240796177007916
-0.099,0.00622967353633407,-0.0767966846635579,-0.521309572050187,0.367716202723072,-0.0229703550856571,-0.285347983861241,0.239407273689927
-0.098,0.00242847858431258,-0.0758875656370968,-0.520274277663208,0.368499146389014,-0.0226327405728144,-0.283292750000056,0.238027268854427
-0.097,-0.00140037409472475,-0.0749784466106357,-0.519239158349995,0.369282265128724,-0.02229317670598,-0.281242635203109,0.236656281791149
-0.096,-0.00525361212376332,-0.0740693275841746,-0.518204214259554,0.370065559091205,-0.0219516632974652,-0.279197760664425,0.235294434069495
-0.095,-0.00912790394544084,-0.0731602085577135,-0.51716944554085,0.370849028425423,-0.0216082001721414,-0.277158249925831,0.233941849581549
-0.094,-0.0130198613357764,-0.0722510895312524,-0.516134852342811,0.371632673280307,-0.0212627871674599,-0.27512422892014,0.23259865458522
-0.093,-0.0169260419948451,-0.0713419705047913,-0.515100434814323,0.372416493804741,-0.0209154241334581,-0.273095826014421,0.231264977747505
-0.092,-0.0208429522128597,-0.0704328514783302,-0.514066193104234,0.373200490147574,-0.0205661109327787,-0.271073172053324,0.229940950187767
-0.091,-0.0247670496100478,-0.0695237324518691,-0.513032127361349,0.37398466245761,-0.0202148474406789,-0.269056400402358,0.228626705521
-0.09,-0.0286947459486268,-0.068614613425408,-0.511998237734431,0.374769010883615,-0.0198616335450421,-0.267045646991058,0.227322379900973
-0.089,-0.032622410015111,-0.0677054943989469,-0.510964524372204,0.37555353557431,-0.0195064691463916,-0.265041050355957,0.226028112063174
-0.088,-0.0365463705710993,-0.0667963753724858,-0.509930987423345,0.376338236678374,-0.0191493541579033,-0.263042751683292,0.224744043367485
-0.087,-0.0404629193706245,-0.0658872563460247,-0.508897627036491,0.377123114344441,-0.0187902885054173,-0.261050894851314,0.22347031784048
-0.086,-0.0443683142420637,-0.0649781373195636,-0.507864443360231,0.377908168721104,-0.0184292721274519,-0.259065626472129,0.222207082217226
-0.085,-0.0482587822325415,-0.0640690182931025,-0.506831436543113,0.378693399956908,-0.0180663049752106,-0.257087095932942,0.220954485982521
-0.084,-0.0521305228126788,-0.0631598992666414,-0.505798606733636,0.379478808200353,-0.0177013870125969,-0.255115455436595,0.219712681411401
-0.083,-0.0559797111394751,-0.0622507802401803,-0.504765954080255,0.380264393599894,-0.0173345182162308,-0.253150860041277,0.218481823608815
-0.082,-0.0598025013750354,-0.0613416612137192,-0.503733478731377,0.381050156303939,-0.0169656985754516,-0.251193467699241,0.217262070548337
-0.081,-0.0635950300587889,-0.0604325421872581,-0.502701180835362,0.381836096460846,-0.0165949280923347,-0.249243439294429,0.216053583109759
-0.08,-0.0673534195307762,-0.059523423160797,-0.501669060540522,0.382622214218928,-0.0162222067817015,-0.247300938678802,0.214856525115399
-0.079,-0.0710737814035148,-0.0586143041343359,-0.50063711799512,0.383408509726448,-0.0158475346711324,-0.245366132707256,0.213671063364992
-0.078,-0.074752220079891,-0.0577051851078748,-0.499605353347367,0.384194983131618,-0.0154709118009761,-0.243439191270914,0.212497367668962
-0.077,-0.0783848363144578,-0.0567960660814137,-0.498573766745429,0.384981634582601,-0.0150923382243608,-0.241520287328627,0.211335610879905
-0.076,-0.0819677308154631,-0.0558869470549526,-0.497542358337416,0.38576846422751,-0.0147118140072063,-0.239609596936477,0.210185968922065
-0.075,-0.0854970078848645,-0.0549778280284915,-0.496511128271389,0.386555472214406,-0.0143293392282325,-0.237707299275094,0.209048620818629
-0.074,-0.0889687790935361,-0.0540687090020305,-0.495480076695357,0.387342658691296,-0.0139449139789743,-0.235813576674548,0.2079237487166
-0.073,-0.0923791669888118,-0.0531595899755694,-0.494449203757275,0.388130023806136,-0.0135585383637872,-0.233928614636587,0.206811537909013
-0.072,-0.095724308831452,-0.0522504709491083,-0.493418509605045,0.388917567706828,-0.0131702124998622,-0.232052601853994,0.20571217685427
-0.071,-0.0990003603590764,-0.0513413519226472,-0.492387994386514,0.38970529054122,-0.0127799365172322,-0.23018573022679,0.204625857192326
-0.07,-0.102203499573044,-0.0504322328961861,-0.491357658249477,0.390493192457104,-0.0123877105587863,-0.228328194875031,0.203552773757458
-0.069,-0.105329930545721,-0.049523113869725,-0.490327501341669,0.391281273602219,-0.0119935347802758,-0.226480194147903,0.202493124587351
-0.068,-0.108375887245021,-0.0486139948432639,-0.489297523810772,0.392069534124244,-0.0115974093503279,-0.224641929628842,0.201447110928187
-0.067,-0.11133763737307,-0.0477048758168028,-0.488267725804409,0.392857974170804,-0.011199334450453,-0.222813606136363,0.200414937235457
-0.066,-0.114211486215788,-0.0467957567903417,-0.487238107470148,0.393646593889465,-0.0107993102750565,-0.220995431720267,0.199396811170155
-0.065,-0.116993780500159,-0.0458866377638806,-0.486208668955496,0.394435393427735,-0.0103973370314462,-0.219187617652945,0.198392943590053
-0.064,-0.119680912255903,-0.0449775187374195,-0.485179410407904,0.395224372933065,-0.00999341493984324,-0.217390378415372,0.197403548535686
-0.063,-0.122269322678242,-0.0440683997109584,-0.484150331974759,0.396013532552842,-0.00958754423339314,-0.215603931677507,0.19642884321072
-0.062,-0.124755505988403,-0.0431592806844973,-0.483121433803391,0.396802872434397,-0.00917972515817139,-0.213828498272681,0.195469047956338
-0.061,-0.1271360132885,-0.0422501616580362,-0.482092716041069,0.397592392724997,-0.0087699579731963,-0.212064302165633,0.194524386219241
-0.06,-0.129407456407355,-0.0413410426315751,-0.481064178834999,0.398382093571849,-0.00835824295043508,-0.210311570413811,0.193595084512941
-0.059,-0.13156651173386,-0.040431923605114,-0.480035822332325,0.399171975122097,-0.0079445803748136,-0.208570533121524,0.192681372371897
-0.058,-0.133609924034382,-0.0395228045786529,-0.479007646680128,0.399962037522822,-0.0075289705442298,-0.206841423386592,0.191783482298133
-0.057,-0.135534510250768,-0.0386136855521918,-0.477979652025425,0.400752280921042,-0.00711141376955332,-0.205124477239035,0.190901649699928
-0.056,-0.137337163275421,-0.0377045665257307,-0.476951838515169,0.401542705463708,-0.00669191037464306,-0.203419933571448,0.190036112822162
-0.055,-0.139014855699945,-0.0367954474992696,-0.475924206296247,0.402333311297708,-0.0062704606963499,-0.201728034060625,0.189187112667925
-0.054,-0.140564643533832,-0.0358863284728085,-0.474896755515482,0.403124098569865,-0.00584706508452687,-0.200049023080021,0.188354892910967
-0.053,-0.141983669889636,-0.0349772094463474,-0.473869486319627,0.403915067426932,-0.0054217239020406,-0.198383147602652,0.18753969979857
-0.052,-0.1432691686311,-0.0340680904198863,-0.472842398855372,0.404706218015599,-0.0049944375247723,-0.196730657094035,0.18674178204449
-0.051,-0.144418467980669,-0.0331589713934252,-0.471815493269335,0.405497550482485,-0.0045652063416331,-0.195091803394752,0.185961390711486
-0.05,-0.14542899408284,-0.0322498523669641,-0.470788769708069,0.40628906497414,-0.0041340307545687,-0.19346684059227,0.185198779083133
-0.049,-0.146298274519781,-0.031340733340503,-0.469762228318054,0.407080761637048,-0.00370091117856497,-0.191856024881611,0.184454202524481
-0.048,-0.147023941775673,-0.0304316143140419,-0.468735869245704,0.40787264061762,-0.00326584804166102,-0.19025961441456,0.183727918331238
-0.047,-0.147603736646215,-0.0295224952875808,-0.467709692637358,0.408664702062197,-0.00282884178494908,-0.18867786913701,0.183020185567112
-0.046,-0.148035511589763,-0.0286133762611197,-0.466683698639288,0.409456946117048,-0.00238989286259278,-0.187111050614177,0.182331264888991
-0.045,-0.148317234016552,-0.0277042572346586,-0.465657887397689,0.410249372928372,-0.00194900174182505,-0.185559421843357,0.181661418359706
-0.044,-0.148446989512505,-0.0267951382081976,-0.464632259058687,0.411041982642292,-0.00150616890295524,-0.184023247053983,0.181010909248073
-0.043,-0.148422984994116,-0.0258860191817365,-0.463606813768333,0.41183477540486,-0.00106139483938583,-0.182502791494758,0.180380001815986
-0.042,-0.148243551790927,-0.0249769001552754,-0.462581551672603,0.412627751362052,-0.000614680057610395,-0.18099832120765,0.179768961092429
-0.041,-0.147907148652147,-0.0240677811288143,-0.4615564729174,0.413420910659771,-0.00016602507721919,-0.179510102788655,0.179178052634217
-0.04,-0.147412364673971,-0.0231586621023532,-0.460531577648548,0.414214253443842,0.000284569569083237,-0.178038403135185,0.178607542273351
-0.039,-0.146757922144209,-0.0222495430758921,-0.459506866011799,0.415007779860015,0.000737103335485656,-0.17658348918008,0.178057695851051
-0.038,-0.145942679300834,-0.021340424049431,-0.458482338152824,0.415801490053962,0.00119157566305073,-0.175145627612242,0.177528778938343
-0.037,-0.144965633001125,-0.0204313050229699,-0.457457994217218,0.416595384171278,0.00164798597971788,-0.173725084583982,0.177021056543418
-0.036,-0.143825921298093,-0.0195221859965088,-0.456433834350496,0.417389462357479,0.00210633370029173,-0.172322125405242,0.176534792805826
-0.035,-0.142522825920942,-0.0186130669700477,-0.455409858698097,0.418183724758001,0.00256661822643972,-0.170937014224888,0.176070250677767
-0.034,-0.141055774656322,-0.0177039479435866,-0.454386067405376,0.418978171518202,0.00302883894668421,-0.169570013699414,0.175627691592783
-0.033,-0.139424343627229,-0.0167948289171255,-0.453362460617609,0.419772802783358,0.00349299523639374,-0.168221384649403,0.175207375122191
-0.032,-0.137628259466405,-0.0158857098906644,-0.452339038479992,0.420567618698663,0.00395908645778481,-0.166891385704235,0.174809558619805
-0.031,-0.135667401381177,-0.0149765908642033,-0.451315801137636,0.42136261940923,0.00442711195990753,-0.165580272935608,0.174434496855423
-0.03,-0.133541803106712,-0.0140674718377422,-0.450292748735572,0.422157805060088,0.00489707107864762,-0.164288299480472,0.174082441637767
-0.029,-0.131251654744722,-0.0131583528112811,-0.449269881418745,0.422953175796183,0.00536896313671698,-0.163015715154189,0.173753641427623
-0.028,-0.128797304484729,-0.01224923378482,-0.448247199332017,0.423748731762377,0.00584278744364664,-0.161762766054671,0.173448340941964
-0.027,-0.126179260205036,-0.0113401147583589,-0.447224702620165,0.424544473103447,0.00631854329578879,-0.160529694158508,0.173166780750086
-0.026,-0.123398190950638,-0.0104309957318978,-0.446202391427878,0.425340399964083,0.00679622997630203,-0.159316736910059,0.172909196862663
-0.025,-0.120454928285368,-0.00952187670543673,-0.445180265899763,0.426136512488889,0.00727584675515774,-0.158124126804625,0.17267582031494
-0.024,-0.117350467515637,-0.00861275767897564,-0.444158326180335,0.426932810822384,0.00775739288912342,-0.156952090966978,0.172466876745225
-0.023,-0.114085968783216,-0.00770363865251454,-0.443136572414024,0.427729295108995,0.00824086762176729,-0.155800850726469,0.172282585970004
-0.022,-0.110662758024565,-0.00679451962605344,-0.44211500474517,0.428525965493064,0.00872627018345001,-0.154670621190168,0.172123161557068
-0.021,-0.107082327794307,-0.00588540059959235,-0.441093623318025,0.42932282211884,0.00921359979132036,-0.153561610815473,0.171988810398114
-0.02,-0.103346337950521,-0.00497628157313125,-0.440072428276749,0.430119865130486,0.00970285564930945,-0.152474020983767,0.171879732282386
-0.019,-0.0994566161996174,-0.00406716254667015,-0.439051419765412,0.430917094672071,0.0101940369481313,-0.151408045576671,0.171796119472934
-0.018,-0.0954151584986314,-0.00315804352020905,-0.438030597927992,0.431714510887574,0.010687142865276,-0.150363870556672,0.171738156287224
-0.017,-0.0912241293128788,-0.00224892449374796,-0.437009962908375,0.432512113920879,0.0111821725650033,-0.149341673553739,0.171706018683745
-0.016,-0.086885861726992,-0.00133980546728686,-0.435989514850355,0.433309903915781,0.0116791251983424,-0.148341623459755,0.17169987385644
-0.015,-0.0824028574074596,-0.000430686440825764,-0.43496925389763,0.434107881015978,0.0121779999030887,-0.147363880032565,0.171719879838743
-0.014,-0.0777777864148832,0.000478432585635333,-0.433949180193804,0.434906045365075,0.0126787958037963,-0.146408593511376,0.171766185118968
-0.013,-0.0730134868642644,0.00138755161209643,-0.432929293882387,0.43570439710658,0.0131815120117796,-0.145475904245398,0.171838928268957
-0.012,-0.0681129644317375,0.00229667063855753,-0.431909595106792,0.436502936383907,0.0136861476251071,-0.144565942337488,0.171938237587702
-0.011,-0.0630793917062626,0.00320578966501862,-0.430890084010335,0.437301663340372,0.014192701728596,-0.143678827304539,0.172064230761732
-0.01,-0.0579161073849031,0.0041149086914797,-0.429870760736235,0.438100578119194,0.0147011733938163,-0.14281466775641,0.172217014544042
-0.00900000000000001,-0.0526266153104123,0.00502402771794079,-0.428851625427611,0.438899680863493,0.0152115616790798,-0.14197356109504,0.1723966844532
-0.00800000000000001,-0.0472145833499721,0.00593314674440189,-0.427832678227487,0.439698971716291,0.0157238656294449,-0.141155593235326,0.172603324494216
-0.00700000000000001,-0.0416838421140263,0.00684226577086299,-0.426813919278782,0.440498450820508,0.0162380842767051,-0.140360838349351,0.172837006902761
-0.00600000000000001,-0.0360383835142735,0.00775138479732408,-0.425795348724319,0.441298118318967,0.0167542166393954,-0.139589358635326,0.173097791914117
-0.005,-0.0302823591599952,0.00866050382378518,-0.424776966706816,0.442097974354387,0.0172722617227858,-0.13884120411262,0.173385727558192
-0.004,-0.0244200785920098,0.00956962285024628,-0.423758773368893,0.442898019069385,0.0177922185188782,-0.13811641244399,0.173700849481746
-0.003,-0.0184560073536654,0.0104787418767074,-0.422740768853063,0.443698252606478,0.018314086006405,-0.137415008786139,0.174043180798949
-0.002,-0.0123947648984004,0.0113878609031685,-0.421722953301738,0.444498675108075,0.0188378631508296,-0.136737005669466,0.174412731971125
-0.001,-0.00624112233352523,0.0122969799296296,-0.420705326857226,0.445299286716486,0.0193635489043395,-0.136082402907753,0.174809500716432
0,0,0.0132060989560907,-0.419687889661729,0.44610008757391,0.019891142205849,-0.135451187538395,0.175233471950093
0.001,0.00632353511189234,0.0141152179825518,-0.418670641857343,0.446901077822447,0.0204206419809967,-0.134843333793568,0.175684617755562
0.002,0.0127242721109508,0.0150243370090129,-0.417653583586058,0.447702257604084,0.020952047142142,-0.134258803102582,0.176162897386867
0.003,0.0191968591173864,0.015933456035474,-0.416636714989757,0.448503627060704,0.021485356588365,-0.133697544125479,0.176668257302209
0.004,0.0257358063387959,0.0168425750619351,-0.415620036210213,0.449305186334083,0.0220205692054672,-0.13315949281775,0.177200631228684
0.005,0.0323354893093669,0.0177516940883961,-0.414603547389094,0.450106935565886,0.0225576838659655,-0.132644572525882,0.177759940257813
0.00600000000000001,0.038990152291773,0.0186608131148572,-0.413587248667955,0.450908874897669,0.023096699429097,-0.13215269411326,0.178346092971454
0.00700000000000001,0.0456939118410823,0.0195699321413183,-0.412571140188242,0.451711004470878,0.0236376147408138,-0.131683756115794,0.178958985597421
0.00800000000000001,0.0524407605298745,0.0204790511677794,-0.411555222091289,0.452513324426848,0.0241804286337836,-0.131237644926416,0.179598502193983
0.00900000000000001,0.0592245708336222,0.0213881701942405,-0.410539494518321,0.453315834906802,0.0247251399273885,-0.130814235007576,0.180264514862353
0.01,0.066039099175262,0.0222972892207016,-0.409523957610446,0.454118536051849,0.0252717474277294,-0.130413389130512,0.18095688398597
0.011,0.0728779901277415,0.0232064082471627,-0.408508611508663,0.454921428002988,0.0258202499276164,-0.130034958640145,0.181675458495378
0.012,0.0797347807731959,0.0241155272736238,-0.407493456353853,0.455724510901101,0.026370646206577,-0.129678783744164,0.182420076157318
0.013,0.0866029052172668,0.0250246463000849,-0.406478492286786,0.456527784886956,0.0269229350308502,-0.12934469382485,0.18319056388655
0.014,0.0934756992569407,0.025933765326546,-0.405463719448113,0.457331250101205,0.027477115153392,-0.129032507772047,0.183986738078831
0.015,0.100346405200147,0.0268428843530071,-0.404449137978371,0.458134906684385,0.0280331853138707,-0.128742034335601,0.184808404963342
0.016,0.107208176835216,0.0277520033794682,-0.403434748017977,0.458938754776914,0.0285911442386683,-0.128473072495566,0.185655360972902
0.017,0.114054084548153,0.0286611224059293,-0.402420549707234,0.459742794519092,0.0291509906408842,-0.128225411848362,0.18652739313013
0.018,0.120877120585564,0.0295702414323904,-0.401406543186322,0.460547026051103,0.0297127232203305,-0.127998833007053,0.187424279447714
0.019,0.127670204460899,0.0304793604588515,-0.400392728595305,0.461351449513008,0.0302763406635371,-0.127793108013951,0.188345789341025
0.02,0.134426188501567,0.0313884794853126,-0.399379106074124,0.46215606504475,0.0308418416437519,-0.12760800076358,0.189291684051084
0.021,0.141137863534331,0.0322975985117737,-0.398365675762602,0.46296087278615,0.0314092248209378,-0.127443267434275,0.190261717076151
0.022,0.147797964706227,0.0332067175382348,-0.397352437800438,0.463765872876908,0.0319784888417767,-0.127298656926485,0.191255634610038
0.023,0.154399177438158,0.0341158365646959,-0.396339392327209,0.4645710654566,0.0325496323396737,-0.127173911305998,0.192273175985345
0.024,0.16093414350813,0.035024955591157,-0.395326539482367,0.465376450664681,0.0331226539347531,-0.127068766250357,0.193314074119863
0.025,0.167395467260978,0.0359340746176181,-0.394313879405244,0.46618202864048,0.0336975522338618,-0.126982951496737,0.19437805596446
0.026,0.173775721941301,0.0368431936440792,-0.393301412235043,0.466987799523201,0.0342743258305707,-0.126916191289608,0.19546484295075
0.027,0.180067456146157,0.0377523126705403,-0.392289138110843,0.467793763451924,0.0348529733051799,-0.126868204826669,0.196574151437029
0.028,0.186263200393963,0.0386614316970014,-0.391277057171598,0.4685999205656,0.0354334932247125,-0.126838706701518,0.197705693150943
0.029,0.192355473805885,0.0395705507234625,-0.390265169556131,0.469406271003056,0.0360158841429259,-0.126827407341666,0.198859175627518
0.03,0.198336790895878,0.0404796697499236,-0.389253475403141,0.470212814902988,0.0366001446003063,-0.126834013440555,0.200034302641167
0.031,0.204199668465386,0.0413887887763847,-0.388241974851196,0.471019552403966,0.0371862731240765,-0.126858228382404,0.201230774630557
0.032,0.2099366325986,0.0422979078028458,-0.387230668038736,0.471826483644427,0.037774268228195,-0.126899752658692,0.202448289115082
0.033,0.215540225754004,0.0432070268293069,-0.386219555104068,0.472633608762682,0.0383641284133573,-0.126958284275315,0.20368654110203
0.034,0.221003013947839,0.044116145855768,-0.38520863618537,0.473440927896906,0.0389558521670046,-0.127033519149435,0.204945223483444
0.035,0.226317594024952,0.0450252648822291,-0.384197911420689,0.474248441185147,0.0395494379633176,-0.127125151495252,0.206224027421888
0.036,0.231476601012383,0.0459343839086902,-0.383187380947937,0.475056148765317,0.0401448842632289,-0.127232874197909,0.207522642724367
0.037,0.23647271555091,0.0468435029351513,-0.382177044904893,0.475864050775196,0.0407421895144184,-0.127356379174956,0.208840758203793
0.038,0.241298671399626,0.0477526219616124,-0.381166903429204,0.476672147352429,0.041341352151319,-0.127495357724806,0.210178062027444
0.039,0.245947263008509,0.0486617409880734,-0.380156956658379,0.477480438634526,0.041942370595122,-0.12764950086175,0.211534242051994
0.04,0.250411353153818,0.0495708600145345,-0.379147204729793,0.478288924758862,0.0425452432537771,-0.127818499637185,0.212908986144739
0.041,0.254683880631002,0.0504799790409956,-0.378137647780684,0.479097605862675,0.043149968522,-0.12800204544676,0.21430198249076
0.042,0.258757867999709,0.0513890980674567,-0.377128285948153,0.479906482083066,0.0437565447812686,-0.128199830323285,0.215712919885822
0.043,0.262626429375328,0.0522982170939178,-0.376119119369161,0.480715553556997,0.0443649703998381,-0.128411547215265,0.217141488014941
0.044,0.266282778261411,0.0532073361203789,-0.375110148180534,0.481524820421292,0.0449752437327318,-0.128636890251019,0.218587377716483
0.045,0.269720235417156,0.05411645514684,-0.374101372518954,0.482334282812634,0.0455873631217557,-0.128875554988423,0.220050281231934
0.046,0.272932236754052,0.0550255741733011,-0.373092792520964,0.483143940867566,0.046201326895501,-0.129127238650316,0.221529892441318
0.047,0.275912341255641,0.0559346931997622,-0.372084408322968,0.483953794722492,0.0468171333693401,-0.129391640345781,0.223025907084461
0.048,0.278654238914242,0.0568438122262233,-0.371076220061224,0.48476384451367,0.0474347808454403,-0.129668461277403,0.224538022968283
0.049,0.281151758678373,0.0577529312526844,-0.37006822787185,0.485574090377219,0.048054267612768,-0.129957404934805,0.226065940160341
0.05,0.283398876404494,0.0586620502791455,-0.369060431890819,0.48638453244911,0.0486755919470848,-0.130258177274698,0.227609361168868
0.051,0.28538972280655,0.0595711693056066,-0.368052832253961,0.487195170865174,0.0492987521109619,-0.130570486887778,0.229167991109702
0.052,0.287118591396738,0.0604802883320677,-0.367045429096958,0.488006005761093,0.0499237463537793,-0.130894045152782,0.230741537860341
0.053,0.288579946410757,0.0613894073585288,-0.366038222555349,0.488817037272407,0.0505505729117335,-0.131228566378099,0.232329712201566
0.054,0.289768430710733,0.0622985263849899,-0.365031212764525,0.489628265534505,0.0511792300078436,-0.131573767931304,0.233932227946991
0.055,0.290678873658882,0.0632076454114509,-0.364024399859728,0.49043969068263,0.0518097158519505,-0.131929370357035,0.235548802060936
0.056,0.291306298954878,0.064116764437912,-0.363017783976054,0.491251312851878,0.0524420286407325,-0.132295097483632,0.237179154765097
0.057,0.291645932429794,0.0650258834643731,-0.362011365248448,0.492063132177195,0.0530761665577008,-0.132670676518957,0.238823009634359
0.058,0.291693209789382,0.0659350024908342,-0.361005143811706,0.492875148793375,0.0537121277732112,-0.133055838135872,0.240480093682295
0.059,0.291443784299356,0.0668441215172953,-0.359999119800473,0.493687362835064,0.0543499104444689,-0.133450316547779,0.242150137436716
0.06,0.290893534405254,0.0677532405437564,-0.358993293349242,0.494499774436755,0.054989512715532,-0.133853849574699,0.243832875005763
0.061,0.290038571279355,0.0686623595702175,-0.357987664592354,0.495312383732789,0.0556309327173233,-0.134266178700338,0.245528044134984
0.062,0.288875246287036,0.0695714785966786,-0.356982233663997,0.496125190857354,0.0562741685676297,-0.134687049120571,0.247235386255831
0.063,0.287400158364869,0.0704805976231397,-0.355977000698205,0.496938195944484,0.0569192183711118,-0.135116209783808,0.248954646526032
0.064,0.285610161302673,0.0713897166496008,-0.354971965828856,0.497751399128057,0.0575660802193125,-0.135553413423662,0.250685573862287
0.065,0.28350237092163,0.0722988356760619,-0.353967129189674,0.498564800541797,0.0582147521906587,-0.13599841658435,0.252427920965667
0.066,0.281074172140526,0.073207954702523,-0.352962490914226,0.499378400319272,0.0588652323504742,-0.136450979639267,0.254181444340215
0.067,0.278323225922072,0.0741170737289841,-0.351958051135922,0.50019219859389,0.05951751875098,-0.13691086680313,0.25594590430509
0.068,0.275247476091181,0.0750261927554452,-0.350953809988014,0.501006195498905,0.0601716094313063,-0.137377846138078,0.25772106500069
0.069,0.27184515601703,0.0759353117819063,-0.349949767603596,0.501820391167409,0.0608275024174972,-0.137851689554145,0.259506694389139
0.07,0.268114795150621,0.0768444308083674,-0.348945924115601,0.502634785732336,0.0614851957225193,-0.138332172804465,0.261302564249503
0.071,0.26405522540952,0.0777535498348285,-0.347942279656802,0.50344937932646,0.0621446873462685,-0.138819075475582,0.263108450168119
0.072,0.259665587401376,0.0786626688612896,-0.346938834359813,0.504264172082392,0.062805975275577,-0.139312180973199,0.264924131524353
0.073,0.254945336477743,0.0795717878877507,-0.345935588357082,0.505079164132583,0.063469057484222,-0.139811276503722,0.266749391472166
0.074,0.249894248609677,0.0804809069142118,-0.344932541780897,0.505894355609321,0.0641339319329329,-0.140316153051906,0.268584016917772
0.075,0.244512426076536,0.0813900259406729,-0.343929694763383,0.506709746644729,0.0648005965693998,-0.140826605354931,0.27042779849373
0.076,0.23880030295932,0.082299144967134,-0.342927047436499,0.507525337370767,0.0654690493282805,-0.141342431873172,0.272280530529733
0.077,0.232758650429865,0.0832082639935951,-0.34192459993204,0.50834112791923,0.0661392881312104,-0.141863434757977,0.274142011020398
0.078,0.226388581827142,0.0841173830200562,-0.340922352381634,0.509157118421747,0.066811310886809,-0.14238941981671,0.276012041590328
0.079,0.219691557511874,0.0850265020465173,-0.339920304916744,0.509973309009778,0.0674851154906891,-0.142920196475293,0.277890427456672
0.08,0.212669389490621,0.0859356210729784,-0.338918457668662,0.510789699814619,0.0681606998254661,-0.143455577738521,0.279776977389453
0.081,0.205324245800469,0.0868447400994395,-0.337916810768516,0.511606290967395,0.0688380617607653,-0.143995380148356,0.281671503669886
0.082,0.197658654645415,0.0877538591259006,-0.336915364347261,0.512423082599062,0.0695171991532333,-0.144539423740417,0.283573822046883
0.083,0.189675508275487,0.0886629781523617,-0.335914118535686,0.513240074840409,0.0701981098465432,-0.145087531998889,0.285483751691975
0.084,0.181378066599646,0.0895720971788228,-0.334913073464405,0.514057267822051,0.0708807916714068,-0.145639531810004,0.287401115152817
0.085,0.172769960523464,0.0904812162052839,-0.333912229263863,0.514874661674431,0.0715652424455812,-0.146195253414314,0.289325738305476
0.086,0.163855195002569,0.091390335231745,-0.332911586064334,0.515692256527823,0.0722514599738843,-0.146754530357906,0.291257450305675
0.087,0.154638151802826,0.0922994542582061,-0.331911143995914,0.516510052512326,0.0729394420481952,-0.147317199442712,0.293196083539102
0.088,0.145123591958205,0.0932085732846672,-0.33091090318853,0.517328049757864,0.0736291864474687,-0.147883100676067,0.295141473571005
0.089,0.135316657917313,0.0941176923111283,-0.329910863771931,0.518146248394187,0.0743206909377477,-0.148452077219666,0.297093459095161
0.09,0.125222875369522,0.0950268113375893,-0.328911025875692,0.518964648550871,0.0750139532721683,-0.149023975338021,0.299051881882358
0.091,0.114848154741675,0.0959359303640504,-0.327911389629212,0.519783250357313,0.0757089711909724,-0.149598644346565,0.301016586728509
0.092,0.104198792356324,0.0968450493905115,-0.326911955161712,0.520602053942735,0.0764057424215162,-0.150175936559494,0.302987421402527
0.093,0.093281471242513,0.0977541684169726,-0.325912722602234,0.521421059436179,0.0771042646782813,-0.150755707237468,0.304964236594031
0.094,0.0821032615900987,0.0986632874434337,-0.324913692079642,0.52224026696651,0.0778045356628874,-0.151337814535232,0.306946885861007
0.095,0.0706716208386783,0.0995724064698948,-0.323914863722623,0.523059676662412,0.0785065530641,-0.151922119449306,0.308935225577506
0.096,0.0589943933921923,0.100481525496356,-0.322916237659679,0.52387928865239,0.0792103145578397,-0.152508485765747,0.310929114881427
0.097,0.0470798099503452,0.101390644522817,-0.321917814019133,0.524699103064767,0.0799158178071976,-0.153096780008129,0.312928415622524
0.098,0.0349364864480237,0.102299763549278,-0.320919592929128,0.525519120027684,0.0806230604624421,-0.15368687138575,0.314932992310634
0.099,0.0225734225939661,0.103208882575739,-0.31992157451762,0.526339339669099,0.0813320401610337,-0.154278631742177,0.316942712064245
0.1,0.00999999999999969,0.1041180016022,-0.318923758912385,0.527159762116786,0.082042754527632,-0.154871935504151,0.318957444559415
0.101,-0.00277402010775051,0.105027120628661,-0.317926146241013,0.527980387498336,0.0827552011741109,-0.155466659630915,0.320977061979136
0.102,-0.0157384996041863,0.105936239655122,-0.316928736630909,0.528801215941154,0.0834693776995651,-0.156062683564018,0.323001438963149
0.103,-0.0288829266155067,0.106845358681584,-0.315931530209291,0.529622247572458,0.0841852816903306,-0.156659889177622,0.325030452558284
0.104,-0.0421964191126997,0.107754477708045,-0.314934527103191,0.53044348251928,0.0849029107199856,-0.157258160729369,0.32706398216934
0.105,-0.055667728956442,0.108663596734506,-0.313937727439454,0.531264920908466,0.0856222623493698,-0.157857384811818,0.329101909510558
0.106,-0.0692852464014173,0.109572715760967,-0.312941131344736,0.53208656286667,0.0863433341265926,-0.158457450304499,0.331144118557684
0.107,-0.0830370050679428,0.110481834787428,-0.311944738945504,0.53290840852036,0.0870661235870484,-0.159058248326606,0.333190495500702
0.108,-0.0969106873886067,0.111390953813889,-0.310948550368033,0.533730457995811,0.0877906282534256,-0.159659672190356,0.335240928697207
0.109,-0.110893630537457,0.11230007284035,-0.30995256573841,0.53455271141911,0.0885168456357222,-0.160261617355008,0.337295308626453
0.11,-0.124972832849072,0.113209191866811,-0.308956785182528,0.535375168916151,0.0892447732312553,-0.160863981381608,0.339353527844119
0.111,-0.139134960734638,0.114118310893272,-0.30796120882609,0.536197830612634,0.0899744085246751,-0.16146666388842,0.34141548093777
0.112,-0.153366356101938,0.115027429919733,-0.306965836794602,0.537020696634069,0.0907057489879767,-0.162069566507103,0.343481064483057
0.113,-0.167653044285876,0.115936548946195,-0.305970669213381,0.53784376710577,0.0914387920805157,-0.162672592839601,0.345550177000633
0.114,-0.181980742495948,0.116845667972656,-0.304975706207543,0.538667042152855,0.0921735352490176,-0.163275648415786,0.347622718913821
0.115,-0.196334868786718,0.117754786999117,-0.303980947902014,0.539490521900247,0.0929099759275948,-0.163878640651846,0.349698592507036
0.116,-0.21070055155711,0.118663906025578,-0.30298639442152,0.540314206472675,0.0936481115377543,-0.164481478809425,0.351777701884934
0.117,-0.225062639583945,0.119573025052039,-0.30199204589059,0.541138095994668,0.0943879394884182,-0.165084073955505,0.353859952932342
0.118,-0.239405712594839,0.1204821440785,-0.300997902433557,0.541962190590557,0.0951294571759299,-0.165686338923057,0.355945253274917
0.119,-0.25371409238515,0.121391263104961,-0.300003964174552,0.542786490384474,0.0958726619840752,-0.166288188272431,0.358033512240581
0.12,-0.267971854483317,0.122300382131422,-0.299010231237509,0.543610995500353,0.0966175512840904,-0.166889538253506,0.360124640821687
0.121,-0.28216284036843,0.123209501157883,-0.298016703746159,0.544435706061926,0.0973641224346767,-0.167490306768585,0.362218551637938
0.122,-0.296270670243471,0.124118620184344,-0.297023381824035,0.545260622192724,0.0981123727820176,-0.16809041333603,0.364315158900065
0.123,-0.310278756367137,0.125027739210806,-0.296030265594464,0.546085744016075,0.098862299659791,-0.168689779054646,0.366414378374228
0.124,-0.324170316946629,0.125936858237267,-0.295037355180572,0.546911071655105,0.0996139003891823,-0.169288326568779,0.368516127347144
0.125,-0.337928390593274,0.126845977263728,-0.294044650705282,0.547736605232737,0.100367172278903,-0.169885980034166,0.370620324591971
0.126,-0.3515358513422,0.127755096290189,-0.293052152291311,0.548562344871688,0.101122112625197,-0.170482665084485,0.372726890334879
0.127,-0.364975424236715,0.12866421531665,-0.292059860061171,0.54938829069447,0.101878718711866,-0.171078308798613,0.374835746222345
0.128,-0.378229701477325,0.129573334343111,-0.291067774137167,0.550214442823389,0.102636987810277,-0.171672839668614,0.376946815289168
0.129,-0.391281159134678,0.130482453369572,-0.2900758946414,0.551040801380545,0.103396917179378,-0.172266187568386,0.379060021927141
0.13,-0.404112174424931,0.131391572396033,-0.28908422169576,0.551867366487827,0.104158504065715,-0.172858283723016,0.381175291854446
0.131,-0.416705043545291,0.132300691422494,-0.28809275542193,0.552694138266919,0.104921745703449,-0.173449060678798,0.383292552085696
0.132,-0.429042000066635,0.133209810448955,-0.287101495941383,0.553521116839294,0.105686639314365,-0.174038452273923,0.385411730902653
0.133,-0.44110523387926,0.134118929475416,-0.286110443375382,0.554348302326215,0.106453182107892,-0.174626393609826,0.38753275782561
0.134,-0.452876910686887,0.135028048501878,-0.285119597844979,0.555175694848734,0.107221371281119,-0.175212821023156,0.389655563585394
0.135,-0.464339192043094,0.135937167528339,-0.284128959471014,0.556003294527691,0.10799120401881,-0.175797672058411,0.39178008009603
0.136,-0.475474255923328,0.1368462865548,-0.283138528374115,0.556831101483714,0.108762677493416,-0.176380885441163,0.393906240427996
0.137,-0.486264317824618,0.137755405581261,-0.282148304674696,0.557659115837217,0.109535788865099,-0.176962401051923,0.39603397878212
0.138,-0.496691652383966,0.138664524607722,-0.281158288492957,0.558487337708401,0.110310535281739,-0.177542159900584,0.398163230464062
0.139,-0.506738615505252,0.139573643634183,-0.280168479948883,0.559315767217249,0.111086913878956,-0.178120104101463,0.400293931859375
0.14,-0.516387666983292,0.140482762660644,-0.279178879162244,0.560144404483532,0.111864921780127,-0.178696176848921,0.402426020409176
0.141,-0.525621393612384,0.141391881687105,-0.278189486252592,0.560973249626802,0.112644556096398,-0.17927032239355,0.404559434586345
0.142,-0.534422532765395,0.142301000713566,-0.277200301339262,0.561802302766395,0.113425813926701,-0.179842486018908,0.40669411387231
0.143,-0.542773996428046,0.143210119740027,-0.276211324541371,0.562631564021426,0.114208692357778,-0.180412614018803,0.40882999873436
0.144,-0.550658895671634,0.144119238766489,-0.275222555977818,0.563461033510795,0.114993188464188,-0.180980653675119,0.410967030603495
0.145,-0.55806056554593,0.14502835779295,-0.27423399576728,0.564290711353179,0.115779299308331,-0.181546553236143,0.413105151852804
0.146,-0.564962590372479,0.145937476819411,-0.273245644028215,0.565120597667036,0.11656702194046,-0.182110261895426,0.415244305776346
0.147,-0.571348829416907,0.146846595845872,-0.272257500878859,0.565950692570603,0.117356353398704,-0.18267172977113,0.417384436568537
0.148,-0.577203442917198,0.147755714872333,-0.271269566437227,0.566780996181893,0.118147290709077,-0.183230907885865,0.41952548930402
0.149,-0.582510918443218,0.148664833898794,-0.270281840821109,0.567611508618697,0.118939830885507,-0.183787748147013,0.421667409918028
0.15,-0.587256097560976,0.149573952925255,-0.269294324148073,0.568442229998583,0.119733970929843,-0.184342203327512,0.423810145187198
0.151,-0.591424202773325,0.150483071951716,-0.26830701653546,0.569273160438893,0.120529707831877,-0.184894227047098,0.425953642710852
0.152,-0.595000864706954,0.151392190978177,-0.26731991810039,0.570104300056744,0.121327038569362,-0.185443773754007,0.428097850892731
0.153,-0.597972149513587,0.152301310004638,-0.266333028959751,0.570935648969028,0.122125960108032,-0.185990798707091,0.430242718923154
0.154,-0.60032458645138,0.1532104290311,-0.26534634923021,0.571767207292409,0.122926469401614,-0.186535257958388,0.432388196761617
0.155,-0.602045195610508,0.154119548057561,-0.264359879028202,0.572598975143323,0.123728563391853,-0.18707710833609,0.434534235119795
0.156,-0.60312151574489,0.155028667084022,-0.263373618469934,0.573430952637977,0.124532239008526,-0.187616307427924,0.436680785444975
0.157,-0.603541632169932,0.155937786110483,-0.262387567671385,0.574263139892351,0.12533749316946,-0.188152813564941,0.438827799903861
0.158,-0.603294204684082,0.156846905136944,-0.261401726748305,0.575095537022192,0.126144322780556,-0.188686585805676,0.440975231366789
0.159,-0.60236849546985,0.157756024163405,-0.260416095816209,0.575928144143019,0.126952724735801,-0.189217583920708,0.443123033392311
0.16,-0.600754396927788,0.158665143189866,-0.259430674990383,0.576760961370115,0.127762695917294,-0.189745768377571,0.445271160212158
0.161,-0.598442459394792,0.159574262216327,-0.258445464385881,0.577593988818536,0.128574233195255,-0.190271100326047,0.447419566716556
0.162,-0.595423918695876,0.160483381242788,-0.257460464117522,0.578427226603099,0.129387333428052,-0.190793541583799,0.449568208439904
0.163,-0.591690723476425,0.161392500269249,-0.256475674299893,0.579260674838392,0.130201993462224,-0.191313054622346,0.451717041546794
0.164,-0.587235562259743,0.16230161929571,-0.255491095047343,0.580094333638764,0.131018210132485,-0.191829602553394,0.453866022818365
0.165,-0.582051890172571,0.163210738322172,-0.254506726473988,0.580928203118331,0.13183598026176,-0.192343149115472,0.456015109638993
0.166,-0.576133955279104,0.164119857348633,-0.253522568693706,0.581762283390972,0.132655300661194,-0.192853658660903,0.458164259983291
0.167,-0.569476824461963,0.165028976375094,-0.25253862182014,0.582596574570327,0.133476168130178,-0.193361096143085,0.46031343240344
0.168,-0.562076408786478,0.165938095401555,-0.251554885966691,0.583431076769801,0.134298579456361,-0.193865427104078,0.462462586016801
0.169,-0.553929488282702,0.166847214428016,-0.250571361246525,0.584265790102557,0.135122531415683,-0.194366617662478,0.464611680493843
0.17,-0.545033736077574,0.167756333454477,-0.249588047772567,0.585100714681521,0.135948020772378,-0.194864634501599,0.466760676046355
0.171,-0.535387741807837,0.168665452480938,-0.2486049456575,0.585935850619377,0.136775044279011,-0.195359444857926,0.468909533415948
0.172,-0.524991034242559,0.169574571507399,-0.247622055013769,0.586771198028567,0.137603598676486,-0.195851016509846,0.471058213862818
0.173,-0.513844103042402,0.17048369053386,-0.246639375953574,0.587606757021295,0.138433680694072,-0.19633931776665,0.473206679154795
0.174,-0.501948419581308,0.171392809560321,-0.245656908588874,0.588442527709517,0.139265287049424,-0.196824317457799,0.475354891556648
0.175,-0.489306456754814,0.172301928586783,-0.244674653031385,0.58927851020495,0.140098414448601,-0.197305984922441,0.477502813819643
0.176,-0.475921707698013,0.173211047613244,-0.243692609392576,0.590114704619063,0.140933059586086,-0.197784289999187,0.479650409171359
0.177,-0.461798703335023,0.174120166639705,-0.242710777783673,0.590951111063082,0.141769219144814,-0.198259203016113,0.481797641305741
0.178,-0.446943028681017,0.175029285666166,-0.241729158315656,0.591787729647988,0.142606889796182,-0.198730694781025,0.48394447437339
0.179,-0.431361337817079,0.175938404692627,-0.240747751099258,0.592624560484512,0.143446068200083,-0.199198736571932,0.486090872972098
0.18,-0.415061367457729,0.176847523719088,-0.239766556244965,0.593461603683141,0.144286751004913,-0.19966330012776,0.488236802137586
0.181,-0.398051949030685,0.177756642745549,-0.238785573863014,0.594298859354112,0.145128934847606,-0.200124357639276,0.490382227334489
0.182,-0.380343019188445,0.17866576177201,-0.237804804063393,0.595136327607414,0.145972616353647,-0.200581881740235,0.492527114447528
0.183,-0.36194562867155,0.179574880798471,-0.236824246955841,0.595974008552784,0.146817792137094,-0.201035845498729,0.494671429772917
0.184,-0.342871949443937,0.180483999824932,-0.235843902649847,0.596811902299712,0.147664458800605,-0.201486222408747,0.496815140009958
0.185,-0.323135280021684,0.181393118851393,-0.234863771254646,0.597650008957433,0.148512612935456,-0.20193298638193,0.498958212252842
0.186,-0.302750048917614,0.182302237877855,-0.233883852879224,0.598488328634933,0.149362251121562,-0.202376111739517,0.501100613982641
0.187,-0.281731816125776,0.183211356904316,-0.232904147632312,0.599326861440943,0.150213369927503,-0.202815573204486,0.503242313059492
0.188,-0.260097272571683,0.184120475930777,-0.231924655622388,0.600165607483942,0.151065965910542,-0.20325134589388,0.505383277714964
0.189,-0.23786423745646,0.185029594957238,-0.230945376957677,0.601004566872152,0.15192003561665,-0.203683405311305,0.507523476544604
0.19,-0.215051653425673,0.185938713983699,-0.229966311746146,0.601843739713544,0.152775575580529,-0.204111727339606,0.509662878500664
0.191,-0.191679579496648,0.18684783301016,-0.228987460095509,0.602683126115829,0.153632582325632,-0.204536288233724,0.511801452884988
0.192,-0.167769181681545,0.187756952036621,-0.228008822113221,0.603522726186463,0.154491052364189,-0.204957064613705,0.513939169342083
0.193,-0.14334272124727,0.188666071063082,-0.22703039790648,0.604362540032645,0.155350982197226,-0.20537403345788,0.516075997852331
0.194,-0.118423540557643,0.189575190089543,-0.226052187582228,0.605202567761314,0.15621236831459,-0.2057871720962,0.518211908725381
0.195,-0.0930360464479148,0.190484309116004,-0.225074191247144,0.606042809479153,0.157075207194975,-0.206196458203726,0.520346872593676
0.196,-0.0672056910869026,0.191393428142466,-0.224096409007651,0.606883265292582,0.157939495305939,-0.206601869794275,0.522480860406153
0.197,-0.0409589502876089,0.192302547168927,-0.223118840969909,0.607723935307762,0.158805229103931,-0.207003385214202,0.524613843422064
0.198,-0.0143232992332107,0.193211666195388,-0.222141487239817,0.608564819630593,0.159672405034315,-0.207400983136334,0.526745793204964
0.199,0.0126728144082215,0.194120785221849,-0.221164347923014,0.609405918366712,0.160541019531393,-0.207794642554039,0.528876681616826
0.2,0.0399999999999998,0.19502990424831,-0.220187423124874,0.610247231621494,0.161411069018428,-0.208184342775437,0.531006480812292
0.201,0.067627956096514,0.195939023274771,-0.219210712950507,0.611088759500049,0.162282549907664,-0.208570063417735,0.533135163233064
0.202,0.0955255052510194,0.196848142301232,-0.21823421750476,0.611930502107225,0.163155458600361,-0.208951784401696,0.535262701602418
0.203,0.123660631468083,0.197757261327693,-0.217257936892216,0.612772459547602,0.164029791486806,-0.209329485946237,0.537389068919849
0.204,0.152000520288724,0.198666380354154,-0.216281871217189,0.613614631925498,0.164905544946344,-0.209703148563149,0.539514238455838
0.205,0.180511601487457,0.199575499380615,-0.215306020583729,0.61445701934496,0.165782715347403,-0.210072753051927,0.541638183746733
0.206,0.20915959435123,0.200484618407077,-0.214330385095617,0.61529962190977,0.166661299047517,-0.21043828049473,0.543760878589763
0.207,0.2379095555008,0.201393737433538,-0.213354964856368,0.616142439723443,0.167541292393346,-0.210799712251457,0.545882297038149
0.208,0.266725929205294,0.202302856459999,-0.212379759969225,0.616985472889222,0.16842269172071,-0.211157029954915,0.548002413396335
0.209,0.295572600130761,0.20321197548646,-0.211404770537163,0.617828721510083,0.169305493354603,-0.21151021550612,0.550121202215327
0.21,0.324412948453327,0.204121094512921,-0.210429996662889,0.61867218568873,0.170189693609226,-0.211859251069686,0.552238638288137
0.211,0.353209907257243,0.205030213539382,-0.209455438448834,0.619515865527598,0.17107528878801,-0.212204119069321,0.554354696645341
0.212,0.381926022127723,0.205939332565843,-0.208481095997161,0.620359761128847,0.171962275183639,-0.212544802183436,0.556469352550713
0.213,0.410523512837969,0.206848451592304,-0.207506969409758,0.621203872594367,0.172850649078074,-0.212881283340835,0.558582581496984
0.214,0.438964337019341,0.207757570618765,-0.206533058788243,0.622048200025773,0.173740406742584,-0.213213545716512,0.56069435920168
0.215,0.467210255693201,0.208666689645226,-0.205559364233955,0.622892743524408,0.174631544437765,-0.213541572727536,0.562804661603067
0.216,0.495222900532704,0.209575808671687,-0.204585885847962,0.623737503191337,0.175524058413572,-0.213865348029029,0.564913464856172
0.217,0.522963842712669,0.210484927698149,-0.203612623731055,0.624582479127352,0.176417944909337,-0.214184855510239,0.567020745328912
0.218,0.550394663195798,0.21139404672461,-0.202639577983748,0.625427671432968,0.1773132001538,-0.214500079290688,0.569126479598289
0.219,0.577477024293956,0.212303165751071,-0.20166674870628,0.626273080208422,0.178209820365135,-0.214811003716416,0.571230644446687
0.22,0.604172742334033,0.213212284777532,-0.200694135998611,0.627118705553674,0.179107801750973,-0.2151176133563,0.573333216858245
0.221,0.630443861249105,0.214121403803993,-0.199721739960421,0.627964547568406,0.180007140508431,-0.215419892998454,0.575434174015316
0.222,0.656252726907385,0.215030522830454,-0.198749560691112,0.62881060635202,0.180907832824134,-0.215717827646719,0.577533493294988
0.223,0.681562061983739,0.215939641856915,-0.197777598289807,0.629656882003638,0.181809874874247,-0.216011402517215,0.57963115226571
0.224,0.706335041171448,0.216848760883376,-0.196805852855348,0.6305033746221,0.182713262824496,-0.216300603034975,0.581727128683967
0.225,0.730535366525527,0.217757879909837,-0.195834324486293,0.631350084305968,0.1836179928302,-0.216585414830648,0.583821400491048
0.226,0.754127342723261,0.218666998936298,-0.19486301328092,0.632197011153517,0.18452406103629,-0.216865823737288,0.585913945809868
0.227,0.777075952022777,0.21957611796276,-0.193891919337225,0.633044155262744,0.185431463577344,-0.217141815787188,0.588004742941876
0.228,0.799346928696487,0.220485236989221,-0.192921042752917,0.633891516731359,0.186340196577607,-0.217413377208809,0.590093770364023
0.229,0.820906832713194,0.221394356015682,-0.191950383625424,0.634739095656788,0.187250256151027,-0.217680494423745,0.592181006725798
0.23,0.841723122440471,0.222303475042143,-0.190979942051887,0.635586892136173,0.188161638401267,-0.217943154043793,0.594266430846326
0.231,0.861764226137872,0.223212594068604,-0.190009718129162,0.63643490626637,0.189074339421747,-0.218201342868043,0.596350021711537
0.232,0.880999612011347,0.224121713095065,-0.189039711953817,0.637283138143947,0.189988355295669,-0.218455047880055,0.598431758471393
0.233,0.899399856600265,0.225030832121526,-0.188069923622134,0.638131587865187,0.19090368209603,-0.218704256245103,0.600511620437164
0.234,0.916936711270409,0.225939951147987,-0.187100353230108,0.638980255526082,0.191820315885673,-0.218948955307449,0.602589587078795
0.235,0.933583166589479,0.226849070174448,-0.186131000873442,0.639829141222338,0.192738252717291,-0.219189132587707,0.604665638022288
0.236,0.949313514365814,0.227758189200909,-0.185161866647553,0.640678245049371,0.193657488633473,-0.219424775780237,0.606739753047182
0.237,0.964103407136394,0.22866730822737,-0.184192950647565,0.641527567102306,0.19457801966672,-0.219655872750613,0.608811912084053
0.238,0.977929914896564,0.229576427253832,-0.183224252968314,0.642377107475978,0.195499841839481,-0.21988241153313,0.610882095212091
0.239,0.990771578871445,0.230485546280293,-0.182255773704343,0.643226866264928,0.196422951164176,-0.220104380328371,0.612950282656723
0.24,1.00260846213747,0.231394665306754,-0.181287512949901,0.644076843563408,0.197347343643225,-0.22032176750083,0.615016454787279
0.241,1.01342219691215,0.232303784333215,-0.180319470798947,0.644927039465376,0.198273015269077,-0.22053456157657,0.617080592114724
0.242,1.02319602834055,0.233212903359676,-0.179351647345144,0.645777454064496,0.199199962024238,-0.220742751240946,0.619142675289423
0.243,1.03191485461866,0.234122022386137,-0.178384042681862,0.646628087454136,0.200128179881302,-0.22094632533636,0.621202685098963
0.244,1.03956526330603,0.235031141412598,-0.177416656902175,0.647478939727371,0.201057664802973,-0.221145272860077,0.623260602466023
0.245,1.04613556369323,0.235940260439059,-0.176449490098862,0.64833001097698,0.201988412742102,-0.221339582962078,0.625316408446281
0.246,1.05161581510381,0.23684937946552,-0.175482542364404,0.649181301295445,0.202920419641708,-0.221529244942957,0.627370084226374
0.247,1.05599785102489,0.237758498491981,-0.174515813790987,0.65003281077495,0.203853681435014,-0.221714248251868,0.629421611121897
0.248,1.05927529897573,0.238667617518443,-0.173549304470498,0.650884539507383,0.204788194045471,-0.221894582484505,0.631470970575447
0.249,1.06144359603958,0.239576736544904,-0.172583014494524,0.651736487584331,0.205723953386787,-0.222070237381131,0.633518144154704
0.25,1.0625,0.240485855571365,-0.171616943954354,0.652588655097083,0.206660955362961,-0.222241202824642,0.635563113550563
0.251,1.06244359603959,0.241394974597826,-0.170651092940977,0.653441042136629,0.207599195868305,-0.22240746883868,0.63760586057529
0.252,1.06127529897573,0.242304093624287,-0.169685461545082,0.654293648793656,0.208538670787483,-0.222569025585767,0.639646367160734
0.253,1.05899785102489,0.243213212650748,-0.168720049857055,0.655146475158551,0.20947937599553,-0.222725863365498,0.641684615356558
0.254,1.05561581510381,0.244122331677209,-0.167754857966981,0.655999521321399,0.210421307357888,-0.222877972612754,0.64372058732853
0.255,1.05113556369323,0.24503145070367,-0.166789885964642,0.656852787371982,0.211364460730436,-0.223025343895955,0.645754265356827
0.256,1.04556526330603,0.245940569730131,-0.165825133939515,0.657706273399778,0.212308831959518,-0.223167967915358,0.647785631834394
0.257,1.03891485461866,0.246849688756592,-0.164860601980777,0.658559979493961,0.21325441688197,-0.223305835501379,0.649814669265319
0.258,1.03119602834055,0.247758807783054,-0.163896290177295,0.659413905743402,0.214201211325156,-0.223438937612945,0.651841360263257
0.259,1.02242219691215,0.248667926809515,-0.162932198617634,0.660268052236663,0.215149211106994,-0.223567265335897,0.653865687549884
0.26,1.01260846213747,0.249577045835976,-0.161968327390052,0.661122419062003,0.216098412035988,-0.223690809881401,0.655887633953377
0.261,1.00177157887145,0.250486164862437,-0.161004676582499,0.661977006307373,0.217048809911258,-0.223809562584414,0.657907182406929
0.262,0.989929914896565,0.251395283888898,-0.160041246282619,0.662831814060415,0.218000400522569,-0.22392351490216,0.659924315947299
0.263,0.977103407136394,0.252304402915359,-0.159078036577748,0.663686842408466,0.218953179650363,-0.224032658412656,0.661939017713381
0.264,0.963313514365814,0.25321352194182,-0.158115047554911,0.664542091438551,0.219907143065791,-0.224136984813243,0.663951270944826
0.265,0.948583166589479,0.254122640968281,-0.157152279300825,0.665397561237387,0.220862286530739,-0.224236485919175,0.665961058980654
0.266,0.932936711270409,0.255031759994742,-0.156189731901897,0.666253251891381,0.221818605797866,-0.224331153662209,0.667968365257941
0.267,0.916399856600265,0.255940879021203,-0.155227405444222,0.667109163486629,0.222776096610626,-0.224420980089238,0.66997317331049
0.268,0.898999612011348,0.256849998047664,-0.154265300013585,0.667965296108914,0.223734754703307,-0.224505957360952,0.671975466767567
0.269,0.880764226137873,0.257759117074126,-0.153303415695457,0.668821649843708,0.224694575801058,-0.22458607775051,0.673975229352625
0.27,0.861723122440472,0.258668236100587,-0.152341752574997,0.669678224776171,0.225655555619921,-0.224661333642253,0.675972444882095
0.271,0.841906832713193,0.259577355127048,-0.151380310737051,0.670535020991147,0.226617689866864,-0.224731717530443,0.67796709726417
0.272,0.821346928696486,0.260486474153509,-0.150419090266151,0.671392038573168,0.227580974239808,-0.224797222018009,0.679959170497624
0.273,0.800075952022776,0.26139559317997,-0.149458091246511,0.672249277606451,0.228545404427663,-0.224857839815336,0.681948648670663
0.274,0.778127342723261,0.262304712206431,-0.148497313762035,0.673106738174897,0.229510976110359,-0.22491356373907,0.683935515959788
0.275,0.755535366525526,0.263213831232892,-0.147536757896305,0.673964420362089,0.230477684958876,-0.22496438671094,0.685919756628692
0.276,0.732335041171447,0.264122950259353,-0.14657642373259,0.674822324251297,0.231445526635274,-0.225010301756618,0.687901355027166
0.277,0.708562061983738,0.265032069285814,-0.145616311353841,0.67568044992547,0.232414496792732,-0.225051302004581,0.689880295590045
0.278,0.684252726907385,0.265941188312275,-0.14465642084269,0.676538797467241,0.233384591075573,-0.225087380685009,0.691856562836155
0.279,0.659443861249105,0.266850307338736,-0.143696752281451,0.677397366958924,0.234355805119296,-0.225118531128708,0.693830141367301
0.28,0.634172742334033,0.267759426365198,-0.142737305752118,0.678256158482514,0.235328134550617,-0.225144746766032,0.695801015867266
0.281,0.608477024293954,0.268668545391659,-0.141778081336366,0.679115172119683,0.236301574987487,-0.225166021125849,0.697769171100824
0.282,0.582394663195796,0.26957766441812,-0.140819079115547,0.679974407951787,0.237276122039139,-0.225182347834509,0.699734591912788
0.283,0.555963842712668,0.270486783444581,-0.139860299170695,0.680833866059857,0.238251771306112,-0.225193720614845,0.701697263227069
0.284,0.529222900532703,0.271395902471042,-0.138901741582519,0.681693546524603,0.239228518380282,-0.225200133285184,0.703657170045749
0.285,0.502210255693199,0.272305021497503,-0.137943406431408,0.682553449426414,0.240206358844903,-0.225201579758379,0.705614297448185
0.286,0.47496433701934,0.273214140523964,-0.136985293797426,0.683413574845355,0.241185288274632,-0.225198054040858,0.707568630590122
0.287,0.447523512837969,0.274123259550425,-0.136027403760315,0.684273922861165,0.242165302235564,-0.225189550231696,0.709520154702824
0.288,0.419926022127722,0.275032378576886,-0.135069736399489,0.685134493553262,0.243146396285269,-0.225176062521694,0.711468855092231
0.289,0.392209907257241,0.275941497603347,-0.134112291794041,0.685995287000736,0.244128565972817,-0.225157585192489,0.713414717138123
0.29,0.364412948453325,0.276850616629809,-0.133155070022737,0.686856303282354,0.245111806838819,-0.225134112615666,0.715357726293305
0.291,0.33657260013076,0.27775973565627,-0.132198071164015,0.687717542476554,0.246096114415455,-0.225105639251898,0.717297868082808
0.292,0.308725929205293,0.278668854682731,-0.131241295295988,0.68857900466145,0.247081484226512,-0.225072159650092,0.719235128103115
0.293,0.280909555500799,0.279577973709192,-0.130284742496441,0.689440689914825,0.248067911787411,-0.22503366844656,0.721169492021381
0.294,0.253159594351229,0.280487092735653,-0.12932841284283,0.690302598314136,0.249055392605247,-0.224990160364198,0.723100945574692
0.295,0.225511601487456,0.281396211762114,-0.128372306412284,0.691164729936512,0.250043922178816,-0.224941630211688,0.725029474569321
0.296,0.198000520288724,0.282305330788575,-0.127416423281601,0.692027084858751,0.251033495998658,-0.224888072882701,0.726955064880017
0.297,0.170660631468083,0.283214449815036,-0.126460763527248,0.692889663157321,0.252024109547079,-0.224829483355129,0.728877702449287
0.298,0.143525505251018,0.284123568841497,-0.125505327225366,0.69375246490836,0.253015758298197,-0.224765856690321,0.730797373286715
0.299,0.116627956096512,0.285032687867958,-0.124550114451759,0.694615490187675,0.254008437717964,-0.224697188032342,0.732714063468271
0.3,0.0899999999999988,0.28594180689442,-0.123595125281902,0.695478739070742,0.255002143264209,-0.224623472607235,0.734627759135654
0.301,0.0636728144082205,0.286850925920881,-0.12264035979094,0.696342211632701,0.25599687038667,-0.2245447057223,0.736538446495639
0.302,0.0376767007667883,0.287760044947342,-0.12168581805368,0.697205907948364,0.256992614527023,-0.224460882765393,0.73844611181944
0.303,0.0120410497123902,0.288669163973803,-0.120731500144599,0.698069828092205,0.257989371118927,-0.224371999204224,0.740350741442079
0.304,-0.0132056910869027,0.289578283000264,-0.119777406137839,0.698933972138367,0.258987135588044,-0.224278050585686,0.742252321761774
0.305,-0.0380360464479149,0.290487402026725,-0.118823536107207,0.699798340160657,0.259985903352088,-0.224179032535169,0.744150839239346
0.306,-0.0624235405576436,0.291396521053186,-0.117869890126173,0.700662932232545,0.260985669820849,-0.224074940755922,0.74604628039762
0.307,-0.0863427212472717,0.292305640079647,-0.116916468267875,0.701527748427169,0.261986430396233,-0.223965771028386,0.747938631820852
0.308,-0.109769181681546,0.293214759106108,-0.115963270605111,0.702392788817327,0.262988180472294,-0.223851519209574,0.749827880154163
0.309,-0.132679579496649,0.294123878132569,-0.115010297210343,0.703258053475482,0.263990915435272,-0.223732181232445,0.751714012102988
0.31,-0.155051653425673,0.295032997159031,-0.114057548155695,0.704123542473756,0.264994630663623,-0.22360775310528,0.753597014432526
0.311,-0.176864237456461,0.295942116185492,-0.113105023512954,0.704989255883937,0.265999321528059,-0.223478230911098,0.755476873967216
0.312,-0.198097272571683,0.296851235211953,-0.112152723353567,0.705855193777472,0.26700498339158,-0.223343610807049,0.757353577590209
0.313,-0.218731816125776,0.297760354238414,-0.111200647748642,0.706721356225469,0.268011611609511,-0.223203889023839,0.75922711224286
0.314,-0.238750048917614,0.298669473264875,-0.110248796768946,0.707587743298696,0.269019201529535,-0.223059061865159,0.761097464924229
0.315,-0.258135280021685,0.299578592291336,-0.109297170484907,0.708454355067579,0.27002774849173,-0.222909125707122,0.762964622690583
0.316,-0.276871949443938,0.300487711317797,-0.108345768966611,0.709321191602205,0.271037247828605,-0.222754076997714,0.764828572654924
0.317,-0.294945628671551,0.301396830344258,-0.107394592283803,0.710188252972319,0.272047694865132,-0.222593912256247,0.76668930198651
0.318,-0.312343019188446,0.302305949370719,-0.106443640505885,0.711055539247323,0.273059084918785,-0.222428628072832,0.768546797910403
0.319,-0.329051949030686,0.30321506839718,-0.105492913701916,0.711923050496277,0.274071413299576,-0.222258221107851,0.770401047707004
0.32,-0.34506136745773,0.304124187423642,-0.104542411940613,0.712790786787896,0.275084675310089,-0.222082688091443,0.77225203871162
0.321,-0.36036133781708,0.305033306450103,-0.103592135290347,0.713658748190553,0.276098866245513,-0.221902025822997,0.774099758314023
0.322,-0.374943028681017,0.305942425476564,-0.102642083819148,0.714526934772275,0.277113981393684,-0.221716231170661,0.775944193958028
0.323,-0.388798703335023,0.306851544503025,-0.101692257594697,0.715395346600746,0.278130016035116,-0.221525301070843,0.777785333141076
0.324,-0.401921707698013,0.307760663529486,-0.100742656684331,0.716263983743303,0.279146965443043,-0.221329232527735,0.77962316341382
0.325,-0.414306456754815,0.308669782555947,-0.0997932811550425,0.717132846266936,0.280164824883446,-0.221128022612841,0.781457672379733
0.326,-0.425948419581308,0.309578901582408,-0.0988441310734753,0.718001934238292,0.281183589615096,-0.220921668464516,0.783288847694707
0.327,-0.436844103042401,0.310488020608869,-0.097895206505927,0.718871247723665,0.282203254889588,-0.220710167287497,0.785116677066674
0.328,-0.446991034242558,0.31139713963533,-0.096946507518347,0.719740786789007,0.283223815951381,-0.220493516352465,0.786941148255228
0.329,-0.456387741807836,0.312306258661791,-0.0959980341763369,0.720610551499919,0.284245268037828,-0.220271712995597,0.788762249071254
0.33,-0.465033736077573,0.313215377688252,-0.0950497865451492,0.721480541921654,0.285267606379218,-0.220044754618136,0.790579967376572
0.331,-0.472929488282701,0.314124496714713,-0.0941017646896873,0.722350758119114,0.286290826198806,-0.21981263868596,0.792394291083572
0.332,-0.480076408786477,0.315033615741175,-0.0931539686745048,0.723221200156854,0.28731492271286,-0.21957536272916,0.794205208154879
0.333,-0.486476824461962,0.315942734767636,-0.0922063985638048,0.724091868099076,0.288339891130687,-0.219332924341631,0.796012706603006
0.334,-0.492133955279104,0.316851853794097,-0.0912590544214397,0.724962762009633,0.289365726654679,-0.219085321180664,0.797816774490021
0.335,-0.497051890172571,0.317760972820558,-0.0903119363109102,0.725833881952026,0.290392424480339,-0.218832550966544,0.799617399927222
0.336,-0.501235562259743,0.318670091847019,-0.0893650442953654,0.726705227989403,0.291419979796332,-0.218574611482158,0.801414571074823
0.337,-0.504690723476425,0.31957921087348,-0.0884183784376019,0.727576800184562,0.29244838778451,-0.218311500572608,0.803208276141627
0.338,-0.507423918695876,0.320488329899941,-0.0874719388000633,0.728448598599946,0.293477643619952,-0.218043216144827,0.804998503384731
0.339,-0.509442459394792,0.321397448926402,-0.0865257254448397,0.729320623297644,0.294507742471009,-0.217769756167209,0.806785241109227
0.34,-0.510754396927788,0.322306567952863,-0.0855797384336676,0.730192874339394,0.295538679499328,-0.21749111866924,0.808568477667895
0.341,-0.51136849546985,0.323215686979324,-0.0846339778279285,0.731065351786577,0.296570449859901,-0.217207301741127,0.810348201460929
0.342,-0.511294204684083,0.324124806005786,-0.0836884436886495,0.731938055700221,0.297603048701096,-0.216918303533454,0.812124400935645
0.343,-0.510541632169932,0.325033925032247,-0.082743136076502,0.732810986140995,0.298636471164695,-0.21662412225682,0.813897064586211
0.344,-0.50912151574489,0.325943044058708,-0.0817980550518013,0.733684143169217,0.299670712385936,-0.216324756181499,0.815666180953371
0.345,-0.507045195610508,0.326852163085169,-0.0808532006745064,0.734557526844844,0.300705767493545,-0.216020203637095,0.817431738624186
0.346,-0.504324586451379,0.32776128211163,-0.0799085730042195,0.735431137227479,0.301741631609776,-0.215710463012213,0.819193726231765
0.347,-0.500972149513587,0.328670401138091,-0.0789641721001851,0.736304974376367,0.30277829985045,-0.215395532754124,0.820952132455024
0.348,-0.497000864706954,0.329579520164552,-0.0780199980212904,0.737179038350395,0.303815767324991,-0.215075411368446,0.822706946018427
0.349,-0.492424202773325,0.330488639191013,-0.0770760508260632,0.73805332920809,0.304854029136464,-0.214750097418818,0.824458155691746
0.35,-0.487256097560976,0.331397758217474,-0.0761323305726734,0.738927847007622,0.305893080381614,-0.21441958952659,0.826205750289819
0.351,-0.481510918443218,0.332306877243935,-0.0751888373189311,0.739802591806802,0.306932916150906,-0.214083886370515,0.827949718672326
0.352,-0.475203442917198,0.333215996270396,-0.0742455711222867,0.74067756366308,0.307973531528555,-0.213742986686438,0.829690049743548
0.353,-0.468348829416907,0.334125115296858,-0.0733025320398299,0.741552762633545,0.309014921592575,-0.213396889267004,0.831426732452153
0.354,-0.460962590372479,0.335034234323319,-0.0723597201282906,0.742428188774928,0.310057081414809,-0.213045592961355,0.833159755790974
0.355,-0.45306056554593,0.33594335334978,-0.0714171354440365,0.743303842143596,0.311100006060975,-0.212689096674844,0.834889108796793
0.356,-0.444658895671634,0.336852472376241,-0.070474778043074,0.744179722795556,0.312143690590692,-0.212327399368747,0.836614780550132
0.357,-0.435773996428047,0.337761591402702,-0.0695326479810475,0.745055830786452,0.313188130057534,-0.211960500059982,0.838336760175049
0.358,-0.426422532765395,0.338670710429163,-0.0685907453132386,0.745932166171565,0.314233319509055,-0.211588397820829,0.840055036838939
0.359,-0.416621393612384,0.339579829455624,-0.0676490700945657,0.746808729005814,0.315279253986838,-0.211211091778659,0.841769599752335
0.36,-0.406387666983292,0.340488948482085,-0.0667076223795842,0.747685519343755,0.316325928526525,-0.210828581115662,0.843480438168712
0.361,-0.395738615505252,0.341398067508546,-0.065766402222485,0.748562537239578,0.317373338157862,-0.210440865068585,0.845187541384309
0.362,-0.384691652383966,0.342307186535007,-0.0648254096770947,0.74943978274711,0.318421477904734,-0.210047942928469,0.846890898737936
0.363,-0.373264317824618,0.343216305561469,-0.0638846447968751,0.750317255919812,0.319470342785206,-0.209649814040387,0.848590499610799
0.364,-0.361474255923328,0.34412542458793,-0.062944107634923,0.751194956810782,0.320519927811563,-0.209246477803197,0.850286333426324
0.365,-0.349339192043094,0.345034543614391,-0.0620037982439689,0.752072885472751,0.321570227990343,-0.208837933669294,0.851978389649979
0.366,-0.336876910686888,0.345943662640852,-0.0610637166763776,0.752951041958081,0.322621238322384,-0.208424181144349,0.853666657789117
0.367,-0.32410523387926,0.346852781667313,-0.0601238629841469,0.753829426318773,0.323672953802856,-0.208005219787089,0.855351127392801
0.368,-0.311042000066635,0.347761900693774,-0.059184237218908,0.754708038606456,0.324725369421307,-0.207581049209035,0.857031788051649
0.369,-0.297705043545291,0.348671019720235,-0.0582448394319242,0.755586878872395,0.325778480161696,-0.207151669074286,0.858708629397677
0.37,-0.284112174424931,0.349580138746696,-0.0573056696740911,0.756465947167484,0.326832281002434,-0.206717079099273,0.860381641104141
0.371,-0.270281159134678,0.350489257773157,-0.0563667279959361,0.757345243542251,0.327886766916427,-0.206277279052537,0.862050812885391
0.372,-0.256229701477325,0.351398376799618,-0.0554280144476177,0.758224768046855,0.328941932871112,-0.205832268754501,0.863716134496726
0.373,-0.241975424236715,0.35230749582608,-0.0544895290789252,0.759104520731084,0.329997773828497,-0.20538204807725,0.865377595734245
0.374,-0.227535851342201,0.353216614852541,-0.0535512719392787,0.75998450164436,0.331054284745198,-0.204926616944313,0.867035186434709
0.375,-0.212928390593274,0.354125733879002,-0.0526132430777278,0.760864710835731,0.332111460572483,-0.204465975330443,0.86868889647541
0.376,-0.198170316946629,0.355034852905463,-0.0516754425429522,0.761745148353878,0.333169296256312,-0.204000123261407,0.87033871577403
0.377,-0.183278756367137,0.355943971931924,-0.0507378703832604,0.762625814247108,0.334227786737371,-0.203529060813774,0.871984634288515
0.378,-0.168270670243471,0.356853090958385,-0.0498005266465899,0.76350670856336,0.335286926951117,-0.203052788114711,0.873626642016945
0.379,-0.15316284036843,0.357762209984846,-0.0488634113805068,0.764387831350199,0.336346711827814,-0.202571305341783,0.875264728997412
0.38,-0.137971854483317,0.358671329011307,-0.0479265246322049,0.765269182654819,0.33740713629258,-0.202084612722741,0.876898885307902
0.381,-0.122714092385151,0.359580448037768,-0.0469898664485058,0.766150762524042,0.338468195265416,-0.201592710535333,0.878529101066165
0.382,-0.107405712594839,0.360489567064229,-0.0460534368758582,0.767032571004317,0.339529883661254,-0.201095599107105,0.880155366429614
0.383,-0.0920626395839456,0.36139868609069,-0.0451172359603379,0.767914608141719,0.340592196389995,-0.200593278815211,0.881777671595202
0.384,-0.0767005515571095,0.362307805117152,-0.0441812637476469,0.76879687398195,0.34165512835655,-0.200085750086218,0.883396006799319
0.385,-0.0613348687867182,0.363216924143613,-0.0432455202831133,0.769679368570339,0.342718674460878,-0.199573013395925,0.885010362317681
0.386,-0.0459807424959484,0.364126043170074,-0.042310005611691,0.770562091951839,0.343782829598025,-0.199055069269176,0.886620728465225
0.387,-0.0306530442858767,0.365035162196535,-0.0413747197779593,0.771445044171029,0.34484758865817,-0.198531918279671,0.888227095596011
0.388,-0.0153663561019382,0.365944281222996,-0.0404396628261223,0.772328225272114,0.34591294652666,-0.198003561049801,0.889829454103121
0.389,-0.000134960734638617,0.366853400249457,-0.0395048348000087,0.773211635298923,0.346978898084052,-0.197469998250454,0.891427794418558
0.39,0.0150271671509281,0.367762519275918,-0.0385702357430714,0.774095274294908,0.348045438206156,-0.19693123060085,0.893022107013163
0.391,0.0301063694625425,0.368671638302379,-0.0376358656983873,0.774979142303146,0.34911256176407,-0.196387258868372,0.894612382396511
0.392,0.0450893126113927,0.36958075732884,-0.0367017247086566,0.775863239366337,0.350180263624222,-0.195838083868384,0.896198611116829
0.393,0.0599629949320573,0.370489876355301,-0.0357678128162027,0.776747565526806,0.351248538648418,-0.195283706464071,0.897780783760907
0.394,0.0747147535985826,0.371398995381763,-0.0348341300629719,0.777632120826497,0.352317381693872,-0.194724127566273,0.899358890954017
0.395,0.089332271043558,0.372308114408224,-0.0339006764905328,0.77851690530698,0.353386787613254,-0.194159348133318,0.900932923359826
0.396,0.1038035808873,0.373217233434685,-0.0329674521400761,0.779401919009446,0.354456751254725,-0.193589369170867,0.902502871680317
0.397,0.118117073384493,0.374126352461146,-0.0320344570524141,0.780287161974706,0.355527267461984,-0.193014191731746,0.904068726655713
0.398,0.132261500395813,0.375035471487607,-0.0311016912679807,0.781172634243195,0.356598331074303,-0.192433816915797,0.905630479064404
0.399,0.14622597989225,0.375944590514068,-0.030169154826831,0.782058335854967,0.357669936926573,-0.191848245869719,0.907188119722865
0.4,0.16,0.376853709540529,-0.0292368477686401,0.782944266849698,0.358742079849341,-0.191257479786915,0.908741639485598
0.401,0.173573422593967,0.37776282856699,-0.0283047701327044,0.783830427266685,0.359814754668852,-0.190661519907342,0.910291029245047
0.402,0.186936486448024,0.378671947593451,-0.0273729219579397,0.784716817144842,0.360887956207092,-0.190060367517364,0.911836279931548
0.403,0.200079809950346,0.379581066619912,-0.0264413032828818,0.785603436522707,0.361961679281826,-0.189454023949597,0.91337738251325
0.404,0.212994393392193,0.380490185646374,-0.0255099141456859,0.786490285438433,0.363035918706641,-0.188842490582776,0.914914327996058
0.405,0.225671620838679,0.381399304672835,-0.024578754584126,0.787377363929795,0.364110669290986,-0.188225768841602,0.916447107423573
0.406,0.238103261590099,0.382308423699296,-0.0236478246355953,0.788264672034187,0.365185925840216,-0.187603860196601,0.917975711877032
0.407,0.250281471242513,0.383217542725757,-0.0227171243371051,0.789152209788619,0.366261683155629,-0.18697676616399,0.919500132475248
0.408,0.262198792356324,0.384126661752218,-0.0217866537252849,0.790039977229721,0.36733793603451,-0.186344488305536,0.921020360374556
0.409,0.273848154741675,0.385035780778679,-0.0208564128363822,0.79092797439374,0.368414679270172,-0.185707028228419,0.922536386768762
0.41,0.285222875369523,0.38594489980514,-0.0199264017062618,0.791816201316542,0.369491907651996,-0.185064387585097,0.92404820288909
0.411,0.296316657917313,0.386854018831601,-0.0189966203704058,0.792704658033608,0.370569615965475,-0.184416568073177,0.925555800004128
0.412,0.307123591958205,0.387763137858062,-0.0180670688639132,0.793593344580038,0.371647798992255,-0.183763571435276,0.927059169419787
0.413,0.317638151802826,0.388672256884523,-0.0171377472214998,0.794482260990547,0.372726451510172,-0.183105399458902,0.928558302479247
0.414,0.32785519500257,0.389581375910985,-0.0162086554774973,0.795371407299466,0.373805568293299,-0.18244205397632,0.930053190562918
0.415,0.337769960523464,0.390490494937446,-0.0152797936658539,0.796260783540745,0.374885144111985,-0.181773536864423,0.931543825088394
0.416,0.347378066599646,0.391399613963907,-0.0143511618201332,0.797150389747947,0.375965173732899,-0.181099850044614,0.933030197510413
0.417,0.356675508275487,0.392308732990368,-0.0134227599735145,0.79804022595425,0.377045651919067,-0.18042099548268,0.934512299320813
0.418,0.365658654645415,0.393217852016829,-0.0124945881587921,0.79893029219245,0.37812657342992,-0.179736975188664,0.935990122048503
0.419,0.37432424580047,0.39412697104329,-0.0115666464083755,0.799820588494955,0.379207933021326,-0.179047791216758,0.937463657259411
0.42,0.382669389490621,0.395036090069751,-0.0106389347542885,0.800711114893791,0.380289725445646,-0.178353445665174,0.938932896556466
0.421,0.390691557511875,0.395945209096212,-0.00971145322816935,0.801601871420594,0.381371945451764,-0.177653940676025,0.940397831579552
0.422,0.398388581827143,0.396854328122673,-0.00878420186127038,0.802492858106617,0.382454587785132,-0.176949278435219,0.941858454005483
0.423,0.405758650429865,0.397763447149134,-0.00785718068445818,0.803384074982727,0.383537647187812,-0.176239461172338,0.943314755547963
0.424,0.41280030295932,0.398672566175595,-0.00693038972821208,0.804275522079403,0.384621118398523,-0.175524491160523,0.94476672795757
0.425,0.419512426076536,0.399581685202057,-0.00600382902262553,0.805167199426739,0.385704996152675,-0.174804370716367,0.946214363021718
0.426,0.425894248609677,0.400490804228518,-0.00507749859740447,0.80605910705444,0.386789275182415,-0.174079102199802,0.947657652564632
0.427,0.431945336477743,0.401399923254979,-0.00415139848186796,0.806951244991825,0.387873950216668,-0.173348688013991,0.949096588447327
0.428,0.437665587401377,0.40230904228144,-0.00322552870494741,0.807843613267827,0.38895901598118,-0.17261313060522,0.95053116256758
0.429,0.44305522540952,0.403218161307901,-0.00229988929518676,0.808736211910989,0.390044467198563,-0.171872432462787,0.951961366859913
0.43,0.448114795150621,0.404127280334362,-0.00137448028074183,0.809629040949466,0.391130298588329,-0.171126596118903,0.953387193295561
0.431,0.45284515601703,0.405036399360823,-0.000449301689380344,0.810522100411027,0.392216504866941,-0.170375624148586,0.954808633882469
0.432,0.457247476091181,0.405945518387284,0.000475646451518374,0.81141539032305,0.393303080747848,-0.169619519169559,0.956225680665255
0.433,0.461323225922072,0.406854637413745,0.00140036411496369,0.812308910712527,0.394390020941532,-0.168858283842144,0.957638325725209
0.434,0.465074172140526,0.407763756440206,0.00232485127435383,0.813202661606059,0.395477320155552,-0.168091920869162,0.959046561180267
0.435,0.46850237092163,0.408672875466668,0.00324910790347599,0.814096643029859,0.396564973094577,-0.167320432995844,0.960450379184998
0.436,0.471610161302673,0.409581994493129,0.00417313397650693,0.81499085500975,0.397652974460439,-0.166543823009716,0.961849771930595
0.437,0.47440015836487,0.41049111351959,0.00509692946801266,0.815885297571167,0.398741318952171,-0.165762093740516,0.963244731644858
0.438,0.476875246287036,0.411400232546051,0.00602049435294927,0.816779970739152,0.399830001266045,-0.164975248060093,0.964635250592183
0.439,0.479038571279355,0.412309351572512,0.00694382860666243,0.817674874538361,0.400919016095625,-0.164183288882307,0.966021321073557
0.44,0.480893534405254,0.413218470598973,0.00786693220488838,0.818570008993058,0.402008358131797,-0.163386219162948,0.967402935426542
0.441,0.482443784299356,0.414127589625434,0.00878980512375355,0.819465374127115,0.403098022062822,-0.162584041899629,0.968780086025274
0.442,0.483693209789382,0.415036708651895,0.00971244733977489,0.820360969964016,0.404188002574372,-0.161776760131705,0.97015276528045
0.443,0.484645932429794,0.415945827678356,0.0106348588298601,0.821256796526852,0.405278294349576,-0.160964376940176,0.971520965639329
0.444,0.485306298954878,0.416854946704817,0.0115570395713083,0.822152853838326,0.406368892069062,-0.160146895447601,0.972884679585726
0.445,0.485678873658882,0.417764065731278,0.0124789895418092,0.823049141920748,0.407459790410997,-0.159324318818009,0.974243899640003
0.446,0.485768430710733,0.41867318475774,0.0134007087194443,0.823945660796035,0.408550984051131,-0.15849665025681,0.975598618359073
0.447,0.485579946410757,0.419582303784201,0.0143221970826864,0.824842410485715,0.409642467662845,-0.15766389301071,0.9769488283364
0.448,0.485118591396738,0.420491422810662,0.0152434546104003,0.825739391010923,0.410734235917183,-0.156826050367625,0.978294522201992
0.449,0.48438972280655,0.421400541837123,0.0161644812818423,0.826636602392403,0.411826283482904,-0.155983125656597,0.979635692622406
0.45,0.483398876404494,0.422309660863584,0.0170852770766613,0.827534044650507,0.412918605026522,-0.155135122247708,0.980972332300752
0.451,0.482151758678373,0.423218779890045,0.0180058419748979,0.828431717805192,0.414011195212345,-0.154282043552001,0.982304433976692
0.452,0.480654238914242,0.424127898916506,0.0189261759569859,0.829329621876027,0.415104048702525,-0.153423893021396,0.983631990426445
0.453,0.478912341255641,0.425037017942967,0.0198462790037509,0.830227756882184,0.416197160157093,-0.152560674148608,0.984954994462794
0.454,0.476932236754052,0.425946136969428,0.0207661510964116,0.831126122842445,0.417290524234009,-0.151692390467071,0.986273438935089
0.455,0.474720235417156,0.426855255995889,0.0216857922165799,0.832024719775199,0.418384135589198,-0.150819045550857,0.987587316729254
0.456,0.472282778261411,0.42776437502235,0.0226052023462605,0.83292354769844,0.4194779888766,-0.149940643014595,0.988896620767796
0.457,0.469626429375328,0.428673494048812,0.0235243814678514,0.833822606629772,0.420572078748207,-0.1490571865134,0.990201344009813
0.458,0.466757867999709,0.429582613075273,0.0244433295641438,0.834721896586402,0.421666399854108,-0.14816867974279,0.991501479451006
0.459,0.463683880631003,0.430491732101734,0.0253620466183228,0.835621417585145,0.422760946842533,-0.147275126438616,0.992797020123683
0.46,0.460411353153818,0.431400851128195,0.0262805326139668,0.836521169642423,0.423855714359896,-0.146376530376985,0.994087959096777
0.461,0.456947263008509,0.432309970154656,0.0271987875350485,0.837421152774264,0.424950697050835,-0.145472895374184,0.995374289475855
0.462,0.453298671399626,0.433219089181117,0.0281168113659339,0.8383213669963,0.426045889558259,-0.144564225286613,0.99665600440313
0.463,0.44947271555091,0.434128208207578,0.0290346040913838,0.839221812323773,0.427141286523387,-0.143650524010705,0.99793309705748
0.464,0.445476601012383,0.435037327234039,0.0299521656965526,0.840122488771526,0.428236882585795,-0.142731795482866,0.999205560654456
0.465,0.441317594024952,0.4359464462605,0.0308694961669896,0.841023396354011,0.429332672383457,-0.141808043679389,1.0004733884463
0.466,0.437003013947839,0.436855565286961,0.0317865954886382,0.841924535085285,0.430428650552789,-0.140879272616399,1.00173657372198
0.467,0.432540225754004,0.437764684313423,0.0327034636478364,0.842825904979009,0.431524811728689,-0.139945486349777,1.00299510980715
0.468,0.4279366325986,0.438673803339884,0.0336201006313172,0.84372750604845,0.432621150544583,-0.139006688975091,1.00424899006426
0.469,0.423199668465386,0.439582922366345,0.034536506426208,0.844629338306482,0.433717661632471,-0.138062884627534,1.00549820789248
0.47,0.418336790895877,0.440492041392806,0.0354526810200316,0.84553140176558,0.434814339622964,-0.13711407748185,1.00674275672778
0.471,0.413355473805885,0.441401160419267,0.0363686244007054,0.846433696437829,0.43591117914533,-0.136160271752276,1.00798263004294
0.472,0.408263200393963,0.442310279445728,0.0372843365565423,0.847336222334914,0.437008174827537,-0.135201471692473,1.00921782134755
0.473,0.403067456146157,0.443219398472189,0.0381998174762501,0.848238979468128,0.438105321296299,-0.134237681595461,1.01044832418806
0.474,0.397775721941301,0.44412851749865,0.0391150671489323,0.849141967848368,0.439202613177112,-0.133268905793559,1.01167413214778
0.475,0.392395467260978,0.445037636525111,0.0400300855640877,0.850045187486135,0.440300045094304,-0.132295148658319,1.01289523884693
0.476,0.38693414350813,0.445946755551572,0.0409448727116104,0.850948638391534,0.44139761167108,-0.131316414600464,1.01411163794262
0.477,0.381399177438158,0.446855874578034,0.0418594285817905,0.851852320574277,0.442495307529553,-0.13033270806983,1.01532332312894
0.478,0.375797964706227,0.447764993604495,0.0427737531653133,0.852756234043676,0.443593127290803,-0.129344033555304,1.01653028813691
0.479,0.370137863534331,0.448674112630956,0.0436878464532605,0.853660378808651,0.444691065574909,-0.12835039558476,1.01773252673458
0.48,0.364426188501567,0.449583231657417,0.044601708437109,0.854564754877725,0.445789117000998,-0.127351798725009,1.018930032727
0.481,0.358670204460899,0.450492350683878,0.0455153391087321,0.855469362259024,0.446887276187282,-0.126348247581732,1.0201227999563
0.482,0.352877120585564,0.451401469710339,0.0464287384603989,0.856374200960279,0.447985537751111,-0.125339746799428,1.02131082230165
0.483,0.347054084548153,0.4523105887368,0.0473419064847745,0.857279270988826,0.44908389630901,-0.124326301061351,1.02249409367937
0.484,0.341208176835216,0.453219707763261,0.0482548431749203,0.858184572351602,0.450182346476718,-0.123307915089465,1.0236726080429
0.485,0.335346405200147,0.454128826789722,0.0491675485242937,0.859090105055151,0.451280882869246,-0.122284593644372,1.02484635938286
0.486,0.329475699256941,0.455037945816183,0.0500800225267485,0.859995869105618,0.452379500100902,-0.121256341525275,1.02601534172708
0.487,0.323602905217267,0.455947064842645,0.0509922651765347,0.860901864508754,0.453478192785347,-0.120223163569912,1.02717954914061
0.488,0.317734780773196,0.456856183869106,0.0519042764682984,0.861808091269913,0.454576955535635,-0.119185064654506,1.02833897572578
0.489,0.311877990127742,0.457765302895567,0.0528160563970826,0.862714549394051,0.455675782964255,-0.118142049693714,1.02949361562222
0.49,0.306039099175262,0.458674421922028,0.0537276049583263,0.863621238885729,0.456774669683177,-0.11709412364057,1.03064346300692
0.491,0.300224570833622,0.459583540948489,0.0546389221478653,0.864528159749113,0.457873610303891,-0.116041291486442,1.03178851209422
0.492,0.294440760529875,0.46049265997495,0.0555500079619314,0.865435311987969,0.458972599437455,-0.114983558260974,1.03292875713588
0.493,0.288693911841083,0.461401779001411,0.0564608623971535,0.866342695605669,0.460071631694536,-0.11392092903204,1.03406419242111
0.494,0.282990152291773,0.462310898027872,0.0573714854505568,0.867250310605188,0.461170701685454,-0.112853408905693,1.0351948122766
0.495,0.277335489309367,0.463220017054333,0.0582818771195629,0.868158156989104,0.462269804020225,-0.111781003026117,1.03632061106657
0.496,0.271735806338796,0.464129136080794,0.0591920374019903,0.869066234759598,0.463368933308604,-0.11070371657558,1.03744158319279
0.497,0.266196859117386,0.465038255107255,0.0601019662960541,0.869974543918457,0.464468084160131,-0.109621554774384,1.03855772309465
0.498,0.260724272110951,0.465947374133717,0.0610116638003659,0.870883084467067,0.465567251184171,-0.108534522880823,1.03966902524916
0.499,0.255323535111892,0.466856493160178,0.0619211299139342,0.871791856406421,0.466666428989956,-0.107442626191135,1.04077548417105
0.5,0.25,0.467765612186639,0.0628303646361638,0.872700859737114,0.467765612186638,-0.106345870039455,1.04187709441273
0.501,0.244758877666475,0.4686747312131,0.0637393679668564,0.873610094459343,0.46886479538332,-0.105244259797772,1.04297385056441
0.502,0.2396052351016,0.469583850239561,0.0646481399062103,0.874519560572912,0.469963973189106,-0.104137800875887,1.0440657472541
0.503,0.234543992646335,0.470492969266022,0.0655566804548207,0.875429258077223,0.471063140213146,-0.103026498721369,1.04515277914766
0.504,0.229579921407991,0.471402088292483,0.0664649896136791,0.876339186971287,0.472162291064673,-0.101910358819511,1.04623494094886
0.505,0.224717640840005,0.472311207318944,0.0673730673841738,0.877249347253715,0.473261420353053,-0.100789386693289,1.04731222739939
0.506,0.219961616485727,0.473220326345405,0.0682809137680899,0.878159738922721,0.474360522687823,-0.0996635879033236,1.04838463327897
0.507,0.215316157885974,0.474129445371866,0.0691885287676088,0.879070361976124,0.475459592678742,-0.0985329680478343,1.04945215340532
0.508,0.210785416650028,0.475038564398328,0.070095912385309,0.879981216411346,0.476558624935823,-0.0973975327626062,1.05051478263425
0.509,0.206373384689588,0.475947683424789,0.0710030646241649,0.880892302225412,0.477657614069387,-0.0962572877209456,1.05157251585972
0.51,0.202083892615097,0.47685680245125,0.0719099854875482,0.881803619414951,0.478756554690101,-0.0951122386336456,1.05262534801385
0.511,0.197920608293737,0.477765921477711,0.0728166749792267,0.882715167976195,0.479855441409022,-0.0939623912489457,1.05367327406699
0.512,0.193887035568262,0.478675040504172,0.0737231331033647,0.883626947904979,0.480954268837642,-0.0928077513524984,1.05471628902778
0.513,0.189986513135736,0.479584159530633,0.0746293598645231,0.884538959196743,0.48205303158793,-0.0916483247673281,1.05575438794319
0.514,0.186222213585117,0.480493278557094,0.0755353552676592,0.885451201846529,0.483151724272376,-0.0904841173538012,1.05678756589855
0.515,0.182597142592541,0.481402397583555,0.0764411193181266,0.886363675848984,0.484250341504031,-0.0893151350095873,1.05781581801765
0.516,0.179114138273008,0.482311516610016,0.0773466520216754,0.887276381198357,0.485348877896558,-0.0881413836696259,1.05883913946274
0.517,0.175775870687121,0.483220635636477,0.0782519533844517,0.888189317888503,0.486447328064268,-0.086962869306093,1.05985752543463
0.518,0.172584841501369,0.484129754662939,0.0791570234129984,0.889102485912879,0.487545686622166,-0.0857795979283729,1.06087097117271
0.519,0.169543383800382,0.4850388736894,0.0800618621142538,0.890015885264545,0.488643948185995,-0.0845915755830196,1.06187947195501
0.52,0.166653662049479,0.485947992715861,0.0809664694955529,0.890929515936169,0.48974210737228,-0.0833988083537261,1.06288302309829
0.521,0.163917672205693,0.486857111742322,0.0818708455646265,0.891843377920017,0.490840158798368,-0.0822013023613014,1.06388161995804
0.522,0.161337241975435,0.487766230768783,0.0827749903296016,0.892757471207964,0.491938097082474,-0.0809990637636333,1.06487525792858
0.523,0.158914031216784,0.488675349795244,0.0836789037990009,0.893671795791487,0.493035916843724,-0.0797920987556593,1.06586393244311
0.524,0.156649532484364,0.489584468821705,0.0845825859817431,0.894586351661667,0.494133612702199,-0.078580413569345,1.06684763897374
0.525,0.154545071714632,0.490493587848166,0.0854860368871425,0.89550113880919,0.495231179278972,-0.077364014473651,1.0678263730316
0.526,0.152601809049361,0.491402706874627,0.0863892565249094,0.896416157224345,0.496328611196166,-0.0761429077745047,1.06880013016684
0.527,0.150820739794964,0.492311825901088,0.0872922449051493,0.897331406897027,0.497425903076979,-0.0749170998147818,1.06976890596874
0.528,0.149202695515271,0.493220944927549,0.0881950020383637,0.898246887816735,0.49852304954574,-0.07368659697427,1.07073269606575
0.529,0.147748345255278,0.494130063954011,0.089097527935449,0.899162599972572,0.499620045227947,-0.0724514056696596,1.07169149612555
0.53,0.146458196893288,0.495039182980472,0.0899998226076974,0.900078543353246,0.500716884750312,-0.0712115323545018,1.07264530185513
0.531,0.145332598618823,0.495948302006933,0.0909018860667959,0.90099471794707,0.501813562740806,-0.0699669835192001,1.07359410900081
0.532,0.144371740533595,0.496857421033394,0.0918037183248274,0.90191112374196,0.502910073828694,-0.0687177656909809,1.07453791334837
0.533,0.143575656372771,0.497766540059855,0.0927053193942688,0.902827760725441,0.504006412644589,-0.0674638854338773,1.07547671072305
0.534,0.142944225343678,0.498675659086316,0.0936066892879928,0.903744628884639,0.505102573820488,-0.0662053493487001,1.07641049698968
0.535,0.142477174079058,0.499584778112777,0.0945078280192664,0.904661728206288,0.506198551989819,-0.0649421640730277,1.07733926805267
0.536,0.142174078701907,0.500493897139238,0.0954087356017517,0.905579058676725,0.507294341787482,-0.0636743362811781,1.07826301985614
0.537,0.142034366998875,0.501403016165699,0.0963094120495049,0.906496620281894,0.50838993784989,-0.0624018726842021,1.07918174838398
0.538,0.142057320699166,0.50231213519216,0.0972098573769772,0.907414413007344,0.509485334815019,-0.0611247800298517,1.08009544965989
0.539,0.142242077855791,0.503221254218622,0.098110071599014,0.908332436838229,0.510580527322442,-0.059843065102577,1.08100411974746
0.54,0.142587635326029,0.504130373245083,0.0990100547308546,0.909250691759311,0.511675510013382,-0.0585567347234994,1.08190775475026
0.541,0.143092851347853,0.505039492271544,0.0999098067881327,0.910169177754955,0.512770277530744,-0.0572657957504052,1.08280635081189
0.542,0.143756448209073,0.505948611298005,0.100809327786876,0.911087894809134,0.513864824519169,-0.0559702550777288,1.08369990411607
0.543,0.144577015005884,0.506857730324466,0.101708617743506,0.912006842905426,0.51495914562507,-0.0546701196365362,1.08458841088668
0.544,0.145553010487495,0.507766849350927,0.102607676674837,0.912926022027017,0.516053235496677,-0.0533653963945183,1.08547186738787
0.545,0.146682765983448,0.508675968377388,0.103506504598079,0.913845432156698,0.517147088784079,-0.0520560923559762,1.08635026992413
0.546,0.147964488410237,0.509585087403849,0.104405101530832,0.914765073276866,0.518240700139269,-0.0507422145618109,1.08722361484035
0.547,0.149396263353785,0.51049420643031,0.105303467491094,0.915684945369527,0.519334064216183,-0.0494237700895175,1.08809189852188
0.548,0.150976058224327,0.511403325456771,0.106201602497251,0.916605048416292,0.520427175670752,-0.048100766053168,1.08895511739467
0.549,0.152701725480219,0.512312444483233,0.107099506568085,0.91752538239838,0.521520029160932,-0.0467732096034139,1.08981326792528
0.55,0.15457100591716,0.513221563509694,0.107997179722771,0.918445947296616,0.522612619346756,-0.0454411079274739,1.09066634662099
0.551,0.156581532019331,0.514130682536155,0.108894621980874,0.919366743091435,0.523704940890373,-0.0441044682491284,1.09151435002987
0.552,0.1587308313689,0.515039801562616,0.109791833362354,0.920287769762877,0.524796988456094,-0.0427632978287142,1.0923572747409
0.553,0.161016330110364,0.515948920589077,0.110688813887563,0.921209027290591,0.525888756710432,-0.0414176039631234,1.09319511738399
0.554,0.163435356466168,0.516858039615538,0.111585563577243,0.922130515653833,0.526980240322146,-0.0400673939857963,1.09402787463009
0.555,0.165985144300055,0.517767158641999,0.11248208245253,0.923052234831468,0.52807143396228,-0.0387126752667264,1.09485554319129
0.556,0.168662836724579,0.51867627766846,0.113378370534951,0.923974184801969,0.529162332304215,-0.0373534552124485,1.09567811982088
0.557,0.171465489749232,0.519585396694921,0.114274427846425,0.924896365543417,0.5302529300237,-0.0359897412660527,1.09649560131345
0.558,0.174390075965618,0.520494515721382,0.115170254409262,0.925818777033503,0.531343221798905,-0.0346215409071724,1.09730798450498
0.559,0.17743348826614,0.521403634747844,0.116065850246163,0.926741419249524,0.532433202310455,-0.0332488616519963,1.09811526627291
0.56,0.180592543592645,0.522312753774305,0.11696121538022,0.927664292168389,0.533522866241481,-0.0318717110532638,1.09891744353623
0.561,0.183863986711501,0.523221872800766,0.117856349834916,0.928587395766615,0.534612208277652,-0.0304900967002805,1.09971451325558
0.562,0.187244494011597,0.524130991827227,0.118751253634125,0.929510730020328,0.535701223107231,-0.0291040262189062,1.10050647243337
0.563,0.190730677321758,0.525040110853688,0.119645926802111,0.930434294905265,0.536789905421107,-0.0277135072715797,1.10129331811379
0.564,0.194319087744097,0.525949229880149,0.120540369363527,0.931358090396771,0.537878249912837,-0.0263185475573179,1.10207504738299
0.565,0.198006219499841,0.52685834890661,0.121434581343419,0.932282116469802,0.5389662512787,-0.0249191548117205,1.10285165736912
0.566,0.201788513784213,0.527767467933071,0.122328562767219,0.933206373098924,0.540053904217725,-0.0235153368069897,1.10362314524244
0.567,0.20566236262693,0.528676586959532,0.123222313660751,0.934130860258314,0.541141203431745,-0.0221071013519315,1.10438950821542
0.568,0.209624112754979,0.529585705985993,0.124115834050228,0.935055577921759,0.542228143625429,-0.0206944562919775,1.10515074354284
0.569,0.213670069454279,0.530494825012454,0.125009123962251,0.935980526062658,0.543314719506336,-0.0192774095091919,1.10590684852186
0.57,0.217796500426956,0.531403944038916,0.125902183423812,0.936905704654019,0.544400925784948,-0.017855968922284,1.10665782049218
0.571,0.221999639640924,0.532313063065377,0.126795012462289,0.937831113668464,0.545486757174714,-0.0164301424866357,1.10740365683606
0.572,0.226275691168548,0.533222182091838,0.127687611105451,0.938756753078225,0.546572208392097,-0.0149999381943035,1.1081443549785
0.573,0.230620833011189,0.534131301118299,0.128579979381452,0.939682622855146,0.54765727415661,-0.0135653640740488,1.10887991238727
0.574,0.235031220906464,0.53504042014476,0.129472117318838,0.940608722970682,0.548741949190863,-0.0121264281913542,1.10961032657308
0.575,0.239502992115136,0.535949539171221,0.130364024946539,0.941535053395903,0.549826228220602,-0.0106831386484404,1.11033559508964
0.576,0.244032269184537,0.536858658197682,0.131255702293875,0.94246161410149,0.550910105974754,-0.00923550358429215,1.1110557155338
0.577,0.248615163685542,0.537767777224143,0.132147149390551,0.943388405057736,0.551993577185465,-0.00778353117468544,1.11177068554562
0.578,0.25324777992011,0.538676896250604,0.133038366266661,0.944315426234548,0.553076636588146,-0.00632722963220433,1.1124805028085
0.579,0.257926218596485,0.539586015277066,0.133929352952684,0.945242677601447,0.554159278921514,-0.00486660720627452,1.1131851650493
0.58,0.262646580469224,0.540495134303527,0.134820109479487,0.946170159127566,0.555241498927631,-0.00340167218318865,1.11388467003845
0.581,0.267404969941211,0.541404253329988,0.135710635878322,0.947097870781653,0.556323291351951,-0.00193243288613443,1.11457901559004
0.582,0.272197498624965,0.542313372356449,0.136600932180828,0.94802581253207,0.557404650943358,-0.000458897675225001,1.11526819956194
0.583,0.277020288860525,0.54322249138291,0.137490998419028,0.948953984346792,0.55848557245421,0.00101892505246282,1.11595221985596
0.584,0.281869477187321,0.544131610409371,0.138380834625331,0.949882386193411,0.559566050640378,0.00250102686286435,1.11663107441789
0.585,0.286741217767458,0.545040729435832,0.139270440832532,0.950811018039131,0.560646080261292,0.00398739928488312,1.1173047612377
0.586,0.291631685757936,0.545949848462293,0.140159817073811,0.951739879850775,0.561725656079978,0.00547803381035961,1.1179732783496
0.587,0.296537080629376,0.546858967488754,0.141048963382731,0.952668971594777,0.562804772863104,0.00697292189403009,1.11863662383218
0.588,0.3014536294289,0.547768086515215,0.14193787979324,0.953598293237191,0.563883425381021,0.00847205495349002,1.11929479580855
0.589,0.306377589984889,0.548677205541676,0.142826566339669,0.954527844743683,0.564961608407801,0.00997542436914944,1.11994779244645
0.59,0.311305254051373,0.549586324568137,0.143715023056736,0.955457626079539,0.566039316721281,0.0114830214841875,1.12059561195837
0.591,0.316232950389952,0.550495443594599,0.144603249979537,0.95638763720966,0.567116545103105,0.0129948376045146,1.1212382526017
0.592,0.32115704778714,0.55140456262106,0.145491247143557,0.957317878098563,0.568193288338767,0.0145108639987213,1.12187571267881
0.593,0.326073958005155,0.552313681647521,0.146379014584659,0.958248348710383,0.569269541217649,0.0160310918980304,1.12250799053727
0.594,0.330980138664223,0.553222800673982,0.147266552339091,0.959179049008873,0.570345298533062,0.0175555124962457,1.12313508456988
0.595,0.335872096054559,0.554131919700443,0.148153860443482,0.960109978957403,0.571420555082291,0.0190841169497037,1.12375699321488
0.596,0.340746387876237,0.555041038726904,0.149040938934845,0.961041138518963,0.572495305666636,0.020616896377219,1.12437371495605
0.597,0.345599625905275,0.555950157753365,0.149927787850571,0.961972527656159,0.573569545091452,0.0221538418600282,1.12498524832288
0.598,0.350428478584313,0.556859276779826,0.150814407228435,0.962904146331217,0.574643268166186,0.0236949444417296,1.12559159189064
0.599,0.355229673536334,0.557768395806287,0.151700797106593,0.963835994505982,0.575716469704425,0.0252401951282301,1.12619274428062
0.6,0.36,0.558677514832748,0.152586957523579,0.964768072141918,0.576789144523936,0.0267895848876798,1.12678870416019
0.601,0.364736311185194,0.559586633859209,0.15347288851831,0.965700379200108,0.577861287446704,0.0283431046504117,1.127379470243
0.602,0.369435526547496,0.560495752885671,0.154358590130083,0.966632915641258,0.578932893298974,0.0299007453088731,1.12796504128907
0.603,0.374094633980359,0.561404871912132,0.155244062398572,0.967565681425692,0.580003956911294,0.0314624977175639,1.12854541610502
0.604,0.37871069192387,0.562313990938593,0.156129305363832,0.968498676513354,0.581074473118552,0.0330283526929607,1.12912059354414
0.605,0.383280831389012,0.563223109965054,0.157014319066297,0.96943190086381,0.582144436760023,0.0345983010134514,1.1296905725066
0.606,0.387802257896488,0.564132228991515,0.157899103546781,0.97036535443625,0.583213842679404,0.0361723334192594,1.13025535193955
0.607,0.392272253329193,0.565041348017976,0.158783658846472,0.97129903718948,0.584282685724859,0.0377504406123698,1.13081493083735
0.608,0.396688177697535,0.565950467044437,0.15966798500694,0.972232949081934,0.585350960749055,0.0393326132564498,1.13136930824166
0.609,0.401047470816872,0.566859586070898,0.160552082070132,0.973167090071665,0.586418662609209,0.0409188419767669,1.13191848324165
0.61,0.405347653896426,0.567768705097359,0.16143595007837,0.974101460116349,0.587485786167121,0.0425091173601148,1.13246245497413
0.611,0.409586331039101,0.568677824123821,0.162319589074355,0.975036059173286,0.588552326289224,0.0441034299547188,1.13300122262373
0.612,0.413761190651726,0.569586943150282,0.163202999101163,0.9759708871994,0.589618277846617,0.0457017702701571,1.13353478542308
0.613,0.417870006765326,0.570496062176743,0.164086180202248,0.976905944151237,0.590683635715108,0.0473041287772666,1.13406314265295
0.614,0.421910640265082,0.571405181203204,0.164969132421439,0.977841229984969,0.591748394775252,0.0489104959080523,1.13458629364245
0.615,0.425881040029764,0.572314300229665,0.165851855802939,0.978776744656391,0.5928125499124,0.0505208620555967,1.1351042377692
0.616,0.429779243980447,0.573223419256126,0.166734350391328,0.979712488120924,0.593876096016726,0.0521352175739582,1.13561697445949
0.617,0.43360338003845,0.574132538282587,0.167616616231559,0.980648460333615,0.594939027983281,0.053753552778075,1.13612450318849
0.618,0.437351666992478,0.575041657309048,0.168498653368961,0.981584661249136,0.596001340712022,0.0553758579436631,1.13662682348038
0.619,0.441022415275055,0.575950776335509,0.169380461849235,0.982521090821783,0.597063029107862,0.057002123307113,1.13712393490861
0.62,0.444614027648385,0.57685989536197,0.170262041718458,0.983457749005482,0.598124088080697,0.058632339065376,1.13761583709602
0.621,0.448124999799876,0.577769014388431,0.171143393023079,0.984394635753784,0.599184512545462,0.0602664953758637,1.13810252971506
0.622,0.451553920847634,0.578678133414893,0.172024515809918,0.985331751019868,0.600244297422161,0.0619045823563323,1.13858401248799
0.623,0.454899473756298,0.579587252441354,0.172905410126169,0.986269094756538,0.601303437635907,0.0635465900847625,1.13906028518705
0.624,0.458160435663666,0.580496371467815,0.1737860760194,0.98720666691623,0.602361928116965,0.065192508599247,1.13953134763468
0.625,0.461335678118655,0.581405490494276,0.174666513537546,0.988144467451005,0.603419763800794,0.0668423278978668,1.13999719970372
0.626,0.464424167231161,0.582314609520737,0.175546722728918,0.989082496312556,0.60447693962808,0.0684960379385691,1.14045784131759
0.627,0.467424963734523,0.583223728547198,0.176426703642193,0.990020753452203,0.60553345054478,0.0701536286390331,1.14091327245053
0.628,0.470337222961294,0.584132847573659,0.177306456326423,0.990959238820895,0.606589291502164,0.0718150898765508,1.14136349312778
0.629,0.473160194733152,0.58504196660012,0.178185980831027,0.991897952369214,0.607644457456849,0.0734804114878854,1.14180850342581
0.63,0.475893223165809,0.585951085626581,0.179065277205794,0.992836894047369,0.608698943370843,0.0751495832691366,1.14224830347255
0.631,0.47853574638986,0.586860204653042,0.179944345500883,0.993776063805202,0.609752744211581,0.0768225949755994,1.14268289344756
0.632,0.48108729618858,0.587769323679504,0.180823185766821,0.994715461592186,0.61080585495197,0.0784994363216277,1.14311227358231
0.633,0.483547497553733,0.588678442705965,0.181701798054505,0.995655087357424,0.611858270570421,0.0801800969804768,1.14353644416037
0.634,0.485916068160518,0.589587561732426,0.182580182415196,0.996594941049655,0.612909986050894,0.0818645665841602,1.14395540551763
0.635,0.488192817762852,0.590496680758887,0.183458338900527,0.997535022617247,0.613960996382934,0.0835528347232983,1.14436915804257
0.636,0.49037764751023,0.591405799785348,0.184336267562495,0.998475332008201,0.615011296561714,0.0852448909469543,1.14477770217647
0.637,0.492470549187469,0.592314918811809,0.185213968453465,0.999415869170153,0.61606088158807,0.0869407247624768,1.14518103841366
0.638,0.494471604378698,0.59322403783827,0.186091441626168,1.00035663405037,0.617109746468543,0.0886403256353412,1.14557916730174
0.639,0.496380983557017,0.594133156864731,0.1869686871337,1.00129762659576,0.618157886215415,0.090343682988968,1.14597208944186
0.64,0.498198945101277,0.595042275891192,0.187845705029523,1.00223884675286,0.619205295846752,0.0920507862045645,1.14635980548894
0.641,0.499925834241524,0.595951394917653,0.188722495367463,1.00318029446784,0.620251970386439,0.093761624620942,1.14674231615194
0.642,0.501562081934649,0.596860513944114,0.189599058201713,1.00412196968652,0.621297904864222,0.0954761875343373,1.14711962219411
0.643,0.503108203671889,0.597769632970576,0.190475393586826,1.00506387235433,0.622343094315744,0.0971944641982282,1.14749172443326
0.644,0.504564798219815,0.598678751997037,0.191351501577722,1.00600600241635,0.623387533782585,0.0989164438231465,1.14785862374202
0.645,0.505932546296528,0.599587871023498,0.192227382229681,1.00694835981731,0.624431218312303,0.100642115576485,1.14822032104812
0.646,0.507212209184815,0.600496990049959,0.19310303559835,1.00789094450157,0.625474142958468,0.102371468582303,1.14857681733463
0.647,0.508404627284038,0.60140610907642,0.193978461739732,1.00883375641311,0.626516302780702,0.104104491921123,1.14892811364028
0.648,0.509510718602599,0.602315228102881,0.194853660710198,1.00977679549556,0.627557692844722,0.105841174629729,1.14927421105972
0.649,0.510531477192835,0.603224347129342,0.195728632566476,1.01072006169221,0.628598308222372,0.107581505700952,1.14961511074379
0.65,0.511467971530249,0.604133466155803,0.196603377365655,1.01166355494595,0.629638143991663,0.109325474083459,1.14995081389987
0.651,0.512321342839007,0.605042585182264,0.197477895165188,1.01260727519934,0.630677195236813,0.111073068681531,1.15028132179209
0.652,0.513092803365655,0.605951704208725,0.198352186022883,1.01355122239457,0.631715457048287,0.112824278354851,1.15060663574172
0.653,0.513783634603071,0.606860823235187,0.19922624999691,1.01449539647346,0.632752924522827,0.114579091918252,1.1509267571274
0.654,0.514395185466636,0.607769942261648,0.200100087145798,1.0154397973775,0.633789592763502,0.116337498141513,1.15124168738549
0.655,0.514928870424709,0.608679061288109,0.200973697528434,1.01638442504778,0.634825456879732,0.118099485749092,1.15155142801037
0.656,0.515386167585438,0.60958818031457,0.201847081204061,1.01732927942508,0.635860511987341,0.119865043419905,1.15185598055478
0.657,0.51576861674202,0.610497299341031,0.202720238232282,1.01827436044978,0.636894753208583,0.121634159787067,1.1521553466301
0.658,0.516077817378506,0.611406418367492,0.203593168673057,1.01921966806193,0.637928175672182,0.123406823437632,1.15244952790673
0.659,0.516315426638285,0.612315537393953,0.2044658725867,1.02016520220121,0.638960774513377,0.125183022912349,1.1527385261144
0.66,0.516483157257378,0.613224656420414,0.205338350033883,1.02111096280695,0.639992544873949,0.126962746705382,1.15302234304252
0.661,0.516582775464707,0.614133775446875,0.206210601075633,1.02205694981812,0.641023481902268,0.128745983264051,1.15330098054049
0.662,0.516616098851501,0.615042894473336,0.207082625773332,1.02300316317334,0.642053580753325,0.130532720988546,1.1535744405181
0.663,0.516584994212017,0.615952013499798,0.207954424188716,1.02394960281088,0.643082836588768,0.132322948231651,1.15384272494588
0.664,0.516491375357749,0.616861132526259,0.208825996383874,1.02489626866864,0.644111244576945,0.134116653298455,1.15410583585544
0.665,0.516337200907337,0.61777025155272,0.209697342421252,1.02584316068419,0.645138799892938,0.135913824446055,1.15436377533982
0.666,0.516124472054342,0.618679370579181,0.210568462363644,1.02679027879472,0.646165497718599,0.137714449883257,1.15461654555394
0.667,0.515855230315104,0.619588489605642,0.211439356274201,1.02773762293708,0.64719133324259,0.139518517770271,1.15486414871491
0.668,0.515531555258861,0.620497608632103,0.212310024216424,1.02868519304778,0.648216301660418,0.141326016218399,1.15510658710244
0.669,0.515155562222339,0.621406727658564,0.213180466254163,1.02963298906296,0.649240398174471,0.143136933289706,1.15534386305924
0.67,0.514729400010981,0.622315846685025,0.214050682451624,1.03058101091843,0.65026361799406,0.144951256996706,1.15557597899141
0.671,0.514255248589021,0.623224965711486,0.214920672873358,1.03152925854961,0.651285956335449,0.146768975302023,1.15580293736887
0.672,0.513735316760562,0.624134084737947,0.21579043758427,1.03247773189162,0.652307408421896,0.14859007611805,1.15602474072574
0.673,0.513171839843827,0.625043203764408,0.216659976649612,1.0334264308792,0.653327969483689,0.150414547306604,1.15624139166077
0.674,0.512567077340748,0.62595232279087,0.217529290134986,1.03437535544675,0.654347634758183,0.152242376678572,1.15645289283779
0.675,0.511923310604024,0.626861441817331,0.218398378106341,1.03532450552832,0.655366399489833,0.154073551993545,1.15665924698612
0.676,0.511242840503781,0.627770560843792,0.219267240629975,1.03627388105761,0.656384258930234,0.155908060959457,1.15686045690101
0.677,0.510527985095942,0.628679679870253,0.220135877772532,1.03722348196797,0.657401208338161,0.157745891232202,1.15705652544412
0.678,0.509781077294405,0.629588798896714,0.221004289601002,1.03817330819243,0.658417242979594,0.15958703041525,1.15724745554394
0.679,0.509004462549096,0.630497917923175,0.221872476182725,1.03912335966363,0.659432358127765,0.161431466059254,1.15743325019628
0.68,0.508200496531953,0.631407036949636,0.222740437585382,1.04007363631389,0.660446549063189,0.163279185661658,1.15761391246472
0.681,0.507371542832866,0.632316155976097,0.223608173877001,1.04102413807519,0.6614598110737,0.165130176666273,1.15778944548113
0.682,0.506519970667577,0.633225275002558,0.224475685125954,1.04197486487916,0.662472139454491,0.166984426462874,1.15795985244611
0.683,0.505648152599523,0.634134394029019,0.225342971400958,1.04292581665708,0.663483529508145,0.168841922386767,1.15812513662952
0.684,0.504758462277562,0.635043513055481,0.226210032771072,1.04387699333989,0.664493976544673,0.170702651718355,1.15828530137099
0.685,0.503853272191508,0.635952632081942,0.227076869305699,1.04482839485818,0.665503475881546,0.172566601682694,1.1584403500804
0.686,0.502934951447369,0.636861751108403,0.227943481074582,1.04578002114222,0.666512022843741,0.174433759449048,1.15859028623843
0.687,0.502005863564133,0.637770870134864,0.228809868147808,1.04673187212192,0.667519612763766,0.176304112130416,1.15873511339712
0.688,0.501068364293934,0.638679989161325,0.229676030595805,1.04768394772684,0.668526240981697,0.178177646783068,1.15887483518033
0.689,0.500124799467389,0.639589108187786,0.23054196848934,1.04863624788623,0.669531902845219,0.180054350406062,1.15900945528438
0.69,0.499177502865855,0.640498227214247,0.231407681899522,1.04958877252897,0.670536593709655,0.181934209940752,1.15913897747856
0.691,0.498228794122314,0.641407346240708,0.232273170897796,1.05054152158362,0.671540308938005,0.183817212270289,1.15926340560572
0.692,0.497280976652578,0.642316465267169,0.23313843555595,1.05149449497839,0.672543043900982,0.185703344219114,1.15938274358285
0.693,0.496336335618438,0.64322558429363,0.234003475946108,1.05244769264115,0.673544793977044,0.187592592552426,1.15949699540166
0.694,0.495397135924356,0.644134703320091,0.234868292140732,1.05340111449945,0.674545554552428,0.189484943975657,1.1596061651292
0.695,0.494465620249256,0.645043822346553,0.235732884212621,1.05435476048048,0.675545321021189,0.191380385133931,1.15971025690845
0.696,0.493544007114921,0.645952941373014,0.236597252234911,1.05530863051112,0.676544088785233,0.193278902611503,1.15980927495896
0.697,0.492634488992461,0.646862060399475,0.237461396281073,1.05626272451788,0.67754185325435,0.195180482931199,1.1599032235775
0.698,0.491739230448278,0.647771179425936,0.238325316424914,1.05721704242696,0.678538609846253,0.197085112553837,1.15999210713867
0.699,0.490860366330899,0.648680298452397,0.239189012740577,1.05817158416422,0.679534353986607,0.198992777877637,1.16007593009558
0.7,0.49,0.649589417478858,0.240052485302536,1.05912634965518,0.680529081109068,0.200903465237624,1.16015469698051
0.701,0.489160201598916,0.650498536505319,0.240915734185602,1.06008133882504,0.681522786655314,0.202817160905007,1.16022841240562
0.702,0.488343006371849,0.65140765553178,0.241778759464917,1.06103655159864,0.682515466075081,0.204733851086563,1.1602970810636
0.703,0.487550413026972,0.652316774558241,0.242641561215957,1.06199198790053,0.683507114826197,0.20665352192399,1.16036070772841
0.704,0.486784382146548,0.653225893584703,0.243504139514527,1.06294764765488,0.684497728374619,0.208576159493261,1.16041929725598
0.705,0.486046834645167,0.654135012611164,0.244366494436765,1.06390353078556,0.685487302194462,0.210501749803957,1.16047285458497
0.706,0.485339650277097,0.655044131637625,0.245228626059141,1.06485963721611,0.686475831768031,0.212430278798587,1.16052138473748
0.707,0.484664666193764,0.655953250664086,0.246090534458453,1.06581596686972,0.687463312585866,0.214361732351896,1.16056489281984
0.708,0.484023675552264,0.656862369690547,0.246952219711828,1.06677251966927,0.688449740146765,0.216296096270161,1.16060338402337
0.709,0.483418426175784,0.657771488717008,0.247813681896723,1.06772929553729,0.689435109957822,0.21823335629047,1.16063686362517
0.71,0.482850619266769,0.658680607743469,0.248674921090924,1.06868629439601,0.690419417534458,0.220173498079973,1.16066533698894
0.711,0.48232190817357,0.65958972676993,0.249535937372541,1.06964351616732,0.691402658400461,0.222116507235155,1.16068880956577
0.712,0.481833897211329,0.660498845796391,0.250396730820016,1.07060096077277,0.692384828088009,0.224062369281046,1.16070728689497
0.713,0.481388140537717,0.661407964822852,0.251257301512112,1.07155862813359,0.693365922137713,0.226011069670453,1.16072077460497
0.714,0.480986141084162,0.662317083849313,0.252117649527923,1.0725165181707,0.694345936098645,0.227962593783156,1.16072927841413
0.715,0.480629349543108,0.663226202875774,0.252977774946863,1.07347463080469,0.695324865528375,0.229916926925093,1.16073280413166
0.716,0.480319163411793,0.664135321902236,0.253837677848674,1.0744329659558,0.696302705992995,0.231874054327529,1.16073135765846
0.717,0.480056926093004,0.665044440928697,0.254697358313421,1.07539152354397,0.697279453067166,0.233833961146209,1.16072494498812
0.718,0.479843926053182,0.665953559955158,0.255556816421491,1.07635030348882,0.698255102334138,0.23579663246049,1.16071357220779
0.719,0.479681396038222,0.666862678981619,0.256416052253594,1.07730930570964,0.699229649385791,0.237762053272455,1.16069724549913
0.72,0.479570512347236,0.66777179800808,0.257275065890764,1.0782685301254,0.700203089822661,0.239730208506013,1.16067597113931
0.721,0.479512394164522,0.668680917034541,0.258133857414353,1.07922797665473,0.701175419253981,0.241701083005976,1.16064975550199
0.722,0.479508102949875,0.669590036061002,0.258992426906036,1.08018764521597,0.702146633297705,0.243674661537123,1.16061860505829
0.723,0.479558641887405,0.670499155087463,0.259850774447808,1.08114753572712,0.703116727580544,0.245650928783232,1.16058252637786
0.724,0.479664955392879,0.671408274113924,0.260708900121981,1.08210764810587,0.704085697738003,0.24762986934611,1.16054152612989
0.725,0.479827928679628,0.672317393140385,0.261566804011188,1.08306798226958,0.705053539414402,0.249611467744586,1.16049561108422
0.726,0.480048387382961,0.673226512166847,0.262424486198381,1.08402853813531,0.706020248262918,0.251595708413489,1.16044478811235
0.727,0.480327097242998,0.674135631193308,0.263281946766826,1.08498931561979,0.706985819945614,0.253582575702614,1.16038906418861
0.728,0.480664763845775,0.675044750219769,0.264139185800109,1.08595031463943,0.70795025013347,0.255572053875654,1.16032844639129
0.729,0.481062032422408,0.67595386924623,0.264996203382131,1.08691153511033,0.708913534506414,0.257564127109108,1.16026294190372
0.73,0.481519487706093,0.676862988272691,0.265852999597107,1.08787297694827,0.709875668753357,0.259558779491182,1.16019255801553
0.731,0.482037653846615,0.677772107299152,0.26670957452957,1.08883464006873,0.710836648572219,0.261555995020652,1.16011730212379
0.732,0.482616994382034,0.678681226325613,0.267565928264364,1.08979652438686,0.71179646966997,0.263555757605711,1.16003718173423
0.733,0.483257912267142,0.679590345352074,0.268422060886649,1.0907586298175,0.712755127762652,0.265558051062787,1.15995220446252
0.734,0.483960749958239,0.680499464378535,0.269277972481896,1.09172095627517,0.713712618575411,0.267562859115336,1.15986237803549
0.735,0.484725789553744,0.681408583404996,0.27013366313589,1.0926835036741,0.714668937842537,0.269570165392623,1.15976771029245
0.736,0.485553252990094,0.682317702431458,0.270989132934727,1.09364627192819,0.715624081307486,0.271579953428452,1.15966820918652
0.737,0.486443302292332,0.683226821457919,0.271844381964812,1.09460926095103,0.716578044722914,0.273592206659896,1.15956388278593
0.738,0.487396039878772,0.68413594048438,0.272699410312863,1.0955724706559,0.717530823850708,0.275606908425979,1.15945473927544
0.739,0.488411508919042,0.685045059510841,0.273554218065905,1.09653590095578,0.718482414462019,0.277624041966348,1.15934078695769
0.74,0.489489693744797,0.685954178537302,0.274408805311275,1.09749955176333,0.719432812337289,0.2796435904199,1.15922203425468
0.741,0.490630520312333,0.686863297563763,0.275263172136615,1.09846342299091,0.720382013266284,0.281665536823393,1.15909848970917
0.742,0.491833856716294,0.687772416590224,0.276117318629876,1.09942751455057,0.721330013048121,0.283689864110021,1.15897016198622
0.743,0.493099513753632,0.688681535616685,0.276971244879316,1.10039182635405,0.722276807491307,0.285716555107959,1.15883705987465
0.744,0.494427245536928,0.689590654643146,0.2778249509735,1.10135635831279,0.72322239241376,0.287745592538883,1.15869919228864
0.745,0.495816750156152,0.690499773669607,0.278678437001295,1.10232111033792,0.72416676364284,0.289776959016449,1.15855656826923
0.746,0.497267670387903,0.691408892696069,0.279531703051878,1.10328608234026,0.725109917015389,0.291810637044747,1.15840919698603
0.747,0.498779594451125,0.69231801172253,0.280384749214726,1.10425127423033,0.726051848377747,0.293846609016719,1.15825708773878
0.748,0.500352056808273,0.693227130748991,0.281237575579622,1.10521668591836,0.726992553585794,0.295884857212544,1.15810024995904
0.749,0.501984539010851,0.694136249775452,0.282090182236649,1.10618231731425,0.727932028504972,0.297925363797986,1.15793869321196
0.75,0.503676470588235,0.695045368801913,0.282942569276194,1.10714816832763,0.728870269010317,0.299968110822715,1.15777242719792
0.751,0.505427229978642,0.695954487828374,0.283794736788947,1.1081142388678,0.729807270986491,0.302013080218574,1.15760146175441
0.752,0.507236145501079,0.696863606854835,0.284646684865895,1.10908052884378,0.730743030327807,0.304060253797831,1.15742580685778
0.753,0.50910249636709,0.697772725881296,0.285498413598327,1.11004703816427,0.731677542938263,0.30610961325138,1.15724547262515
0.754,0.511025513731077,0.698681844907757,0.286349923077833,1.11101376673768,0.732610804731568,0.308161140146903,1.15706046931623
0.755,0.513004381777946,0.699590963934218,0.287201213396298,1.11198071447214,0.733542811631176,0.310214815926997,1.15687080733536
0.756,0.515038238846814,0.700500082960679,0.288052284645906,1.11294788127545,0.734473559570304,0.312270621907255,1.15667649723335
0.757,0.517126178589477,0.701409201987141,0.288903136919142,1.11391526705514,0.735403044491976,0.314328539274315,1.15647754970964
0.758,0.519267251162323,0.702318321013602,0.289753770308782,1.11488287171842,0.736331262349039,0.316388549083855,1.15627397561422
0.759,0.52146046445035,0.703227440040063,0.290604184907901,1.11585069517222,0.737258209104201,0.318450632258553,1.15606578594985
0.76,0.523704785321927,0.704136559066524,0.291454380809869,1.11681873732318,0.738183880730053,0.320514769585999,1.15585299187411
0.761,0.525999140912932,0.705045678092985,0.29230435810835,1.11778699807762,0.739108273209101,0.322580941716555,1.15563560470165
0.762,0.528342419938856,0.705954797119446,0.2931541168973,1.11875547734159,0.740031382533796,0.324649129161186,1.15541363590641
0.763,0.530733474033472,0.706863916145907,0.294003657270971,1.11972417502084,0.740953204706557,0.326719312289225,1.15518709712389
0.764,0.533171119112641,0.707773035172368,0.294852979323906,1.12069309102083,0.741873735739805,0.328791471326096,1.15495600015351
0.765,0.535654136761819,0.708682154198829,0.295702083150939,1.12166222524672,0.742792971655986,0.330865586350989,1.15472035696098
0.766,0.538181275645803,0.70959127322529,0.296550968847196,1.12263157760339,0.743710908487604,0.332941637294482,1.15448017968073
0.767,0.54075125293928,0.710500392251752,0.297399636508091,1.12360114799541,0.744627542277246,0.335019603936114,1.15423548061838
0.768,0.543362755776675,0.711409511278213,0.298248086229331,1.12457093632709,0.745542869077609,0.337099465901885,1.15398627225333
0.769,0.546014442719853,0.712318630304674,0.299096318106908,1.12554094250244,0.74645688495153,0.33918120266174,1.15373256724132
0.77,0.548704945242169,0.713227749331135,0.299944332237105,1.12651116642517,0.74736958597201,0.341264793526949,1.15347437841707
0.771,0.55143286922739,0.714136868357596,0.30079212871649,1.1274816079987,0.748280968222252,0.34335021764748,1.15321171879702
0.772,0.554196796481985,0.715045987384057,0.301639707641919,1.12845226712619,0.749191027795669,0.345437454009254,1.15294460158208
0.773,0.556995286259309,0.715955106410518,0.302487069110534,1.1294231437105,0.750099760795934,0.347526481431402,1.15267304016047
0.774,0.559826876794155,0.716864225436979,0.30333421321976,1.1303942376542,0.751007163336988,0.349617278563411,1.15239704811056
0.775,0.562690086846215,0.71777334446344,0.30418114006731,1.13136554885957,0.751913231543077,0.351709823882229,1.15211663920392
0.776,0.565583417250931,0.718682463489901,0.305027849751177,1.13233707722863,0.752817961548781,0.35380409568931,1.15183182740825
0.777,0.56850535247625,0.719591582516362,0.30587434236964,1.13330882266308,0.75372134949903,0.355900072107566,1.15154262689049
0.778,0.571454362183822,0.720500701542824,0.306720618021257,1.13428078506439,0.754623391549142,0.357997731078289,1.15124905202
0.779,0.574428902793121,0.721409820569285,0.307566676804871,1.1352529643337,0.755524083864846,0.360097050357961,1.15095111737173
0.78,0.577427419047062,0.722318939595746,0.308412518819603,1.13622536037189,0.756423422622303,0.36219800751503,1.15064883772958
0.781,0.580448345577616,0.723228058622207,0.309258144164856,1.13719797307956,0.757321404008142,0.364300579926591,1.15034222808969
0.782,0.583490108469987,0.724137177648668,0.31010355294031,1.13817080235703,0.758218024219477,0.366404744774989,1.15003130366397
0.783,0.586551126823907,0.725046296675129,0.310948745245926,1.13914384810433,0.759113279463941,0.368510479044365,1.14971607988352
0.784,0.589629814310614,0.72595541570159,0.311793721181941,1.14011711022124,0.760007165959705,0.370617759517105,1.14939657240231
0.785,0.5927245807241,0.726864534728051,0.31263848084887,1.14109058860723,0.760899679935512,0.37272656277021,1.14907279710081
0.786,0.595833833525229,0.727773653754512,0.313483024347504,1.14206428316152,0.761790817630694,0.374836865171597,1.14874477008979
0.787,0.598955979377328,0.728682772780973,0.314327351778911,1.14303819378304,0.762680575295203,0.376948642876294,1.14841250771411
0.788,0.602089425671903,0.729591891807435,0.315171463244431,1.14401232037044,0.763568949189638,0.379061871822563,1.14807602655671
0.789,0.605232582043101,0.730501010833896,0.31601535884568,1.14498666282211,0.764455935585267,0.381176527727936,1.1477353434426
0.79,0.608383861869612,0.731410129860357,0.316859038684547,1.14596122103617,0.765341530764051,0.38329258608514,1.14739047544296
0.791,0.61154168376268,0.732319248886818,0.317702502863195,1.14693599491044,0.766225731018674,0.385410022157951,1.1470414398794
0.792,0.614704473038955,0.733228367913279,0.318545751484056,1.1479109843425,0.767108532652568,0.387528810976944,1.14668825432819
0.793,0.617870663176881,0.73413748693974,0.319388784649835,1.14888618922964,0.767989931979931,0.389648927335128,1.14633093662473
0.794,0.621038697255427,0.735046605966201,0.320231602463507,1.14986160946889,0.76886992532576,0.391770345783514,1.14596950486801
0.795,0.624207029373889,0.735955724992662,0.321074205028318,1.15083724495701,0.769748509025873,0.393893040626544,1.1456039774252
0.796,0.627374126051609,0.736864844019123,0.32191659244778,1.15181309559047,0.770625679426932,0.396016985917439,1.14523437293643
0.797,0.630538467606415,0.737773963045584,0.322758764825675,1.15278916126549,0.771501432886471,0.398142155453428,1.14486071031951
0.798,0.633698549510664,0.738683082072045,0.323600722266053,1.15376544187804,0.772375765772916,0.40026852277086,1.14448300877497
0.799,0.636852883723746,0.739592201098507,0.324442464873229,1.15474193732378,0.773248674465613,0.402396061140213,1.14410128779101
0.8,0.64,0.740501320124968,0.325283992751784,1.15571864749815,0.774120155354849,0.404524743560985,1.14371556714871
0.801,0.643138447170956,0.741410439151429,0.326125306006566,1.15669557229629,0.774990204841883,0.406654542756452,1.14332586692731
0.802,0.646266794400899,0.74231955817789,0.326966404742685,1.1576727116131,0.775858819338962,0.408785431168313,1.14293220750961
0.803,0.649383632414747,0.743228677204351,0.327807289065515,1.15865006534319,0.776725995269346,0.410917380951213,1.14253460958748
0.804,0.652487574697301,0.744137796230812,0.328647959080696,1.15962763338093,0.777591729067338,0.413050363967124,1.14213309416755
0.805,0.655577258662918,0.745046915257273,0.329488414894125,1.16060541562042,0.778456017178302,0.415184351779601,1.141727682577
0.806,0.658651346794726,0.745956034283734,0.330328656611963,1.16158341195551,0.779318856058686,0.417319315647896,1.14131839646948
0.807,0.661708527752508,0.746865153310195,0.331168684340633,1.16256162227976,0.780180242176051,0.419455226520947,1.14090525783116
0.808,0.664747517448449,0.747774272336656,0.332008498186815,1.1635400464865,0.781040172009088,0.421592055031194,1.14048828898698
0.809,0.667767060089919,0.748683391363117,0.332848098257449,1.16451868446879,0.781898642047645,0.423729771488289,1.140067512607
0.81,0.670765929188575,0.749592510389579,0.333687484659734,1.16549753611942,0.782755648792748,0.425868345872614,1.13964295171288
0.811,0.673742928535029,0.75050162941604,0.334526657501125,1.16647660133095,0.783611188756627,0.428007747828672,1.13921462968458
0.812,0.676696893138418,0.751410748442501,0.335365616889336,1.16745587999567,0.784465258462736,0.430147946658314,1.13878257026716
0.813,0.679626690130214,0.752319867468962,0.336204362932335,1.16843537200559,0.785317854445774,0.432288911313784,1.13834679757776
0.814,0.682531219631681,0.753228986495423,0.337042895738345,1.1694150772525,0.786168973251715,0.434430610390635,1.13790733611279
0.815,0.685409415584382,0.754138105521884,0.337881215415845,1.17039499562792,0.787018611437821,0.436573012120436,1.13746421075521
0.816,0.688260246543225,0.755047224548345,0.338719322073566,1.17137512702312,0.787866765572672,0.438716084363318,1.13701744678203
0.817,0.691082716431532,0.755956343574806,0.339557215820493,1.17235547132912,0.788713432236183,0.44085979460036,1.13656706987201
0.818,0.693875865257685,0.756865462601267,0.340394896765864,1.17333602843667,0.78955860801963,0.44300410992575,1.13611310611351
0.819,0.696638769792919,0.757774581627728,0.341232365019165,1.17431679823629,0.790402289525671,0.445148997038788,1.13565558201255
0.82,0.699370544209882,0.75868370065419,0.342069620690137,1.17529778061824,0.791244473368364,0.447294422235691,1.13519452450104
0.821,0.702070340681624,0.759592819680651,0.342906663888765,1.17627897547254,0.792085156173194,0.449440351401179,1.13472996094521
0.822,0.704737349940706,0.760501938707112,0.34374349472529,1.17726038268893,0.792924334577095,0.451586749999887,1.1342619191543
0.823,0.707370801798153,0.761411057733573,0.344580113310195,1.17824200215695,0.793762005228464,0.453733583067537,1.13379042738939
0.824,0.709969965622052,0.762320176760034,0.345416519754215,1.17922383376585,0.794598164787191,0.455880815201919,1.13331551437246
0.825,0.712534150775566,0.763229295786495,0.346252714168328,1.18020587740466,0.795432809924676,0.458028410553633,1.13283720929572
0.826,0.715062707014256,0.764138414812956,0.34708869666376,1.18118813296215,0.796265937323853,0.460176332816629,1.13235554183108
0.827,0.717555024842566,0.765047533839417,0.347924467351983,1.18217060032685,0.797097543679205,0.462324545218481,1.13187054213993
0.828,0.720010535829423,0.765956652865878,0.34876002634471,1.18315327938705,0.797927625696791,0.46447301051046,1.13138224088312
0.829,0.722428712882896,0.766865771892339,0.349595373753901,1.18413617003078,0.798756180094266,0.466621690957328,1.1308906692312
0.83,0.724809070483939,0.767774890918801,0.350430509691757,1.18511927214584,0.799583203600898,0.468770548326921,1.13039585887488
0.831,0.727151164879242,0.768684009945262,0.35126543427072,1.1861025856198,0.800408692957595,0.470919543879435,1.12989784203575
0.832,0.729454594233281,0.769593128971723,0.352100147603477,1.18708611033997,0.801232644916916,0.473068638356477,1.12939665147736
0.833,0.731718998739674,0.770502247998184,0.35293464980295,1.18806984619342,0.8020550562431,0.475217791969837,1.12889232051636
0.834,0.733944060692006,0.771411367024645,0.353768940982306,1.18905379306698,0.802875923712083,0.477366964389987,1.12838488303418
0.835,0.736129504514303,0.772320486051106,0.354603021254946,1.19003795084727,0.803695244111517,0.479516114734286,1.12787437348875
0.836,0.738275096751392,0.773229605077567,0.355436890734514,1.19102231942062,0.804513014240792,0.481665201554914,1.12736082692667
0.837,0.740380646019401,0.774138724104028,0.356270549534886,1.19200689867317,0.805329230911054,0.483814182826484,1.12684427899562
0.838,0.742446002916697,0.775047843130489,0.357103997770179,1.1929916884908,0.806143890945225,0.485963015933374,1.12632476595708
0.839,0.744471059895599,0.77595696215695,0.357937235554742,1.19397668875916,0.806956991178023,0.488111657656722,1.12580232469932
0.84,0.746455751095228,0.776866081183412,0.358770263003162,1.19496189936366,0.807768528455984,0.49026006416112,1.12527699275085
0.841,0.748400052135899,0.777775200209873,0.359603080230259,1.19594732018949,0.808578499637475,0.492408190980966,1.12474880829398
0.842,0.750303979875481,0.778684319236334,0.360435687351085,1.19693295112158,0.809386901592721,0.494555993006488,1.12421781017895
0.843,0.752167592128201,0.779593438262795,0.361268084480927,1.19791879204466,0.810193731203817,0.496703424469416,1.12368403793822
0.844,0.753990987346384,0.780502557289256,0.3621002717353,1.19890484284321,0.810998985364751,0.498850438928301,1.1231475318012
0.845,0.755774304265654,0.781411676315717,0.362932249229955,1.19989110340148,0.811802660981424,0.500996989253482,1.12260833270937
0.846,0.757517721514177,0.782320795342178,0.363764017080869,1.20087757360349,0.812604754971663,0.503143027611661,1.12206648233167
0.847,0.759221457186502,0.783229914368639,0.364595575404249,1.20186425333303,0.813405264265245,0.505288505450122,1.12152202308037
0.848,0.76088576838266,0.7841390333951,0.365426924316533,1.20285114247367,0.814204185803915,0.507433373480547,1.12097499812728
0.849,0.76251095071313,0.785048152421561,0.366258063934385,1.20383824090874,0.815001516541401,0.509577581662426,1.12042545142038
0.85,0.764097337770383,0.785957271448023,0.367088994374695,1.20482554852135,0.815797253443435,0.511721079186081,1.11987342770079
0.851,0.765645300567675,0.786866390474484,0.367919715754581,1.20581306519439,0.81659139348777,0.51386381445525,1.11931897252029
0.852,0.767155246945847,0.787775509500945,0.368750228191385,1.2068007908105,0.8173839336642,0.516005735069258,1.11876213225914
0.853,0.768627620948868,0.788684628527406,0.369580531802675,1.20778872525214,0.818174870974574,0.518146787804741,1.11820295414441
0.854,0.770062902168901,0.789593747553867,0.370410626706241,1.20877686840149,0.818964202432817,0.52028691859693,1.1176414862687
0.855,0.771461605061703,0.790502866580328,0.371240513020099,1.20976522014056,0.819751925064946,0.522426072520473,1.11707777760942
0.856,0.772824278233186,0.791411985606789,0.372070190862483,1.2107537803511,0.820538035909089,0.524564193769783,1.11651187804839
0.857,0.774151503697967,0.79232110463325,0.372899660351852,1.21174254891465,0.821322532015499,0.526701225638918,1.11594383839208
0.858,0.775443896110802,0.793230223659711,0.373728921606883,1.21273152571254,0.822105410446576,0.528837110500967,1.11537371039218
0.859,0.776702101971773,0.794139342686172,0.374557974746475,1.21372071062587,0.82288666827688,0.530971789786933,1.11480154676683
0.86,0.777926798806143,0.795048461712634,0.375386819889745,1.21471010353552,0.82366630259315,0.533105203964102,1.1142274012222
0.861,0.779118694319802,0.795957580739095,0.376215457156028,1.21569970432216,0.82444431049432,0.535237292513902,1.11365132847474
0.862,0.780278525531254,0.796866699765556,0.377043886664877,1.21668951286623,0.825220689091538,0.537367993909216,1.11307338427386
0.863,0.781407057881092,0.797775818792017,0.37787210853606,1.21767952904797,0.825995435508178,0.539497245591157,1.1124936254252
0.864,0.782505084319946,0.798684937818478,0.378700122889564,1.21866975274739,0.82676854687986,0.541624983945281,1.11191210981444
0.865,0.783573424375887,0.799594056844939,0.379527929845587,1.21966018384429,0.827540020354467,0.543751144277248,1.11132889643169
0.866,0.784612923202294,0.8005031758714,0.380355529524544,1.22065082221826,0.828309853092158,0.545875660787882,1.11074404539643
0.867,0.785624450607187,0.801412294897861,0.381182922047063,1.22164166774866,0.829078042265386,0.547998466547669,1.1101576179831
0.868,0.786608900065071,0.802321413924322,0.382010107533984,1.22263272031466,0.829844585058912,0.550119493470625,1.1095696766472
0.869,0.787567187712307,0.803230532950783,0.382837086106359,1.22362397979521,0.830609478669827,0.552238672287581,1.10898028505207
0.87,0.788500251327064,0.804139651977244,0.383663857885451,1.22461544606904,0.831372720307561,0.554355932518832,1.10838950809629
0.871,0.789409049294907,0.805048771003706,0.384490422992733,1.22560711901468,0.832134307193899,0.556471202446135,1.10779741194166
0.872,0.790294559561082,0.805957890030167,0.385316781549888,1.22659899851045,0.832894236563,0.558584409084109,1.10720406404189
0.873,0.791157778570555,0.806867009056628,0.386142933678807,1.22759108443445,0.833652505661411,0.560695478150933,1.10660953317189
0.874,0.791999720196887,0.807776128083089,0.386968879501589,1.22858337666459,0.83440911174808,0.5628043340384,1.10601388945776
0.875,0.792821414661021,0.80868524710955,0.38779461914054,1.22957587507856,0.835164052094374,0.564910899781306,1.10541720440744
0.876,0.793623907441051,0.809594366136011,0.388620152718172,1.23056857955385,0.835917323984094,0.567015097026132,1.10481955094206
0.877,0.794408258174066,0.810503485162472,0.389445480357203,1.23156148996774,0.836668924713486,0.569116845999049,1.10422100342792
0.878,0.79517553955114,0.811412604188933,0.390270602180554,1.23255460619731,0.83741885159126,0.571216065473212,1.10362163770931
0.879,0.795926836206562,0.812321723215394,0.391095518311352,1.23354792811944,0.838167101938601,0.573312672735341,1.10302153114186
0.88,0.796663243602376,0.813230842241855,0.391920228872925,1.23454145561079,0.838913673089187,0.575406583551592,1.10242076262678
0.881,0.797385866909319,0.814139961268316,0.392744733988803,1.23553518854783,0.839658562389201,0.577497712132695,1.10181941264571
0.882,0.798095819885235,0.815049080294778,0.393569033782721,1.23652912680683,0.840401767197347,0.579585971098359,1.10121756329633
0.883,0.798794223752023,0.815958199321239,0.39439312837861,1.23752327026387,0.841143284884859,0.581671271440937,1.10061529832878
0.884,0.79948220607221,0.8168673183477,0.395217017900602,1.2385176187948,0.841883112835522,0.583753522488342,1.1000127031827
0.885,0.800160899626192,0.817776437374161,0.39604070247303,1.23951217227529,0.842621248445683,0.585832631866242,1.09940986502512
0.886,0.80083144129121,0.818685556400622,0.396864182220423,1.24050693058082,0.843357689124259,0.587908505459457,1.09880687278906
0.887,0.801494970923099,0.819594675427083,0.397687457267508,1.24150189358666,0.844092432292761,0.589981047372644,1.09820381721288
0.888,0.802152630241863,0.820503794453544,0.398510527739208,1.24249706116788,0.8448254753853,0.59205015989022,1.09760079088038
0.889,0.802805561722089,0.821412913480005,0.399333393760643,1.24349243319937,0.845556815848602,0.594115743435508,1.0969978882617
0.89,0.803454907489232,0.822322032506466,0.400156055457127,1.24448800955581,0.846286451142022,0.596177696529158,1.09639520575488
0.891,0.804101808222775,0.823231151532927,0.400978512954168,1.24548379011169,0.847014378737554,0.598235915746823,1.09579284172828
0.892,0.80474740206726,0.824140270559389,0.401800766377467,1.24647977474131,0.847740596119851,0.60029029567607,1.09519089656363
0.893,0.805392823552164,0.82504938958585,0.402622815852918,1.24747596331878,0.848465100786229,0.602340728872575,1.09458947269988
0.894,0.806039202521609,0.825958508612311,0.403444661506608,1.24847235571801,0.849187890246685,0.604387105815595,1.09398867467778
0.895,0.806687663074838,0.826867627638772,0.404266303464812,1.24946895181273,0.849908962023908,0.606429314862721,1.0933886091851
0.896,0.807339322518408,0.827776746665233,0.405087741853997,1.25046575147647,0.850628313653292,0.608467242203937,1.09278938510265
0.897,0.807995290331024,0.828685865691694,0.40590897680082,1.25146275458257,0.851345942682946,0.610500771814993,1.0921911135509
0.898,0.808656667141902,0.829594984718155,0.406730008432124,1.25245996100419,0.852061846673711,0.612529785410129,1.09159390793729
0.899,0.809324543723578,0.830504103744616,0.407550836874942,1.25345737061429,0.852776023199167,0.614554162394141,1.09099788400419
0.9,0.81,0.831413222771077,0.408371462256492,1.25445498328566,0.853488469845646,0.616573779813863,1.09040315987743
0.901,0.810684104070775,0.832322341797538,0.409191884704179,1.2554527988909,0.854199184212244,0.618588512309032,1.08980985611545
0.902,0.81137791125239,0.833231460824,0.410012104345594,1.25645081730241,0.854908163910835,0.620598232062641,1.08921809575903
0.903,0.812082463137221,0.834140579850461,0.41083212130851,1.25744903839241,0.85561540656608,0.622602808750755,1.0886280043814
0.904,0.812798786671113,0.835049698876922,0.411651935720887,1.25844746203296,0.856320909815437,0.624602109491851,1.08803971013902
0.905,0.813527893250301,0.835958817903383,0.412471547710865,1.2594460880959,0.857024671309178,0.626595998795774,1.08745334382258
0.906,0.814270777838417,0.836867936929844,0.413290957406768,1.26044491645292,0.85772668871039,0.62858433851227,1.08686903890851
0.907,0.815028418104292,0.837777055956305,0.414110164937099,1.26144394697551,0.858426959694996,0.630566987779246,1.08628693161075
0.908,0.815801773581272,0.838686174982766,0.414929170430543,1.26244317953499,0.859125481951762,0.632543802970751,1.08570716093277
0.909,0.816591784848695,0.839595294009227,0.415747974015964,1.26344261400249,0.859822253182305,0.634514637644768,1.08512986871984
0.91,0.817399372736199,0.840504413035688,0.416566575822407,1.26444225024897,0.860517271101109,0.636479342490919,1.0845551997113
0.911,0.81822543755147,0.841413532062149,0.41738497597909,1.26544208814521,0.861210533435529,0.638437765278115,1.08398330159294
0.912,0.819070858332034,0.84232265108861,0.418203174615414,1.26644212756181,0.861902037925808,0.640389750802274,1.08341432504934
0.913,0.81993649212167,0.843231770115072,0.419021171860952,1.26744236836919,0.862591782325083,0.642335140834177,1.08284842381599
0.914,0.820823173271976,0.844140889141533,0.419838967845454,1.26844281043761,0.863279764399393,0.644273774067601,1.08228575473118
0.915,0.821731712769618,0.845050008167994,0.420656562698846,1.26944345363714,0.863965981927695,0.646205486067798,1.08172647778759
0.916,0.822662897589754,0.845959127194455,0.421473956551227,1.27044429783768,0.864650432701871,0.648130109220462,1.08117075618328
0.917,0.82361749007609,0.846868246220916,0.422291149532869,1.27144534290896,0.865333114526734,0.650047472681304,1.08061875637216
0.918,0.824596227348015,0.847777365247377,0.423108141774215,1.27244658872054,0.866014025220044,0.651957402326395,1.08007064811369
0.919,0.825599820735213,0.848686484273838,0.423924933405883,1.27344803514179,0.866693162612511,0.65385972070339,1.07952660452163
0.92,0.826628955240149,0.849595603300299,0.424741524558659,1.27444968204194,0.867370524547811,0.655754246983825,1.0789868021118
0.921,0.82768428902876,0.85050472232676,0.4255579153635,1.27545152929002,0.868046108882588,0.657640796916606,1.07845142084857
0.922,0.828766452949701,0.851413841353221,0.426374105951531,1.27645357675491,0.868719913486468,0.659519182782951,1.07792064418999
0.923,0.829876050082419,0.852322960379683,0.427190096454047,1.27745582430532,0.869391936242066,0.661389213352878,1.07739465913125
0.924,0.831013655314341,0.853232079406144,0.42800588700251,1.27845827180978,0.870062175044996,0.663250693843545,1.07687365624645
0.925,0.832179814947396,0.854141198432605,0.428821477728549,1.27946091913666,0.870730627803877,0.665103425879547,1.07635782972821
0.926,0.833375046334097,0.855050317459066,0.429636868763957,1.28046376615417,0.871397292440344,0.666947207455504,1.07584737742518
0.927,0.834599837543357,0.855959436485527,0.430452060240695,1.28146681273036,0.872062166889055,0.668781832901111,1.075342500877
0.928,0.835854647056185,0.856868555511988,0.431267052290886,1.28247005873309,0.8727252490977,0.670607092848924,1.07484340534648
0.929,0.837139903491396,0.857777674538449,0.432081845046818,1.28347350403008,0.873386537027008,0.672422774205158,1.07435029984886
0.93,0.838456005361417,0.85868679356491,0.432896438640942,1.28447714848888,0.874046028650758,0.674228660123773,1.07386339717774
0.931,0.839803320858265,0.859595912591371,0.433710833205869,1.28548099197687,0.87470372195578,0.676024529984139,1.07338291392742
0.932,0.841182187669722,0.860505031617832,0.434525028874373,1.28648503436129,0.875359614941971,0.677810159372587,1.07290907051136
0.933,0.842592912825729,0.861414150644293,0.435339025779387,1.2874892755092,0.876013705622297,0.679585320068185,1.07244209117641
0.934,0.844035772574961,0.862323269670755,0.436152824054006,1.2884937152875,0.876665992022803,0.681349780033063,1.07198220401254
0.935,0.845511012291547,0.863232388697216,0.43696642383148,1.28949835356295,0.877316472182618,0.683103303407609,1.07152964095763
0.936,0.847018846411855,0.864141507723677,0.43777982524522,1.29050319020213,0.877965144153965,0.684845650510989,1.07108463779694
0.937,0.848559458401227,0.865050626750138,0.438593028428793,1.29150822507148,0.878612006002165,0.686576577847247,1.07064743415708
0.938,0.850133000750551,0.865959745776599,0.439406033515923,1.29251345803727,0.879257055805648,0.688295838117447,1.07021827349385
0.939,0.851739595002489,0.86686886480306,0.440218840640488,1.29351888896563,0.879900291655954,0.690003180238295,1.06979740307361
0.94,0.853379331807185,0.867777983829521,0.441031449936522,1.29452451772252,0.880541711657745,0.691698349367514,1.06938507394798
0.941,0.855052271007243,0.868687102855982,0.441843861538214,1.29553034417375,0.881181313928809,0.693381086936561,1.06898154092106
0.942,0.856758441751718,0.869596221882443,0.442656075579903,1.29653636818498,0.881819096600066,0.695051130690982,1.06858706250915
0.943,0.85849784263887,0.870505340908905,0.443468092196083,1.29754258962173,0.882455057815577,0.696708214738918,1.06820190089223
0.944,0.860270441887388,0.871414459935365,0.444279911521399,1.29854900834933,0.883089195732545,0.698352069608181,1.06782632185691
0.945,0.862076177535749,0.872323578961827,0.445091533690648,1.29955562423301,0.883721508521326,0.69998242231234,1.06746059473031
0.946,0.863914957669394,0.873232697988288,0.445902958838773,1.3005624371378,0.884351994365434,0.701598996426288,1.06710499230458
0.947,0.865786660675337,0.874141817014749,0.446714187100871,1.30156944692863,0.884980651461544,0.703201512171713,1.06675979075137
0.948,0.867691135523823,0.87505093604121,0.447525218612184,1.30257665347024,0.885607478019498,0.704789686512936,1.06642526952606
0.949,0.869628202076619,0.875960055067671,0.448336053508104,1.30358405662724,0.886232472262316,0.706363233263577,1.06610171126105
0.95,0.871597651421508,0.876869174094132,0.449146691924167,1.3045916562641,0.886855632426192,0.707921863204411,1.06578940164797
0.951,0.873599246232512,0.877778293120593,0.449957133996059,1.30559945224513,0.887476956760509,0.709465284212937,1.06548862930808
0.952,0.875632721155379,0.878687412147054,0.450767379859607,1.3066074444345,0.888096443527836,0.710993201404993,1.06519968565068
0.953,0.877697783217826,0.879596531173515,0.451577429650786,1.30761563269625,0.888714091003938,0.712505317288819,1.06492286471906
0.954,0.879794112264003,0.880505650199977,0.452387283505711,1.30862401689424,0.889329897477777,0.71400133193196,1.06465846302359
0.955,0.881921361412662,0.881414769226438,0.453196941560644,1.30963259689223,0.889943861251521,0.715480943141342,1.0644067793617
0.956,0.884079157538433,0.882323888252899,0.454006403951986,1.31064137255381,0.890555980640546,0.716943846656796,1.0641681146243
0.957,0.886267101775661,0.88323300727936,0.454815670816281,1.31165034374244,0.89116625397344,0.718389736358339,1.06394277158854
0.958,0.888484770044178,0.884142126305821,0.455624742290212,1.31265951032143,0.891774679592008,0.719818304487456,1.06373105469656
0.959,0.890731713596404,0.885051245332282,0.456433618510603,1.31366887215396,0.892381255851278,0.721229241882517,1.06353326982004
0.96,0.893007459585142,0.885960364358743,0.457242299614416,1.31467842910307,0.8929859811195,0.72262223822854,1.06334972401046
0.961,0.895311511651419,0.886869483385204,0.458050785738752,1.31568818103166,0.893588853778155,0.723996982321285,1.06318072523502
0.962,0.897643350531693,0.887778602411665,0.458859077020849,1.31669812780248,0.894189872221958,0.725353162345833,1.06302658209808
0.963,0.900002434683771,0.888687721438126,0.459667173598082,1.31770826927817,0.894789034858859,0.726690466169485,1.06288760354823
0.964,0.902388200930717,0.889596840464587,0.46047507560796,1.31871860532121,0.895386340110048,0.72800858164891,1.06276409857119
0.965,0.904800065122059,0.890505959491049,0.46128278318813,1.31972913579397,0.895981786409959,0.72930719695139,1.06265637586853
0.966,0.907237422811562,0.89141507851751,0.462090296476371,1.32073986055865,0.896575372206273,0.730586000889833,1.06256474352271
0.967,0.909699649950848,0.892324197543971,0.462897615610596,1.32175077947735,0.89716709595992,0.73184468327125,1.06248950864859
0.968,0.912186103598107,0.893233316570432,0.46370474072885,1.32276189241201,0.897756956145083,0.733082935258196,1.06243097703197
0.969,0.914696122641151,0.894142435596893,0.464511671969312,1.32377319922447,0.898344951249201,0.73430044974272,1.06238945275568
0.97,0.917229028534041,0.895051554623354,0.465318409470289,1.32478469977642,0.898931079772971,0.735496921732109,1.06236523781383
0.971,0.919784126046528,0.895960673649815,0.466124953370222,1.32579639392941,0.899515340230352,0.73667204874576,1.06235863171494
0.972,0.922360704025502,0.896869792676276,0.466931303807677,1.32680828154488,0.900097731148565,0.737825531222335,1.06236993107479
0.973,0.924958036167697,0.897778911702737,0.467737460921354,1.32782036248412,0.900678251068098,0.738957072936249,1.06239942919995
0.974,0.927575381802813,0.898688030729198,0.468543424850076,1.32883263660832,0.901256898542706,0.740066381422526,1.06244741566289
0.975,0.930211986686301,0.89959714975566,0.469349195732798,1.32984510377852,0.901833672139416,0.741153168408816,1.06251417587001
0.976,0.932867083800959,0.900506268782121,0.470154773708596,1.33085776385564,0.902408570438524,0.742217150253414,1.06259999062363
0.977,0.935539894166574,0.901415387808582,0.470960158916677,1.33187061670049,0.902981592033603,0.743258048387931,1.06270513567927
0.978,0.938229627656759,0.902324506835043,0.47176535149637,1.33288366217372,0.9035527355315,0.744275589763237,1.06282988129976
0.979,0.940935483822194,0.903233625861504,0.472570351587128,1.33389690013588,0.90412199955234,0.74526950729713,1.06297449180755
0.98,0.943656652719439,0.904142744887965,0.473375159328528,1.3349103304474,0.904689382729525,0.746239540322193,1.06313922513686
0.981,0.946392315744511,0.905051863914426,0.47417977486027,1.33592395296858,0.905254883709739,0.747185435032252,1.06332433238723
0.982,0.949141646470396,0.905960982940887,0.474984198322175,1.3369377675596,0.905818501152946,0.748106944925563,1.06353005738033
0.983,0.951903811487683,0.906870101967348,0.475788429854186,1.33795177408051,0.906380233732394,0.749003831243151,1.06375663622164
0.984,0.954677971247501,0.907779220993809,0.476592469596364,1.33896597239125,0.906940080134609,0.749875863400376,1.06400429686884
0.985,0.957463280905945,0.908688340020271,0.477396317688893,1.33998036235165,0.907498039059407,0.750722819409937,1.06427325870888
0.986,0.960258891169175,0.909597459046732,0.478199974272072,1.34099494382139,0.908054109219885,0.751544486294447,1.06456373214532
0.987,0.96306394913838,0.910506578073193,0.479003439486322,1.34200971666006,0.908608289342427,0.752340660486728,1.06487591819813
0.988,0.965877599153803,0.911415697099654,0.479806713472177,1.34302468072713,0.909160578166701,0.753111148215962,1.06521000811744
0.989,0.968698983637031,0.912324816126115,0.480609796370289,1.34403983588194,0.909710974445661,0.753855765877898,1.06556618301342
0.99,0.971527243930741,0.913233935152576,0.481412688321428,1.34505518198372,0.910259476945548,0.75457434038731,1.06594461350379
0.991,0.974361521135134,0.914143054179037,0.482215389466476,1.3460707188916,0.910806084445888,0.755266709510924,1.06634545938085
0.992,0.97720095694026,0.915052173205498,0.48301789994643,1.34708644646457,0.911350795739494,0.755932722179295,1.06676886929969
0.993,0.98004469445347,0.915961292231959,0.483820219902399,1.34810236456152,0.911893609632464,0.756572238775858,1.06721498048907
0.994,0.982891879021223,0.91687041125842,0.484622349475608,1.34911847304123,0.91243452494418,0.757185131401822,1.06768391848654
0.995,0.985741659044505,0.917779530284882,0.485424288807392,1.35013477176237,0.912973540507311,0.757771284115465,1.06817579689916
0.996,0.988593186787099,0.918688649311343,0.486226038039194,1.35115126058349,0.91351065516781,0.758330593144595,1.06869071719103
0.997,0.991445619175987,0.919597768337804,0.487027597312573,1.35216793936303,0.914045867784912,0.758862967071067,1.06922876849876
0.998,0.994298118593141,0.920506887364265,0.487828966769194,1.35318480795934,0.914579177231135,0.75936832698641,1.06979002747586
0.999,0.997149853658011,0.921416006390726,0.488630146550831,1.35420186623062,0.915110582392281,0.759846606617719,1.07037455816684
1,1,0.922325125417187,0.489431136799367,1.35521911403501,0.915640082167428,0.760297752423185,1.07098241191167
1.001,1.00284774102024,0.923234244443648,0.490231937656792,1.3562365512305,0.916167675468938,0.760721723656848,1.07161362728103
1.002,1.00569226864198,0.924143363470109,0.491032549265202,1.35725417767502,0.916693361222448,0.761118492402153,1.07226823004274
1.003,1.00853278404899,0.92505248249657,0.4918329717668,1.35827199322634,0.917217138366872,0.761488043574327,1.07294623315942
1.004,1.01136849841124,0.925961601523031,0.492633205303892,1.35928999774217,0.917739005854399,0.761830374891532,1.07364763681727
1.005,1.01419863359729,0.926870720549492,0.493433250018891,1.36030819108009,0.918258962650491,0.762145496815085,1.0743724284859
1.006,1.01702242287278,0.927779839575953,0.494233106054311,1.3613265730976,0.918777007733882,0.762433432459161,1.0751205830086
1.007,1.01983911158438,0.928688958602415,0.49503277355277,1.36234514365206,0.919293140096572,0.762694217470518,1.07589206272263
1.008,1.02264795782868,0.929598077628876,0.495832252656987,1.36336390260076,0.919807358743833,0.762927899879061,1.07668681760861
1.009,1.0254482331054,0.930507196655337,0.496631543509785,1.36438284980089,0.920319662694197,0.763134539920079,1.07750478546832
1.01,1.02823922295437,0.931416315681798,0.497430646254083,1.36540198510951,0.920830050979461,0.763314209829235,1.07834589212969
1.011,1.03102022757586,0.932325434708259,0.498229561032905,1.36642130838361,0.921338522644681,0.763466993611547,1.07921005167782
1.012,1.03379056243356,0.93323455373472,0.49902828798937,1.36744081948007,0.921845076748171,0.763592986785577,1.08009716671076
1.013,1.03654955883995,0.934143672761181,0.499826827266698,1.36846051825567,0.922349712361497,0.76369229610432,1.08100712861867
1.014,1.03929656452336,0.935052791787642,0.500625179008203,1.36948040456708,0.922852428569481,0.763765039254311,1.08193981788465
1.015,1.04203094417647,0.935961910814104,0.5014233433573,1.37050047827091,0.923353224470189,0.763811344534536,1.08289510440584
1.016,1.04475207998566,0.936871029840564,0.502221320457496,1.37152073922363,0.923852099174935,0.763831350516838,1.08387284783303
1.017,1.0474593721409,0.937780148867026,0.503019110452398,1.37254118728165,0.924349051808274,0.763825205689532,1.08487289792702
1.018,1.05015223932577,0.938689267893487,0.503816713485704,1.37356182230127,0.924844081508001,0.763793068086053,1.08589509492995
1.019,1.05283011918716,0.939598386919948,0.504614129701206,1.37458264413869,0.925337187425145,0.763735104900343,1.08693926994995
1.02,1.05549246878447,0.940507505946409,0.505411359242791,1.37560365265003,0.925828368723967,0.763651492090892,1.08800524535704
1.021,1.05813876501777,0.94141662497287,0.506208402254437,1.3766248476913,0.926317624581958,0.763542413975162,1.08909283518875
1.022,1.06076850503479,0.942325743999331,0.507005258880214,1.37764622911845,0.926804954189826,0.763408062816209,1.09020184556344
1.023,1.06338120661642,0.943234863025792,0.507801929264283,1.3786677967873,0.92729035675151,0.763248638403275,1.09133207509974
1.024,1.06597640854031,0.944143982052253,0.508598413550894,1.37968955055361,0.927773831484153,0.763064347628052,1.09248331534025
1.025,1.06855367092258,0.945053101078714,0.509394711884388,1.38071149027304,0.92825537761812,0.762855404058336,1.0936553511779
1.026,1.0711125755372,0.945962220105175,0.510190824409195,1.38173361580116,0.928734994396975,0.762622027510615,1.09484796128333
1.027,1.07365272611298,0.946871339131637,0.510986751269831,1.38275592699344,0.929212681077489,0.762364443623192,1.09606091853179
1.028,1.07617374860788,0.947780458158098,0.5117824926109,1.38377842370529,0.92968843692963,0.762082883431313,1.09729399042795
1.029,1.07867529146069,0.948689577184559,0.512578048577095,1.38480110579202,0.930162261236561,0.761777582945655,1.09854693952747
1.03,1.08115702581965,0.94959869621102,0.51337341931319,1.38582397310885,0.930634153294629,0.761448782735509,1.09981952385375
1.031,1.08361864574821,0.950507815237481,0.514168604964048,1.38684702551091,0.93110411241337,0.761096727517855,1.10111149730888
1.032,1.08605986840762,0.951416934263942,0.514963605674615,1.38787026285327,0.931572137915493,0.760721665753473,1.10242261007751
1.033,1.08848043421641,0.952326053290403,0.515758421589919,1.38889368499089,0.932038229136883,0.760323849251089,1.10375260902268
1.034,1.0908801069867,0.953235172316864,0.516553052855075,1.38991729177865,0.932502385426593,0.759903532780494,1.10510123807269
1.035,1.09325867403726,0.954144291343325,0.517347499615276,1.39094108307137,0.932964606146837,0.759460973695509,1.10646823859816
1.036,1.09561594628341,0.955053410369786,0.518141762015799,1.39196505872377,0.933424890672985,0.758996431567454,1.10785334977852
1.037,1.09795175830372,0.955962529396247,0.518935840202,1.39298921859049,0.933883238393559,0.758510167829858,1.10925630895726
1.038,1.10026596838364,0.956871648422709,0.519729734319316,1.3940135625261,0.934339648710226,0.758002445434935,1.11067685198552
1.039,1.10255845853599,0.95778076744917,0.520523444513263,1.39503809038508,0.934794121037792,0.757473528522229,1.11211471355335
1.04,1.10482913449859,0.958689886475631,0.521316970929436,1.39606280202183,0.935246654804194,0.756923682099925,1.11356962750846
1.041,1.10707792570895,0.959599005502092,0.522110313713506,1.39708769729068,0.935697249450496,0.756353171739062,1.11504132716193
1.042,1.1093047852563,0.960508124528553,0.522903473011225,1.39811277604588,0.936145904430887,0.755762263280848,1.11652954558093
1.043,1.11150968981106,0.961417243555014,0.523696448968418,1.39913803814161,0.936592619212664,0.755151222557296,1.11803401586803
1.044,1.11369263953193,0.962326362581475,0.524489241730986,1.40016348343196,0.937037393276233,0.754520315125206,1.11955447142726
1.045,1.11585365795074,0.963235481607936,0.525281851444906,1.40118911177097,0.937480226115102,0.75386980601357,1.12109064621663
1.046,1.11799279183545,0.964144600634397,0.52607427825623,1.40221492301257,0.93792111723587,0.753199959484289,1.12264227498745
1.047,1.12011011103127,0.965053719660858,0.526866522311081,1.40324091701064,0.938360066158227,0.752511038806167,1.12420909351029
1.048,1.12220570828043,0.96596283868732,0.527658583755658,1.40426709361898,0.938797072414937,0.751803306042039,1.12579083878784
1.049,1.1242796990207,0.966871957713781,0.528450462736229,1.40529345269133,0.939232135551842,0.751077021848797,1.12738724925489
1.05,1.12633222116301,0.967781076740242,0.529242159399137,1.40631999408135,0.939665255127846,0.750332445290144,1.12899806496555
1.051,1.12836343484846,0.968690195766703,0.530033673890793,1.40734671764261,0.940096430714911,0.749569833661793,1.13062302776803
1.052,1.13037352218511,0.969599314793164,0.530825006357679,1.40837362322865,0.94052566189805,0.748789442328788,1.13226188146731
1.053,1.13236268696482,0.970508433819625,0.531616156946345,1.4094007106929,0.940952948275318,0.747991524574707,1.13391437197593
1.054,1.13433115436059,0.971417552846086,0.532407125803413,1.41042797988876,0.941378289457804,0.747176331462313,1.1355802474533
1.055,1.13627917060468,0.972326671872547,0.533197913075569,1.41145543066953,0.941801685069627,0.746344111705352,1.1372592584339
1.056,1.13820700264804,0.973235790899008,0.53398851890957,1.41248306288845,0.94222313474792,0.745495111551116,1.13895115794472
1.057,1.14011493780128,0.974144909925469,0.534778943452236,1.4135108763987,0.942642638142831,0.74462957467335,1.14065570161231
1.058,1.14200328335789,0.97505402895193,0.535569186850455,1.41453887105341,0.943060194917507,0.743747742075144,1.14237264775987
1.059,1.14387236619983,0.975963147978392,0.53635924925118,1.4155670467056,0.943475804748091,0.74284985200138,1.1441017574948
1.06,1.14572253238619,0.976872267004853,0.537149130801429,1.41659540320828,0.943889467323712,0.741936139860337,1.14584279478709
1.061,1.14755414672532,0.977781386031314,0.537938831648281,1.41762394041435,0.944301182346473,0.741006838154036,1.14759552653891
1.062,1.14936759233091,0.978690505057775,0.538728351938881,1.41865265817667,0.944710949531449,0.740062176416939,1.14935972264596
1.063,1.15116327016248,0.979599624084236,0.539517691820436,1.41968155634804,0.945118768606671,0.739102381162558,1.15113515605078
1.064,1.15294159855089,0.980508743110697,0.540306851440213,1.42071063478118,0.94552463931312,0.73812767583759,1.15292160278865
1.065,1.15470301270934,0.981417862137158,0.541095830945542,1.42173989332877,0.945928561404723,0.737138280783225,1.15471884202622
1.066,1.15644796423038,0.982326981163619,0.541884630483813,1.42276933184343,0.946330534648333,0.736134413203122,1.15652665609354
1.067,1.15817692056953,0.98323610019008,0.542673250202474,1.42379895017769,0.94673055882373,0.735116287137819,1.15834483050964
1.068,1.159890364516,0.984145219216542,0.543461690249034,1.42482874818405,0.947128633723605,0.734084113445089,1.16017315400212
1.069,1.16158879365115,0.985054338243002,0.544249950771059,1.42585872571495,0.947524759153553,0.733038099785926,1.16201141852118
1.07,1.16327271979522,0.985963457269464,0.545038031916173,1.42688888262275,0.947918934932063,0.731978450615819,1.16385941924831
1.071,1.16494266844294,0.986872576295925,0.545825933832057,1.42791921875979,0.948311160890509,0.730905367180952,1.16571695460007
1.072,1.16659917818858,0.987781695322386,0.546613656666449,1.42894973397832,0.948701436873139,0.729819047519008,1.16758382622727
1.073,1.1682428001411,0.988690814348847,0.547401200567142,1.42998042813055,0.949089762737064,0.728719686464263,1.16945983900987
1.074,1.16987409732992,0.989599933375308,0.548188565681982,1.43101130106863,0.949476138352251,0.727607475656678,1.17134480104782
1.075,1.17149364410203,0.990509052401769,0.548975752158872,1.43204235264467,0.949860563601509,0.726482603554648,1.17323852364837
1.076,1.17310202551098,0.99141817142823,0.549762760145767,1.43307358271069,0.950243038380483,0.725345255451213,1.17514082130975
1.077,1.17469983669836,0.992327290454691,0.550549589790676,1.43410499111871,0.950623562597638,0.724195613493371,1.1770515117019
1.078,1.17628768226852,0.993236409481152,0.55133624124166,1.43513657772065,0.951002136174253,0.723033856704315,1.17897041564419
1.079,1.17786617565699,0.994145528507614,0.55212271464683,1.4361683423684,0.951378759044409,0.721860161008286,1.18089735708053
1.08,1.17943593849341,0.995054647534075,0.552909010154349,1.4372002849138,0.951753431154978,0.720674699257878,1.18283216305208
1.081,1.18099759995942,0.995963766560536,0.553695127912431,1.43823240520864,0.952126152465611,0.719477641263517,1.18477466366771
1.082,1.18255179614232,0.996872885586997,0.554481068069339,1.43926470310465,0.952496922948729,0.71826915382494,1.18672469207252
1.083,1.1840991693851,0.997782004613458,0.555266830773383,1.44029717845353,0.952865742589508,0.717049400764462,1.18868208441455
1.084,1.18564036763333,0.998691123639919,0.556052416172925,1.44132983110691,0.953232611385874,0.715818542961875,1.19064667980987
1.085,1.1871760437798,0.99960024266638,0.55683782441637,1.44236266091639,0.953597529348487,0.714576738390755,1.19261832030622
1.086,1.18870685500735,1.00050936169284,0.557623055652174,1.44339566773351,0.953960496500729,0.713324142156052,1.19459685084541
1.087,1.19023346213061,1.0014184807193,0.558408110028836,1.44442885140977,0.954321512878695,0.712060906532798,1.19658211922459
1.088,1.19175652893731,1.00232759974576,0.559192987694904,1.44546221179662,0.95468057853118,0.710787181005793,1.19857397605657
1.089,1.19327672152973,1.00323671877222,0.559977688798968,1.44649574874548,0.955037693519668,0.709503112310102,1.20057227472923
1.09,1.19479470766697,1.00414583779869,0.560762213489662,1.44752946210771,0.955392857918319,0.708208844472303,1.20257687136433
1.091,1.19631115610863,1.00505495682515,0.561546561915667,1.44856335173463,0.955746071813956,0.706904518852277,1.20458762477564
1.092,1.19782673596059,1.00596407585161,0.562330734225704,1.44959741747751,0.956097335306056,0.70559027418551,1.2066043964266
1.093,1.19934211602346,1.00687319487807,0.563114730568536,1.4506316591876,0.956446648506736,0.704266246625772,1.2086270503877
1.094,1.20085796414424,1.00778231390453,0.563898551092971,1.45166607671609,0.956794011540737,0.702932569788056,1.21065545329342
1.095,1.20237494657199,1.00869143293099,0.564682195947854,1.45270066991413,0.957139424545419,0.70158937479173,1.21268947429911
1.096,1.20389372731796,1.00960055195745,0.565465665282073,1.45373543863283,0.957482887670743,0.700236790303784,1.2147289850377
1.097,1.20541496752075,1.01050967098391,0.566248959244554,1.45477038272327,0.957824401079258,0.69887494258213,1.21677385957638
1.098,1.20693932481724,1.01141879001037,0.567032077984263,1.45580550203649,0.958163964946091,0.69750395551885,1.21882397437333
1.099,1.20846745271975,1.01232790903684,0.567815021650206,1.45684079642346,0.958501579458935,0.69612395068335,1.22087920823452
1.1,1.21,1.0132370280633,0.568597790391423,1.45787626573517,0.958837244818028,0.694735047365361,1.22293944227069
1.101,1.21153761008048,1.01414614708976,0.569380384356995,1.45891190982252,0.959170961236151,0.693337362617714,1.22500455985459
1.102,1.2130809204338,1.01505526611622,0.570162803696037,1.4599477285364,0.959502728938607,0.691931011298871,1.22707444657834
1.103,1.21463056199043,1.01596438514268,0.5709450485577,1.46098372172766,0.959832548163209,0.690516106115133,1.22914899021128
1.104,1.21618715855559,1.01687350416914,0.571727119091172,1.46201988924711,0.960160419160269,0.689092757662509,1.23122808065803
1.105,1.21775132623551,1.0177826231956,0.572509015445675,1.46305623094553,0.960486342192581,0.687661074468195,1.23331160991697
1.106,1.21932367287392,1.01869174222206,0.573290737770463,1.46409274667366,0.960810317535411,0.686221163031645,1.23539947203918
1.107,1.22090479749889,1.01960086124852,0.574072286214825,1.46512943628222,0.961132345476481,0.68477312786518,1.23749156308778
1.108,1.22249528978084,1.02050998027499,0.574853660928083,1.46616629962189,0.961452426315953,0.683317071534127,1.23958778109778
1.109,1.224095729502,1.02141909930145,0.575634862059592,1.4672033365433,0.961770560366419,0.681853094696479,1.24168802603636
1.11,1.22570668603779,1.02232821832791,0.576415889758734,1.46824054689708,0.962086747952885,0.680381296142005,1.24379219976376
1.111,1.22732871785064,1.02323733735437,0.577196744174928,1.46927793053381,0.962400989412755,0.678901772830829,1.24590020599468
1.112,1.22896237199662,1.02414645638083,0.577977425457617,1.47031548730404,0.962713285095822,0.677414619931497,1.24801195026015
1.113,1.23060818364536,1.02505557540729,0.578757933756279,1.4713532170583,0.963023635364247,0.675919930858412,1.25012733987008
1.114,1.23226667561358,1.02596469443375,0.579538269220418,1.47239111964709,0.963332040592549,0.674417797308742,1.25224628387635
1.115,1.23393835791264,1.02687381346021,0.580318431999567,1.47342919492086,0.963638501167587,0.672908309298716,1.25436869303646
1.116,1.23562372731058,1.02778293248667,0.581098422243286,1.47446744273006,0.963943017488548,0.671391555199336,1.25649447977776
1.117,1.23732326690885,1.02869205151314,0.581878240101164,1.47550586292511,0.964245589966932,0.669867621771475,1.25862355816239
1.118,1.23903744573422,1.0296011705396,0.582657885722814,1.47654445535638,0.964546219026534,0.668336594200382,1.26075584385269
1.119,1.24076671834603,1.03051028956606,0.583437359257876,1.47758321987424,0.964844905103433,0.666798556129569,1.2628912540773
1.12,1.24251152445931,1.03141940859252,0.584216660856016,1.47862215632902,0.965141648645973,0.665253589694092,1.26502970759785
1.121,1.24427228858386,1.03232852761898,0.584995790666923,1.47966126457104,0.965436450114751,0.663701775553222,1.26717112467628
1.122,1.24604941967964,1.03323764664544,0.585774748840313,1.48070054445057,0.965729309982599,0.662143192922487,1.26931542704271
1.123,1.24784331082877,1.0341467656719,0.586553535525922,1.48173999581788,0.966020228734568,0.660577919605125,1.27146253786401
1.124,1.24965433892434,1.03505588469836,0.587332150873511,1.48277961852322,0.966309206867918,0.659006032022927,1.27361238171291
1.125,1.25148286437627,1.03596500372482,0.588110595032861,1.48381941241679,0.966596244892095,0.657427605246464,1.27576488453772
1.126,1.25332923083437,1.03687412275129,0.588888868153777,1.48485937734879,0.966881343328718,0.655842713024711,1.27791997363273
1.127,1.25519376492891,1.03778324177775,0.589666970386084,1.48589951316941,0.967164502711565,0.654251427814096,1.28007757760904
1.128,1.25707677602879,1.03869236080421,0.590444901879628,1.48693981972879,0.967445723586555,0.652653820806931,1.28223762636618
1.129,1.25897855601742,1.03960147983067,0.591222662784273,1.48798029687706,0.967725006511733,0.651049961959286,1.28440005106418
1.13,1.2608993790866,1.04051059885713,0.592000253249905,1.48902094446435,0.968002352057251,0.64943992001825,1.28656478409625
1.131,1.26283950154835,1.04141971788359,0.592777673426425,1.49006176234076,0.968277760805354,0.64782376254865,1.28873175906206
1.132,1.26479916166491,1.04232883691005,0.593554923463756,1.49110275035635,0.968551233350365,0.646201555959187,1.29090091074154
1.133,1.26677857949698,1.04323795593651,0.594332003511835,1.49214390836119,0.968822770298664,0.644573365528024,1.2930721750693
1.134,1.26877795677016,1.04414707496297,0.595108913720618,1.49318523620533,0.969092372268678,0.642939255427803,1.29524548910955
1.135,1.27079747675979,1.04505619398943,0.595885654240075,1.49422673373879,0.969360039890856,0.641299288750159,1.29742079103155
1.136,1.27283730419414,1.0459653130159,0.596662225220196,1.4952684008116,0.969625773807659,0.639653527529653,1.29959802008567
1.137,1.27489758517597,1.04687443204236,0.59743862681098,1.49631023727373,0.96988957467354,0.638002032767207,1.30177711657987
1.138,1.27697844712243,1.04778355106882,0.598214859162446,1.49735224297519,0.970151443154926,0.636344864453019,1.30395802185683
1.139,1.27907999872335,1.04869267009528,0.598990922424622,1.49839441776594,0.970411379930204,0.634682081588965,1.30614067827144
1.14,1.28120232991784,1.04960178912174,0.599766816747555,1.49943676149593,0.970669385689703,0.633013742210498,1.30832502916891
1.141,1.2833455118891,1.0505109081482,0.600542542281298,1.5004792740151,0.970925461135672,0.631339903408055,1.31051101886329
1.142,1.28550959707745,1.05142002717466,0.601318099175922,1.5015219551734,0.97117960698227,0.629660621347992,1.31269859261655
1.143,1.28769461921142,1.05232914620112,0.602093487581506,1.50256480482074,0.971431823955544,0.627975951293033,1.31488769661805
1.144,1.28990059335686,1.05323826522758,0.602868707648141,1.50360782280703,0.971682112793411,0.626285947622265,1.31707827796456
1.145,1.29212751598384,1.05414738425405,0.603643759525929,1.50465100898216,0.971930474245641,0.624590663850659,1.31927028464062
1.146,1.29437536505131,1.05505650328051,0.60441864336498,1.50569436319603,0.972176909073842,0.622890152648177,1.32146366549951
1.147,1.29664410010933,1.05596562230697,0.605193359315416,1.50673788529852,0.972421418051436,0.621184465858394,1.32365837024448
1.148,1.29893366241861,1.05687474133343,0.605967907527365,1.50778157513949,0.972664001963647,0.619473654516747,1.32585434941055
1.149,1.30124397508732,1.05778386035989,0.606742288150965,1.50882543256882,0.972904661607482,0.617757768868309,1.32805155434666
1.15,1.30357494322483,1.05869297938635,0.60751650133636,1.50986945743634,0.973143397791709,0.616036858385186,1.33024993719823
1.151,1.30592645411225,1.05960209841281,0.608290547233701,1.51091364959192,0.973380211336839,0.614310971783503,1.33244945089018
1.152,1.30829837738949,1.06051121743927,0.609064425993148,1.5119580088854,0.973615103075114,0.612580157039994,1.33465004911024
1.153,1.31069056525855,1.06142033646573,0.609838137764864,1.51300253516661,0.973848073850482,0.610844461408198,1.33685168629277
1.154,1.31310285270293,1.0623294554922,0.610611682699017,1.51404722828537,0.97407912451858,0.609103931434287,1.33905431760287
1.155,1.31553505772264,1.06323857451866,0.611385060945782,1.51509208809153,0.974308255946716,0.607358612972531,1.3412578989209
1.156,1.31798698158475,1.06414769354512,0.612158272655337,1.5161371144349,0.97453546901385,0.605608551200378,1.34346238682732
1.157,1.32045840908904,1.06505681257158,0.612931317977863,1.5171823071653,0.974760764610576,0.603853790633206,1.34566773858795
1.158,1.32294910884843,1.06596593159804,0.613704197063545,1.51822766613254,0.974984143639099,0.602094375138716,1.34787391213948
1.159,1.32545883358391,1.0668750506245,0.614476910062569,1.51927319118643,0.975205607013224,0.600330347950988,1.35008086607546
1.16,1.32798732043366,1.06778416965096,0.615249457125124,1.5203188821768,0.975425155658328,0.598561751684213,1.35228855963244
1.161,1.3305342912758,1.06869328867742,0.616021838401401,1.52136473895345,0.975642790511346,0.596788628346091,1.3544969526766
1.162,1.33309945306472,1.06960240770388,0.61679405404159,1.52241076136618,0.97585851252075,0.595011019350935,1.35670600569056
1.163,1.33568249818026,1.07051152673035,0.617566104195883,1.52345694926481,0.976072322646529,0.593228965532439,1.35891567976062
1.164,1.33828310478968,1.07142064575681,0.618337989014471,1.52450330249914,0.976284221860173,0.59144250715617,1.36112593656417
1.165,1.34090093722174,1.07232976478327,0.619109708647543,1.52554982091899,0.976494211144647,0.589651683931755,1.36333673835754
1.166,1.34353564635263,1.07323888380973,0.619881263245289,1.52659650437417,0.976702291494377,0.587856535024776,1.36554804796398
1.167,1.34618687000337,1.07414800283619,0.620652652957895,1.52764335271449,0.976908463915229,0.586057099068404,1.36775982876205
1.168,1.34885423334801,1.07505712186265,0.621423877935545,1.52869036578976,0.977112729424488,0.584253414174735,1.36997204467424
1.169,1.35153734933254,1.07596624088911,0.62219493832842,1.5297375434498,0.977315089050835,0.582445517945876,1.37218466015579
1.17,1.35423581910373,1.07687535991557,0.622965834286699,1.53078488554445,0.977515543834333,0.580633447484771,1.3743976401839
1.171,1.35694923244766,1.07778447894203,0.623736565960554,1.53183239192351,0.977714094826406,0.578817239405758,1.37661095024705
1.172,1.3596771682374,1.0786935979685,0.624507133500154,1.53288006243684,0.977910743089812,0.576996929844894,1.37882455633473
1.173,1.36241919488934,1.07960271699496,0.625277537055664,1.53392789693425,0.97810548969863,0.575172554470024,1.38103842492724
1.174,1.36517487082778,1.08051183602142,0.62604777677724,1.53497589526559,0.978298335738238,0.573344148490633,1.38325252298584
1.175,1.3679437449572,1.08142095504788,0.626817852815036,1.53602405728072,0.978489282305289,0.571511746667434,1.38546681794314
1.176,1.3707253571418,1.08233007407434,0.627587765319194,1.53707238282949,0.978678330507695,0.569675383321769,1.38768127769362
1.177,1.37351923869177,1.0832391931008,0.628357514439854,1.53812087176175,0.978865481464601,0.567835092344764,1.38989587058444
1.178,1.37632491285579,1.08414831212726,0.629127100327145,1.53916952392738,0.979050736306372,0.565990907206281,1.39211056540646
1.179,1.37914189531935,1.08505743115372,0.629896523131189,1.54021833917626,0.979234096174565,0.564142860963648,1.39432533138548
1.18,1.38196969470819,1.08596655018018,0.630665783002097,1.54126731735827,0.979415562221908,0.562290986270208,1.39654013817361
1.181,1.3848078130966,1.08687566920665,0.631434880089974,1.54231645832332,0.979595135612286,0.560435315383645,1.39875495584093
1.182,1.38765574651988,1.08778478823311,0.632203814544911,1.5433657619213,0.979772817520713,0.558575880174127,1.4009697548673
1.183,1.39051298549047,1.08869390725957,0.632972586516993,1.54441522800214,0.979948609133312,0.556712712132259,1.40318450613437
1.184,1.3933790155174,1.08960302628603,0.633741196156289,1.54546485641577,0.980122511647297,0.554845842376849,1.40539918091775
1.185,1.39625331762833,1.09051214531249,0.634509643612862,1.54651464701212,0.980294526270949,0.552975301662493,1.40761375087941
1.186,1.39913536889374,1.09142126433895,0.635277929036759,1.54756459964114,0.980464654223594,0.551101120386987,1.4098281880602
1.187,1.40202464295288,1.09233038336541,0.636046052578016,1.54861471415281,0.980632896735582,0.549223328598562,1.4120424648726
1.188,1.40492061054074,1.09323950239187,0.636814014386655,1.54966499039709,0.980799255048267,0.547341956002957,1.41425655409358
1.189,1.40782274001574,1.09414862141833,0.637581814612685,1.55071542822398,0.980963730413984,0.545457031970325,1.41647042885764
1.19,1.4107304978875,1.0950577404448,0.638349453406102,1.55176602748349,0.981126324096026,0.543568585541977,1.41868406265007
1.191,1.41364334934418,1.09596685947126,0.639116930916886,1.55281678802563,0.981287037368623,0.541676645436979,1.42089742930027
1.192,1.41656075877895,1.09687597849772,0.639884247295002,1.55386770970043,0.981445871516923,0.539781240058589,1.42311050297526
1.193,1.41948219031509,1.09778509752418,0.640651402690401,1.55491879235796,0.981602827836964,0.537882397500545,1.42532325817338
1.194,1.42240710832909,1.09869421655064,0.641418397253015,1.55597003584826,0.981757907635656,0.53598014555322,1.42753566971809
1.195,1.42533497797144,1.0996033355771,0.642185231132763,1.55702144002144,0.98191111223076,0.53407451170962,1.4297477127519
1.196,1.42826526568442,1.10051245460356,0.642951904479544,1.55807300472758,0.98206244295086,0.532165523171262,1.43195936273046
1.197,1.43119743971662,1.10142157363002,0.643718417443241,1.5591247298168,0.982211901135346,0.530253206853895,1.4341705954168
1.198,1.4341309706335,1.10233069265648,0.644484770173718,1.56017661513925,0.982359488134391,0.528337589393116,1.43638138687567
1.199,1.43706533182359,1.10323981168295,0.64525096282082,1.56122866054507,0.982505205308924,0.526418697149839,1.43859171346801
1.2,1.44,1.10414893070941,0.646016995534376,1.56228086588444,0.982649054030613,0.524496556215649,1.44080155184558
1.201,1.44293445569647,1.10505804973587,0.646782868464191,1.56333323100754,0.982791035681839,0.522571192418027,1.44301087894565
1.202,1.4458681837578,1.10596716876233,0.647548581760052,1.5643857557646,0.982931151655673,0.520642631325471,1.44521967198588
1.203,1.44880067382409,1.10687628778879,0.648314135571728,1.56543844000585,0.983069403355855,0.518710898252477,1.44742790845923
1.204,1.45173142080824,1.10778540681525,0.649079530048962,1.56649128358154,0.983205792196771,0.516776018264434,1.44963556612911
1.205,1.45465992536652,1.10869452584171,0.649844765341479,1.56754428634194,0.983340319603427,0.514838016182391,1.45184262302446
1.206,1.45758569436153,1.10960364486817,0.650609841598981,1.56859744813736,0.983472987011429,0.512896916587719,1.45404905743514
1.207,1.46050824131733,1.11051276389463,0.651374758971147,1.56965076881812,0.98360379586696,0.510952743826678,1.45625484790724
1.208,1.46342708686619,1.11142188292109,0.652139517607635,1.57070424823456,0.983732747626754,0.509005522014864,1.45845997323864
1.209,1.46634175918669,1.11233100194756,0.652904117658076,1.57175788623704,0.983859843758073,0.507055275041578,1.46066441247457
1.21,1.46925179443262,1.11324012097402,0.65366855927208,1.57281168267595,0.983985085738689,0.50510202657408,1.4628681449033
1.211,1.47215673715251,1.11414924000048,0.654432842599231,1.57386563740173,0.984108475056853,0.503145800061755,1.46507115005195
1.212,1.47505614069925,1.11505835902694,0.65519696778909,1.57491975026479,0.984230013211273,0.501186618740182,1.46727340768236
1.213,1.47794956762945,1.1159674780534,0.655960934991191,1.57597402111561,0.984349701711097,0.499224505635124,1.46947489778707
1.214,1.4808365900924,1.11687659707986,0.656724744355042,1.57702844980468,0.984467542075881,0.49725948356641,1.47167560058535
1.215,1.48371679020798,1.11778571610632,0.657488396030125,1.57808303618252,0.984583535835569,0.495291575151754,1.47387549651938
1.216,1.48658976043348,1.11869483513278,0.658251890165897,1.57913778009967,0.984697684530469,0.49332080281047,1.47607456625047
1.217,1.48945510391884,1.11960395415924,0.659015226911785,1.58019268140671,0.984809989711228,0.491347188767112,1.47827279065535
1.218,1.49231243485014,1.12051307318571,0.659778406417189,1.58124773995422,0.98492045293881,0.489370755055039,1.48047015082258
1.219,1.4951613787809,1.12142219221217,0.660541428831482,1.58230295559285,0.98502907578447,0.487391523519896,1.48266662804904
1.22,1.49800157295112,1.12233131123863,0.661304294304008,1.58335832817325,0.985135859829729,0.485409515823014,1.48486220383644
1.221,1.50083266659363,1.12324043026509,0.66206700298408,1.5844138575461,0.985240806666353,0.48342475344475,1.48705685988796
1.222,1.50365432122754,1.12414954929155,0.662829555020984,1.58546954356212,0.985343917896327,0.481437257687742,1.48925057810491
1.223,1.50646621093868,1.12505866831801,0.663591950563975,1.58652538607205,0.985445195131828,0.479447049680087,1.49144334058357
1.224,1.5092680226466,1.12596778734447,0.664354189762277,1.58758138492667,0.985544639995206,0.477454150378476,1.49363512961194
1.225,1.51205945635813,1.12687690637093,0.665116272765084,1.58863753997678,0.985642254118954,0.475458580571224,1.49582592766668
1.226,1.51484022540718,1.12778602539739,0.665878199721557,1.58969385107323,0.985738039145686,0.473460360881272,1.4980157174101
1.227,1.51761005668067,1.12869514442386,0.666639970780827,1.59075031806688,0.985831996728116,0.471459511769096,1.50020448168714
1.228,1.52036869083032,1.12960426345032,0.667401586091991,1.59180694080864,0.985924128529024,0.469456053535561,1.50239220352249
1.229,1.52311588247036,1.13051338247678,0.668163045804115,1.59286371914944,0.98601443622124,0.467450006324721,1.50457886611776
1.23,1.52585140036076,1.13142250150324,0.66892435006623,1.59392065294025,0.986102921487614,0.465441390126554,1.50676445284867
1.231,1.5285750275761,1.1323316205297,0.669685499027335,1.59497774203207,0.986189586020993,0.463430224779627,1.50894894726236
1.232,1.53128656165981,1.13324073955616,0.670446492836392,1.59603498627593,0.986274431524197,0.461416529973729,1.51113233307467
1.233,1.53398581476375,1.13414985858262,0.671207331642333,1.59709238552291,0.986357459709992,0.45940032525242,1.51331459416756
1.234,1.53667261377309,1.13505897760908,0.671968015594052,1.59814993962411,0.986438672301065,0.457381630015548,1.51549571458658
1.235,1.53934680041633,1.13596809663554,0.672728544840407,1.59920764843068,0.986518071029999,0.455360463521692,1.51767567853831
1.236,1.54200823136052,1.13687721566201,0.673488919530221,1.60026551179379,0.986595657639249,0.453336844890577,1.51985447038792
1.237,1.54465677829156,1.13778633468847,0.674249139812283,1.60132352956465,0.986671433881113,0.451310793105406,1.52203207465682
1.238,1.5472923279796,1.13869545371493,0.67500920583534,1.60238170159452,0.986745401517713,0.449282327015184,1.52420847602024
1.239,1.5499147823296,1.13960457274139,0.675769117748108,1.60344002773467,0.986817562320963,0.447251465336946,1.52638365930498
1.24,1.55252405841684,1.14051369176785,0.676528875699259,1.60449850783644,0.986887918072546,0.445218226657982,1.52855760948711
1.241,1.55512008850774,1.14142281079431,0.677288479837433,1.60555714175119,0.98695647056389,0.443182629437979,1.5307303116898
1.242,1.55770282006568,1.14233192982077,0.678047930311227,1.60661592933032,0.987023221596139,0.441144692011144,1.53290175118113
1.243,1.56027221574214,1.14324104884723,0.678807227269201,1.60767487042527,0.987088172980129,0.439104432588263,1.53507191337199
1.244,1.56282825335311,1.14415016787369,0.679566370859877,1.60873396488751,0.987151326536363,0.437061869258737,1.53724078381399
1.245,1.5653709258408,1.14505928690016,0.680325361231733,1.60979321256858,0.987212684094984,0.435017019992552,1.53940834819742
1.246,1.56790024122087,1.14596840592662,0.681084198533211,1.61085261332002,0.987272247495749,0.432969902642231,1.54157459234927
1.247,1.57041622251521,1.14687752495308,0.681842882912711,1.61191216699344,0.987330018588003,0.430920534944727,1.54373950223128
1.248,1.57291890767039,1.14778664397954,0.682601414518591,1.61297187344049,0.987385999230654,0.428868934523287,1.54590306393802
1.249,1.57540834946195,1.148695763006,0.683359793499169,1.61403173251283,0.987440191292144,0.426815118889273,1.54806526369502
1.25,1.57788461538462,1.14960488203246,0.684118020002719,1.6150917440622,0.987492596650428,0.42475910544395,1.55022608785691
