"lng","lat"
-86.5,33.62
-86.99,33.59
-87.2,33.4
-86.79,33.22
-85.9,32.9
-86.4,33.9
-86.3,33.3
-86.5,34.3
-86.64,34.31
-86.96,33.4
-87,33.3
-87.1,33.5
-86.6,34.1
-86.334,33.263
-87,33.9
-87.3,33
-87,33
-86.91,33.639
-86.7,33.1
-87.1,32.9
-86.65,33.32
-86.4,33.3
-86.7,32.8
-86.6,32.9
-86.6,33.96
-86.6,33.2
-86.4,33.5
-87.05,34.04
-86.33,33.51
-86.7,34.2
-87,34.1
-86.8,34.2
-86.93,33.559
-86.95,33.46
-87.04,33.72
-87,33.81
-86.92,33.48
-86.83,33.6
-86.749,34.012
-86.9,33.7
-86,33.1
-86.97,33.67
-87.1,33.3
-86.8,34
-86.45,33.33
-86.8,33.9
-86.9,33.2
-86.1,33.1
-86.6,34.18
-86.7,33
-86.59,34.31
-86,33
-86.79,33.79
-86.56,33.51
-86.1,33.6
-86.62,33.9
-87.04,34.12
-87.1,33.3
-86.479,33.687
-86.9,33.23
-86.9,33.1
-86.77,33.72
-86.88,33.66
-87.04,33.54
-86.9,33.7
-86.4,33.7
-86.5,34
-86.77,33.31
-86.3,33.6
-86.65,33.73
-86.97,33.49
-86.3,33.5
-87.1,33.6
-86.2,33.7
-86.61,33.83
-86.2,33.62
-86.3,32.9
-86.97,33.67
-86.55,33.08
-86.4,33.8
-86.5,33.4
-87.05,33.76
-86.205,33.256
-86.2,33.2
-86.4,33.1
-86.1,33.4
-86.73,32.89
-86.71,33.84
-86.6,33.7
-86.5,34.5
-86.5,33.48
-86.39,33.42
-86.9,34.3
-86.8,33.8
-86.3,33
-87.2,33.1
-86.5,33.26
-86.9,33.1
-87.17,33.19
-86.81,33.52
-86.84,33.52
-86.8,33.49
-86.71,33.57
-86.82,33.57
-86.88,33.5
-86.81,33.46
-86.67,33.54
-86.88,33.45
-86.75,33.54
-86.74,33.51
-86.89,33.58
-86.7,33.64
-86.79,33.42
-86.76,33.62
-86.9,33.51
-86.9,33.45
-86.77,33.52
-86.74,33.49
-86.95,33.52
-86.85,33.4
-86.92,33.45
-86.799,33.464
-86.8,33.51
-86.8,33.54
-86.66,33.63
-86.7,33.4
-86.74,33.44
-86.82,33.36
-86.853,33.514
-87.61,33.17
-87.48,33.22
-87.6,33.1
-87.5,33.3
-87.7,32.9
-88.2,33
-88,32.7
-87.3,33.3
-87.8,33.2
-88.1,33.3
-87.7,33.3
-87.4,33.2
-87.4,33.1
-87.78,33.3
-87.8,33.4
-88.3,32.8
-88.18,32.72
-88.2,33.4
-88,33
-87.67,33.08
-88.14,32.78
-88,33.3
-87.77,32.96
-88.1,32.5
-87.58,33.27
-87.6,32.9
-87.6,33.4
-87.61,33.22
-88.28,32.97
-87.8,33.1
-88,33.4
-87.2,33.2
-87.3,33.8
-87.3,33.9
-87.2,33.9
-87.18,34.22
-87.2,34.1
-87.7,33.7
-87.74,34.23
-88,34
-87.8,33.6
-87.6,33.6
-87.75,34.06
-87.5,33.8
-87.2,33.7
-88.1,34.1
-87.4,34.2
-87.7,33.9
-87.8,33.6
-87.8,33.9
-87.9,34
-87.8,34.2
-87.6,34.2
-88,34.2
-87.9,34.4
-87.3,34.2
-87.9,33.6
-87.57,34.06
-88.1,33.6
-87.6,34.2
-87.5,34
-87.3,33.6
-87.3,33.7
-87.7,34.4
-88.1,34.5
-87.085,33.824
-87.8,34.4
-88.1,33.8
-87.5,33.8
-88.1,33.7
-88.1,34.4
-87.8,34
-87.01,34.61
-87,34.5
-87.24,34.94
-87.1,34.8
-86.9,34.8
-87.1,34.9
-86.97,34.66
-88,34.7
-87.3,34.7
-87.1,34.4
-87,34.9
-86.73,34.35
-86.9,34.3
-87.67,34.83
-87.8,34.9
-87.6,34.9
-86.9,34.4
-87.2,34.6
-87.5,34.9
-87.5,34.7
-87.12,34.96
-87.4,35
-86.97,34.66
-87.3,34.5
-87.4,34.4
-87.3,34.8
-87.9,34.5
-87.6,34.5
-87.7,34.76
-87.5,34.8
-86.8,34.5
-87,34.7
-87.4,34.6
-87.14,34.59
-87.7,34.7
-88,34.9
-86.82,34.96
-85.78,34.94
-86.46,34.72
-85.92,34.62
-86.2,34.9
-85.99,34.83
-86.3,34.5
-86.4,34.7
-86.74,34.82
-86.6,34.9
-86.27,34.83
-85.9,34.8
-86.62,34.52
-86.14,34.48
-86.8,34.7
-86.76,34.79
-86.74,34.71
-86.56,34.87
-86.4,34.6
-86.4,34.9
-86.5,34.6
-86.3,34.7
-85.8,34.7
-86.26,34.89
-86.1,34.8
-86.1,34.6
-86,34.54
-85.9,34.9
-86.7,34.9
-86.25,34.75
-86.7,34.54
-86.2,34.6
-86.56,34.72
-86.59,34.66
-86.6,34.6
-86.63,34.69
-86.68,34.75
-86.65,34.68
-86.6,34.8
-86.51,34.8
-86.63,34.74
-86.72,34.65
-86.654,34.754
-85.9,34
-85.9,34
-86,34.1
-85.9,33.9
-86.09,33.93
-86.02,33.9
-86.26,34.25
-86.2,34.3
-86.3,34
-86.3,33.8
-86,34.1
-86.2,34.1
-86.2,34.2
-85.65,34.92
-85.6,34.3
-85.6,34.1
-85.9,34.3
-86,34.3
-85.93,34.34
-85.7,34.8
-85.7,34.4
-85.8,34.5
-86,34.5
-86.24,33.99
-85.6,34.4
-86.01,34.37
-86.06,34.44
-86.3,34.3
-85.7,34.6
-85.61,34.83
-86.4,34.2
-85.64,34.74
-85.8,34.2
-85.6,34.5
-85.83,34.51
-86.25,33.92
-85.8,34.56
-85.6,34.6
-86.3,34
-86.7,32.5
-85.8,31.9
-86.7,32.6
-86.3,31.6
-85.8,31.7
-85.97,32.3
-85.4,31.8
-85.6,31.7
-86.31,32.49
-86.4,32.6
-86,32.7
-86.33,32.55
-86.1,32.8
-85.2,31.9
-86.4,31.5
-85.9,32.2
-86.9,31.9
-85.712,32.245
-86.6,32
-86.7,31.7
-86.12,31.58
-86.1,31.8
-86.1,31.9
-86.7,31.7
-86.4,31.4
-85.8,32.3
-86.7,32.2
-86.3,31.9
-86.4,31.9
-86.4,32.2
-86.3,32
-86.5,32.1
-85.6,31.8
-86.3,31.7
-86.5,32.7
-86.1,32.2
-85.4,32.1
-86.36,32.48
-86.1,32.3
-86.41,32.48
-86.6,32.5
-86.2,32.1
-86.4,31.7
-85.9,32.4
-86,32.6
-86,31.8
-86.29,32.7
-86,31.8
-85.957,31.801
-85.7,32.4
-85.71,32.42
-85.7,32.2
-86.5,32.8
-86.2,32.6
-86.1,32.5
-86.33,32.4
-86.3,32.2
-86.26,32.35
-86.28,32.38
-86.4,32.3
-86.25,32.37
-86.25,32.45
-86.27,32.34
-86.36,32.38
-86.34,32.38
-86.248,32.408
-86.23,32.27
-86.14,32.37
-85.9,33.65
-85.9,33.6
-85.77,33.73
-85.83,33.73
-85.7,33.7
-85.89,33.76
-85.9,33.2
-85.7,33.2
-85.7,33
-85.7,33.5
-86,33.59
-85.5,33.8
-85.37,33.47
-85.6,33.6
-85.8,33.9
-85.8,33.3
-85.9266,33.1912
-85.9,33.5
-85.4,33.7
-86,33.8
-85.6,33.9
-85.4,33.55
-85.4,33.2
-85.6,33.1
-85.82,33.76
-85.5,33.3
-85.9,33.9
-85.4,33.4
-85.41,31.15
-85.4,31.3
-85.5,31.19
-85.2,31.6
-85.7,31.6
-85.2,31.2
-85.796,31.176
-85.76,31.02
-85.88,31.18
-85.4,31.6
-85.96,31.17
-85.2,31.3
-85.3,31.1
-85.3,31.21
-85.7,31.3
-86.1,31.4
-85.9,31.3
-85.92,31.07
-85.2,31.1
-85.7,31.1
-85.3,31.4
-85.94,31.55
-85.5,31.4
-85.9,31.4
-85.6,31.3
-85.3,31.5
-85.6,31.5
-85.71,31.4
-85.15,31.12
-85.5,31.4
-85.1,31.5
-85.49,31.58
-85.5,31.1
-85.26,31.25
-86.9,31.5
-86.6,31.2
-86.5,31.4
-87.2,31.7
-87.1,31.1
-87,31.4
-87.4,31.9
-87.6,31.7
-87.3,31.5
-87.2,31
-86.4,31.1
-87.4,31.7
-87.4,31.4
-87.73,31.78
-87.8,31.7
-86.1,31.2
-87.21,31.32
-86.4,31.1
-86.8,31.6
-87.3,31.5
-86.3,31.3
-87.5,31.4
-87.2,31.6
-87.38,31.25
-86.6,31.4
-87.2,31.4
-86.6,31.2
-86.1,31.1
-87.6,31.4
-87.36,31.78
-87.6,31.6
-86.7,31
-87.5,31.2
-88.02,30.96
-87.7,30.9
-88.26,30.4
-87.75,30.31
-88,31.1
-88.1,31.2
-88.3,31.5
-88.2,31
-88.3,31
-88.17,30.38
-88,31.8
-88,30.9
-87.86,30.6
-87.9,30.7
-88.2,30.2
-88.3,31.2
-87.5,30.4
-87.9,30.5
-87.7,30.4
-88.15,31.64
-88.3,31.4
-87.66,31.48
-88.3,30.5
-87.8,30.3
-87.5,31.2
-88.24,30.48
-87.9,31.5
-87.97,31.49
-87.45,30.41
-87.75,31.26
-87.8,30.6
-88.1,31.3
-87.77,30.4
-88.011,31.195
-88.3,31.6
-87.897,30.572
-88,31.1
-87.56,30.28
-87.66,31.04
-87.91,30.473
-87.6,30.6
-88.255,30.503
-88.05,31.53
-88.1,30.8
-88.06,30.85
-87.48,30.52
-88.28,30.79
-87.76,30.53
-87.76,30.73
-87.8,31.1
-87.7,30.5
-88.001,31.378
-88.2,30.5
-88.22,31.4
-88.38,31.25
-88.1,31.4
-88.3,30.8
-88.179,30.554
-88.03,30.71
-88.05,30.68
-88.07,30.68
-88.09,30.6
-88.1,30.67
-88.1,30.7
-88.3,30.7
-88.16,30.66
-88.08,30.73
-88.07,30.77
-88.11,30.75
-88.18,30.81
-88.07,30.64
-88.053,30.686
-88.09,30.72
-88.17,30.74
-88.19,30.59
-88.1741,30.6933
-88.15,30.63
-88.29,30.63
-87,32.5
-86.9,32.5
-87.4,32.2
-87.57,32.07
-87.3,32.1
-87.3,32
-88.05,31.93
-87.5,32.2
-87.9,32.4
-87.77,32.09
-87.6,32.4
-87.9,32.6
-87.7,32.5
-87.6,32.7
-87.7,32.3
-86.85,32.54
-86.8,32.8
-87.58,31.89
-86.6,32.3
-87,31.9
-87.71,32.12
-87.3,32.7
-86.9,32.6
-87.3,32.4
-87,32.1
-87.8,32.3
-87.57,32.58
-87,31.9
-87.2,32.2
-87,31.9
-87.5,32
-87.4,32.3
-87,32.2
-87.8,32.7
-87.9,32.1
-87.6,32.2
-87.8,31.9
-86.8,32.3
-87.5,32.5
-86.94,32.74
-86.9,32.9
-87,32.8
-85.4,32.7
-85.3,32.5
-85.5,32.5
-85.55,32.59
-85.49,32.6
-85.7,32.8
-85.26,32.76
-85.8,32.8
-85.2,32.7
-85.3,33
-85,32.3
-85.3,32.3
-85.1,32.2
-85.4,32.3
-85.83,32.88
-85.4,32.9
-85.3,32.9
-85.6,32.6
-85.7,32.5
-85.03,32.5
-85.1,32.4
-85.12,32.49
-85.1,32.2
-85.2,32.6
-85.2,32.3
-85.09,32.58
-85.5,32.7
-88.13,32.45
-88.3,32.1
-88.3,32.4
-88.3,31.9
-88.17,32.25
-88.3,32.2
-88.43,31.95
-88.35,31.96
-88.08,32.19
-88.3,31.8
-88.2,32
-88.1,32.3
-88.2,32.4
-112.08,33.45
-112.07,33.45
-112.05,33.47
-112.09,33.45
-111.99,33.46
-112.13,33.44
-112.07,33.51
-112.08,33.51
-112.06,33.51
-112.1,33.51
-112.03,33.51
-112.12,33.51
-111.99,33.51
-112.14,33.51
-112.05,33.57
-112.1,33.56
-112.05,33.62
-112.09,33.63
-112.04,33.69
-112.1,33.68
-112,33.57
-112.11,33.59
-112.17,33.49
-112.01,33.63
-112.21,33.49
-112.01,33.43
-112.19,33.47
-112.28,33.49
-112.03,33.41
-112.12,33.38
-112.03,33.36
-112.2,33.43
-112,33.34
-112.11,33.31
-112.03,33.32
-112,33.69
-112.13,33.56
-112.13,33.63
-111.95,33.69
-112.17,33.74
-112.06,33.75
-112.1,33.8
-112,33.9
-111.2,33.3
-111.48,33.41
-111.58,33.41
-111.9,33.1
-111.8,32.9
-111.691,32.731
-111.5,32.9
-111.7,32.7
-111.2,32.9
-110.8,33.01
-111,33.1
-111.9,33
-112.2,33.1
-111.5,33.3
-111.49,32.72
-111.6,33.2
-111.5,33.2
-111.37,32.55
-111.75,33.08
-111.9,32.9
-111.13,33.28
-110.7,32.9
-111.9,32.8
-111.6,32.9
-111.86,33.44
-111.88,33.38
-111.8,33.45
-111.79,33.4
-111.72,33.43
-111.72,33.4
-111.4,33.5
-111.63,33.4
-111.64,33.38
-111.84,33.39
-111.63,33.32
-111.74,33.46
-111.66,33.5
-111.88,33.32
-111.82,33.32
-111.99,33.27
-111.82,33.35
-111.74,33.37
-111.9,33.23
-111.8,33.23
-111.9,33.53
-111.92,33.49
-111.97,33.54
-111.95,33.62
-111.86,33.67
-111.8,33.5
-111.92,33.46
-111.88,33.56
-111.81,33.6
-111.89,33.61
-111.8,33.8
-111.7,33.8
-111.5,33.8
-111.93,33.77
-111.74,33.6
-111.93,33.44
-111.93,33.4
-111.94,33.37
-111.93,33.33
-111.86,33.27
-111.74,33.31
-111.74,33.33
-111.74,33.28
-111.73,33.24
-112.18,33.53
-112.18,33.57
-112.22,33.53
-112.18,33.6
-112.26,33.53
-112.18,33.62
-112.31,33.54
-112.19,33.67
-112.38,33.54
-112.17,33.69
-113.2,34
-113,32.2
-113,33.1
-112.32,33.42
-111.9,34.1
-114.006,33.93
-112.5,33.2
-114.5,33.6
-112,33.8
-112.85,34.16
-113.4,33.1
-114.506,33.618
-112.33,33.59
-114.787,32.562
-113,32.8
-112.4,33.3
-112.2,33.3
-112.4,33.5
-113.1,32
-112.5,33.9
-112.686,33.345
-114.1,33.8
-112.25,33.57
-114.22,33.69
-113.8,32.8
-113.7,33.8
-114.784,32.492
-114.7,32.5
-112.28,33.6
-113.99,32.69
-112.28,33.42
-113,33.4
-112.5,33.6
-114.1,33.1
-113.55,33.82
-113.607,34.697
-112.6,33.7
-112.7,34.19
-112.31,33.59
-114.7,32.6
-114.5,32.8
-114,32.4
-114.1,33.8
-112.3,33.68
-112.4,33.65
-112.36,33.67
-111.921,33.824
-112.38,33.6
-112.23,33.61
-112.25,33.65
-112.4,33.8
-112.5,33.7
-112.44,33.61
-113,33.9
-112.32,33.48
-112.4,33.48
-112.6,33.6
-110.7,33.5
-110.42,33.12
-109.8,32.87
-109.3,33.4
-109.2,32.8
-109.93,33.01
-110.02,33.02
-110.9,33.3
-109.4,33
-111.2,34.1
-110.4,33.6
-109.9,32.9
-111.45,34.39
-111,33.7
-109.5,32.8
-110,33.3
-109.4,32.8
-109.77,32.83
-111.2,34
-111.2,34
-111.331,31.577
-110.3,32.2
-109.9,31.4
-109.4,32.3
-110,32
-109.4,31.5
-109.552,31.344
-110.1,32.1
-109.7,31.7
-110.5,31.7
-110.34,31.56
-110.9,31.8
-110.2,31.4
-110.3,31.7
-109.7,31.5
-110.64,32.72
-110.758,32.442
-109.944,31.337
-111,31.4
-111.2,31.7
-110.9,32.7
-110.7,31.5
-109.6,31.9
-109.579,31.358
-110.3,32.2
-111,32
-110.2,31.8
-110.6,32.6
-109.2,31.9
-111.47,31.46
-111.873,31.916
-110.2,31.6
-110.67,31.66
-110,31.7
-111.04,31.57
-110.7,32
-109.9,32.5
-111,31.7
-111.06,31.62
-111,31.5
-110.3,31.5
-111.7,32.3
-111.5,32.4
-111.2,32.6
-110.97,32.22
-110.98,32.34
-111,32.27
-110.93,32.15
-110.84,32.16
-110.87,32.18
-110.82,32.22
-110.89,32.21
-110.9,32.24
-111,32.2
-110.94,32.16
-110.83,32.25
-110.92,32.24
-110.91,32.34
-110.95,32.25
-110.79,32.17
-111.4,32.1
-112,32
-110.97,32.4
-110.8,32.5
-111.05,32.33
-111.07,32.41
-111.2,32.3
-111.07,32.24
-111.03,32.12
-110.7,32.1
-110.73,32.21
-110.7,32.4
-110.83,32.33
-110.98,32.47
-110.9,32.1
-111.14,32.13
-110.1,34
-110.428,34
-110.1,34.1
-109.2,33.8
-109.08,33.66
-110.295,34.363
-109.7,34.5
-109.3,33.9
-109.992,33.788
-109.46,34.03
-110.5,34.5
-110.1,34
-109.853,34.076
-110.804,34.329
-109.3,33.9
-110.56,34.4
-110.26,34.29
-109.91,34.13
-109.3,34.6
-110,34.6
-109.5,34.2
-110.089,34.462
-109.693,34.255
-109.9,33.7
-110.041,34.782
-111.8,35.2
-111.7,35.5
-111,36
-111.7,35.5
-111.81,35.24
-111.55,35.72
-111.646,34.945
-111.96,35.25
-111.6,36
-113.1,36.6
-112.5,36.7
-112.122,36.053
-111.2,34.6
-110.3,35.1
-110.1,34.9
-110.1,34.9
-110.665,35.92
-110.3,35.1
-110.32,34.96
-110.7145,36.3831
-110.38,35.52
-111.09,35.14
-111.9,36.8
-111.5,34.9
-110.61,35.87
-111.3,36.4
-110.496,35.786
-110.461,35.752
-111.135,36.146
-111.222,36.127
-112.5,35.7
-110,36
-112.2,36.5
-111.124,36.326
-110.6924,36.4644
-112.41,34.62
-112.4,34.5
-112.9,34.9
-112.5,34.5
-112.33,34.59
-112.2,34.8
-112.53,35.24
-113.179,34.567
-111.8,34.4
-112.4,34.9
-112.05,34.75
-111.9,34.7
-112,34.7
-112.1,34.6
-112.24,34.503
-112.115,34.749
-112.8,34.3
-112.3,34.4
-112.8,35.1
-111.7,34.6
-111.9,34.9
-113,35.4
-112.688,34.51
-112.3,34.2
-111.7,34.8
-113.7,35.3
-114.33,34.48
-114.2,34.6
-113.8,34.6
-114.2,35.5
-113.8,35.5
-114.3,35.1
-114.5,35
-114.52,35.15
-114.2003,35.414
-113.3,36.4
-114.1,34.9
-113.5,35.6
-112.6,36.2
-114.4,34.8
-113.6,35.5
-114.1,34.8
-114.5,34.9
-114.3,35.6
-114.5,35.1
-114.5,35.9
-114.2,36
-114.5,35.7
-109.4,35
-109.5,36.1
-109.5,35.7
-109.5,35.7
-109.5,35.7
-109.3,36.5
-109.5,35.7
-109.98,35.93
-109.5,35.7
-109.4,34.9
-109.5,36.7
-109.07,35.64
-109.5,36.1
-109.9,36.8
-109.6,36.5
-109.5,36.1
-109.5,36.6
-109.5,36.6
-109.6,36.5
-109.3,36.4
-91.9,34.2
-92.1,34.3
-92.1,34.1
-91.21,33.64
-92.3,33.5
-92,33.1
-91.4,33.5
-91.4,33.8
-91.3,33.2
-91.9,33.4
-91.5,34
-91.7,34.1
-91.8,33.2
-92.1,33.4
-92.2,33.3
-92.3,33.9
-91.3,33.4
-91.3,33.6
-91.8,33.6
-91.6,33.3
-91.789,34.143
-92.2,33.8
-91.6,33.1
-91.5,33.83
-91.4,33.2
-92.2,33.9
-91.1,33.7
-91.8,33.9
-91.4,33.8
-92.2,33.6
-91.3,33.9
-91.9,33.6
-91.6,33.1
-91.47,33.76
-92.9,33.6
-92.9,33.6
-92.6,33.7
-93.14,33.66
-92.54,33.33
-92.6,34
-93,33.7
-92.6,33.2
-93.2,33.1
-92.5,33.8
-93.1,33.9
-92.5,33.5
-92.4,33.5
-92.2,33.1
-92.8,33.1
-92.7,33.4
-93.18,33.38
-93.2,33.2
-92.91,33.31
-92.6,33.2
-92.8,33.3
-92.8,33.9
-93,33.4
-92.3,33.1
-92.51,33.74
-93.3,33.4
-93.1,33.9
-93.7,33.7
-94.261,33.771
-94.1,33.7
-94.1,33.9
-93.54,33.88
-93.7,33.1
-93.4,33.4
-94.3,34
-94,34.1
-93.9,33.1
-93.5,33.7
-94.3,33.7
-93.9,33.2
-93.8,33.7
-93.7,33.3
-94.3,34.2
-94.3,33.9
-93.6,33.3
-94.1,33.9
-93.6,33.9
-93.9,33.9
-93.8,34
-93.9,33.6
-93.9,33.4
-93.73,33.85
-93.3,33.8
-93.3,33.6
-93.9,33.71
-93.5,33.3
-93.5,33.1
-93.72,33.76
-94.1,33.75
-94.39,33.88
-92.9,34.5
-93,34.6
-93.1,34.5
-93.4,34.3
-93.417,34.037
-93.1,34.1
-93.2,34.3
-93.34,34.4
-93.7,34.4
-94.4,34.4
-93.5,34.1
-93,34.2
-93.6,34.4
-94.4,34.2
-94.3,34.5
-93.2,34.7
-93.74,34.26
-93.85,34.3
-94.2,34.6
-93.15,34.59
-93.6,34.6
-93.6,34.1
-93.9,34.2
-93.7,34.5
-93.8,34.6
-93.3,34
-93.24,34.41
-93.75,34.67
-93.3,34.5
-93.64,34.68
-93.5,34.7
-94,34.3
-94.3,34.39
-94.3,34.3
-93.054,34.126
-93.059,34.127
-92.9,35.07
-92.6,34.7
-91.4,34.4
-91.8,34.3
-91.08,35.56
-91.4,35.2
-92,35
-91.5,35.3
-92.48,34.52
-91.9,35.1
-92.4,35.5
-91.11,35.43
-92.6,34.5
-92.7,35
-91.4,34.9
-92.7,34.6
-91.5,35.5
-91.2,34.8
-92.49,34.6
-92.1,35
-91.7,34.8
-93.03,35.07
-91.29,34.51
-92.6,35.4
-91.3,34.7
-92.7,35.4
-92.6,35.6
-92.4,35.1
-92.5,35.05
-92.459,35.076
-91.2,35
-91.9,34.6
-91.22,34.43
-92.4,35.3
-91.6,35
-91.5,34.7
-91.3,34.3
-92.15,35.65
-92.04,35.12
-91.9,34.5
-92.22,35.23
-91.1,34.3
-92.3,35.79
-91.4,34.1
-92.3,34.2
-92.4,35.2
-91.4,35.2
-91.63,35.09
-92.31,35.33
-92.8,35.3
-91.6,34.8
-92.3,34.5
-92.2,35.6
-91.71,35.195
-91.2,34.5
-92.7,35
-91.75,34.52
-91.7,34.4
-91.124,35.054
-92.1,34.9
-92.19,34.4
-92.8,35.5
-91.7,35.4
-91.67,35.24
-92.02,34.61
-92.6,34.2
-91.829,35.364
-91.9,34.8
-92.8,34.6
-92.26,35.61
-92.14,34.9
-91.1,35.2
-91.83,35.14
-92.4,34.6
-92.9,34.3
-92.4,34.9
-92.55,35.15
-91.2,34.9
-92.8,35.2
-92.1,35.2
-91.2,35.6
-92.4,34.87
-92.26,34.77
-92.24,34.81
-92.15,34.77
-92.33,34.85
-92.26,34.77
-92.3,34.9
-91.8,35.4
-92.8,34.8
-91.23,35.26
-92.79,35.05
-92.9,34.9
-92.6,35.2
-92.63,34.32
-92.5,34.3
-92.07,35.66
-92.2,35.4
-92.2,34.4
-91.4,34.6
-92.6,34.9
-92.02,35.24
-92,35.3
-91.505,35.363
-91.15,34.35
-92.7,35.5
-92.1,34.7
-91.7,35.2
-92.4,34.3
-91.98,34.35
-92.3,35.6
-92.68,35.28
-92.6,35.3
-91.5,34.4
-91.47,35.58
-91.2,34.1
-92.7,34.4
-92,34.4
-91.2,35.6
-91.42,34.59
-92.2,35.1
-91.77,34.36
-91.89,34.99
-91.87,35.5
-92.45,35.16
-92.28,34.75
-92.29,34.76
-92.36,34.71
-92.35,34.74
-92.3,34.6
-92.34,34.78
-92.36,34.67
-92.5,34.7
-92.42,34.75
-92.41,34.79
-92.5,34.8
-92.37,34.78
-90.2,35.1
-90.98,34.67
-89.9,35.8
-90.5,34.8
-90,35.8
-90.9,35.1
-90.8,35.4
-90.232,35.316
-90.9,35.1
-90.3,35.2
-90.95,34.17
-90.01,35.58
-90.21,35.59
-90.5,35.3
-90.3,35
-90.9,34.3
-90.7,35
-90.19,35.46
-90.276,35.413
-91.02,34.95
-90.75,34.9
-90.8,34.4
-90.5,35.1
-91,35.4
-90.4,35
-90.1,35.5
-90.094,35.672
-90.9,34.3
-90.3,35.6
-90.7,34.6
-89.92,35.78
-90.72,35.01
-90.8,34.8
-90.2,35.2
-90.5,35.6
-90.9,34.5
-91,34.2
-91,34.8
-90.1,35.7
-90.9,35
-90.6,35.3
-90.8,34.6
-90.3,35.1
-90.35,35.67
-91,34
-91,34.5
-90.2,35.4
-90.4,35.5
-90.826,34.389
-90.69,34.56
-91.1,35
-90.6,35
-90,35.6
-90.8,35.2
-90.6,35.9
-90.8,35.8
-91.1,36
-90.58,35.74
-90.7,36.1
-90.8,36.3
-90.36,35.82
-91.2,36.1
-90.8,36
-90.55,35.91
-90.4,35.8
-91,35.8
-90.5,36.4
-90.74,36.38
-90.7,36.2
-90.042,35.856
-91,35.8
-90.21,35.74
-90.9,35.5
-90.17,36.34
-91.2,35.6
-90.7,35.6
-91.03,36.02
-91.2,36.2
-90.5,36.3
-90.5,36.2
-90.4,35.8
-90.2,35.9
-91.24,36
-90.391,36.26
-90.2,35.8
-90.4,36.2
-90.9,36.4
-91.0277,35.9744
-90.3,35.9
-90.813,36.169
-90.5,36.1
-90.7,36.3
-90.2,36.4
-91.1,36.3
-90.33,36.45
-91.05,36.08
-91.17,36.05
-91.3,36.3
-91.1,36.3
-90.3,36.2
-90.8,36.3
-90.14,36.454
-91.3,36.1
-90.67,35.84
-91.3,36
-90.7,36.4
-91.13,35.82
-90.5,35.6
-91.2,35.8
-90.9,36
-91.1,36.4
-90.9,35.6
-91.4,36.3
-91.7,35.8
-91.75,36.22
-91.6,36.2
-92.03,36.29
-91.97,36.13
-92.2,36.2
-91.72,36.39
-91.6,36
-91.46,35.81
-91.86,35.64
-91.3,35.8
-91.766,35.879
-91.7,35.73
-92.13,36.22
-91.57,36.3
-92,35.6
-92.15,36.32
-91.6,36.1
-92.2,36
-91.7,35.6
-91.76,36.15
-92.24,36.44
-92.1,36.43
-91.71,36.33
-91.91,35.93
-91.5,36.3
-92,35.4
-92.2,36.42
-91.95,35.58
-91.77,35.71
-91.494,35.726
-91.5,36.4
-91.88,35.77
-92,36
-92.1,35.9
-91.8,35.9
-91.4,35.7
-91.46,35.6
-91.9,36.21
-92.1,36.19
-91.89,35.83
-91.6,35.6
-91.4,36.1
-91.54,35.64
-91.3,35.92
-91.78,36.07
-91.9,36.4
-91.7,36
-91.88,36.44
-91.4,35.8
-91.97,35.55
-92,36.4
-91.85,36.14
-92.02,36.2
-91.85,36.23
-93.1,36.2
-93.3,36.2
-93.6,36.3
-92.3,36.1
-92.59,36.37
-92.33,36.45
-93.3,36.08
-92.54,36.31
-93.3,35.9
-92.56,35.72
-93,36.4
-93.8,36.4
-93.8,36.4
-92.9,36.1
-92.5,36.2
-92.48,36.31
-92.8,36
-93.4,36.3
-92.5,36.01
-93.07,36.04
-93.2,36
-92.55,36.37
-93,36.4
-92.6,35.8
-93.2,36.1
-92.7,35.9
-92.48,36.38
-92.4,36.3
-93.1,35.9
-92.3,36.2
-93.37,36.48
-92.59,36.45
-93.2,36.4
-92.34,35.95
-93.235,35.918
-92.7,36.4
-92.9,36.06
-93.4,36.05
-92.847,36.254
-92.8,36
-92.7,36.3
-92.82,35.7
-92.3,35.9
-92.74,36.14
-93.12,35.93
-93,36.05
-92.9,35.7
-92.7,36.3
-94.1,36
-94.1,36.1
-94.3,36.1
-94.3,36.3
-94.22,36.46
-94.3,36.46
-94.4,35.8
-94.22,36.27
-94.29,36.37
-93.77,35.84
-94.5,36.3
-93.9,35.9
-94.47,35.8
-94.27,36.03
-94,36.4
-94.4,36.3
-94.5,36.4
-93.9,36.1
-94.33,36.43
-93.7,36.1
-93.5,36
-94.4,36
-94.1,36.2
-94.58,36.38
-94.44,35.87
-94.12,36.46
-93.6,35.8
-94.3,35.9
-94,36.3
-94.1,36.3
-93.72,35.82
-94.5,36.2
-94.24,36.19
-94,36.2
-94.5,36.5
-94.49,36.02
-93.85,36.01
-94.2,35.9
-93.7,35.9
-93.14,35.28
-93.1,35.3
-93.74,35.44
-92.9,35.3
-93.4,35.1
-93.68,35.14
-93.6,34.8
-93.52,34.92
-93.5,35.5
-93.64,35.43
-93.4,35.1
-93.2,35.2
-93.35,35.27
-93.1,35.5
-93.64,34.9
-93.3,35.6
-93.63,35.45
-93.77,34.86
-93.6,35.1
-92.9,35.6
-93.37,35.38
-93.3,35.5
-93.27,35.37
-93.45,35.27
-93.6,35.7
-93.2,35
-93.5,35.7
-93.7,35.3
-93.03,35.74
-93.3,34.9
-93,35.2
-93.5,34.9
-93.6,35.4
-93.58,35.31
-94.41,35.36
-94.35,35.35
-94.38,35.41
-94.41,35.31
-94.37,35.27
-94.2,35.5
-94.29,35.32
-94,34.7
-93.9,35.1
-93.92,35.29
-94,35.4
-94.38,35.6
-94,35.3
-94.3,35.7
-94.13,35.49
-94.2,35.2
-94.4,35.1
-94.4,35
-94.2,35.1
-94.2,35.4
-93.8,35.2
-94.2,35
-94.352,35.094
-94.1,35.6
-94,35.6
-94.4,35.7
-93.8,35.6
-93.9,34.8
-93.87,35.33
-94.3,35.56
-94.45,35.62
-94.3,35.5
-94.1,34.9
-94.1,35.8
-118.25,33.97
-118.25,33.95
-118.27,33.96
-118.31,34.08
-118.31,34.06
-118.29,34.05
-118.28,34.03
-118.35,34.01
-118.3,34.06
-118.26,34.01
-118.24,34.06
-118.24,34.05
-118.252,34.044
-118.27,34.04
-118.36,34.03
-118.26,34.05
-118.32,34.03
-118.34,34.05
-118.31,34.07
-118.24,34.03
-118.15,34.03
-118.2,34.02
-118.43,34.07
-118.44,34.05
-118.26,34.08
-118.29,34.13
-118.33,34.1
-118.29,34.09
-118.22,34.08
-118.18,34.08
-118.21,34.05
-118.4,34.03
-118.39,34.05
-118.35,34.07
-118.29,34
-118.33,34.09
-118.26,34.12
-118.15,33.99
-118.21,34.13
-118.19,34.11
-118.34,33.99
-118.29,33.95
-118.4,33.96
-118.37,34.11
-118.31,33.95
-118.38,34.07
-118.5,34.09
-118.37,33.99
-118.28,34.06
-118.21,34
-118.25,33.92
-118.27,33.92
-118.31,34
-118.19,34.04
-118.43,34.04
-118.23,34.11
-118.43,34
-118.414,34.058
-118.33,34.13
-118.38,34.09
-118.255,34.053
-118.451,34.059
-118.45,34.1
-118.286,34.022
-118.42,33.98
-118.443,34.071
-118.17,33.98
-118.42,34.1
-118.381,34.065
-118.4,34.06
-118.24,33.87
-118.2,33.88
-118.24,33.91
-118.4,34
-118.39,34.02
-118.12,33.96
-118.13,33.94
-118.14,33.92
-118.4,33.92
-118.3,33.89
-118.29,33.87
-118.32,33.9
-118.35,33.91
-118.4,33.86
-118.21,33.98
-118.35,33.89
-118.2,33.93
-118.706,34.037
-118.8,34.1
-118.4,33.89
-118.19,33.99
-118.54,34.08
-118.5,33.3
-118.36,33.76
-118.39,33.83
-118.37,33.87
-118.19,33.94
-118.61,34.09
-118.46,33.99
-118.45,33.98
-118.44,33.95
-118.36,33.96
-118.35,33.97
-118.33,33.93
-118.36,33.94
-118.33,33.96
-118.5,34.01
-118.5,34.04
-118.49,34.03
-118.47,34.03
-118.47,34.01
-118.31,33.83
-118.29,33.83
-118.35,33.84
-118.33,33.87
-118.35,33.81
-118.03,34.01
-118.03,33.97
-117.99,33.95
-118.01,33.93
-118.02,33.95
-118.07,33.98
-118.01,33.84
-117.99,33.88
-118.04,33.85
-118.04,33.82
-117.95,33.94
-118.01,33.9
-118.11,34.01
-118.08,33.91
-118.08,33.99
-118.06,33.93
-118,33.79
-118.08,33.87
-118.07,33.87
-118.5,33.4
-118.13,33.89
-118.3,33.8
-118.15,33.84
-118.11,33.85
-118.08,33.84
-118.07,33.83
-118.32,33.79
-118.06,33.8
-118.17,33.9
-118.27,33.74
-118.32,33.74
-118.08,33.76
-118.0687,33.7161
-118.089,33.73
-118.26,33.78
-118.26,33.83
-118.26,33.86
-118.17,33.8
-118.2,33.76
-118.15,33.76
-118.14,33.78
-118.18,33.86
-118.17,33.81
-118.18,33.83
-118.11,33.83
-118.22,33.82
-118.2,33.78
-118.14,33.77
-118.11,33.8
-118.26,33.73
-118.13,34.22
-118.03,34.13
-118.05,34.13
-117.97,34.15
-117.96,34.15
-118.2,34.21
-117.98,34.15
-118.23,34.21
-118.05,34.17
-118.16,34.11
-118.34,34.26
-118.2,34.3
-118.25,34.23
-118.14,34.15
-118.17,34.17
-118.12,34.17
-118.15,34.14
-118.13,34.14
-118,34.2
-118.12,34.12
-118.29,34.17
-118.27,34.18
-118.26,34.15
-118.26,34.13
-118.24,34.13
-118.22,34.16
-118.24,34.17
-118.25,34.19
-118.258,34.145
-118.24,34.24
-118.77,34.12
-118.67,34.13
-118.6,34.2
-118.63,34.23
-118.58,34.21
-118.69,34.2
-118.6,34.3
-118.51,34.16
-118.94,34.19
-118.48,34.37
-118.55,34.24
-118.52,34.23
-118.56,34.29
-118.527,34.243
-118.42,34.26
-118.54,34.2
-118.44,34.29
-118.4,34.3
-118.48,34.24
-118.5,34.29
-118.46,34.27
-118.51,34.45
-118.46,34.43
-118.34,34.24
-118.56,34.46
-118.61,34.42
-118.55,34.16
-118.88,34.21
-118.9,34.1
-118.82,34.2
-118.6,34.15
-118.62,34.17
-118.58,34.184
-118.76,34.19
-118.6,34.38
-118.7,34.6
-118.4,34.41
-118.4,34.5
-118.43,34.18
-118.44,34.23
-118.46,34.15
-118.45,34.2
-118.49,34.2
-118.46,34.18
-118.43,34.15
-118.49,34.15
-118.3,34.2
-118.31,34.18
-118.33,34.21
-118.35,34.18
-118.32,34.17
-118.37,34.17
-118.37,34.15
-118.39,34.14
-118.4,34.21
-118.39,34.19
-118.4,34.16
-117.59,34.15
-117.8,34.2
-117.97,34.09
-117.65,33.95
-117.73,33.95
-117.7,34.01
-117.71,34.16
-117.91,34.1
-117.89,34.08
-117.84,34.08
-117.58,34.1
-118.05,34.08
-118.01,34.07
-118.05,34.05
-117.55,34.18
-117.51,34.12
-117.85,34.12
-117.84,34.16
-117.93,34.03
-117.98,34
-117.99,34.04
-117.9,33.98
-117.73,34.15
-117.53,33.99
-118.15,34.05
-118.11,34.05
-117.658,34.237
-117.59,34.03
-117.63,34.03
-117.7,34.07
-117.59,34.08
-117.82,33.99
-117.72,34.05
-117.73,34.09
-117.79,34.07
-118.08,34.06
-117.81,34.12
-118.09,34.12
-118.1,34.09
-118.05,34.1
-117.65,34.17
-117.66,34.1
-117.85,34.02
-117.94,34.07
-117.89,34.06
-117.9,34.02
-118.13,34.09
-118.14,34.08
-116.7,32.8
-117.01,32.68
-116.3,32.7
-116.5,32.7
-117.05,32.63
-117.04,32.6
-116.99,32.63
-116.96,32.66
-116.95,32.62
-116.6,32.9
-116.7,32.7
-116.58,32.84
-117.12,32.57
-116.22,32.64
-116.8,32.7
-116.99,32.76
-117.02,32.78
-117.04,32.73
-116.43,32.88
-117.09,32.67
-116.39,32.71
-116.59,32.63
-116.99,32.72
-116.94,32.72
-116.59,32.59
-117.21,33.29
-116.1,33.1
-117.28,33.02
-117.31,33.13
-117.25,33.1
-117.28,33.16
-117.3,33.11
-117.24,32.97
-116.87,32.78
-116.97,32.79
-116.88,32.84
-117.25,33.05
-117.06,33.09
-117.1,33.2
-117,33.1
-117.3,33.4
-117.15,33.08
-116.4,32.9
-117.2,32.8
-116.9,32.9
-117.37,33.2
-117.4,33.31
-117.29,33.2
-117.29,33.25
-117.35,33.26
-117.03,33.39
-116.83,33.32
-116.9,33.3
-117.01,33
-116.8,33
-116.3,33.3
-117.22,33.01
-117.16,33.18
-116.7,33.1
-116.99,32.86
-117.26,32.99
-117.18,33.12
-117.25,33.16
-117,33.3
-117.25,33.2
-117.21,33.22
-116.7,33.3
-117.2,33
-117.18,32.72
-117.12,32.72
-117.17,32.75
-117.13,32.74
-117.09,32.74
-117.23,32.73
-117.24,32.74
-117.15,32.77
-117.24,32.8
-117.21,32.77
-117.15,32.82
-117.12,32.69
-117.05,32.71
-117.07,32.76
-117.13,32.76
-117.2,32.81
-117.17,32.65
-117.03,32.81
-117.07,32.8
-117.21,32.9
-117.2,32.86
-117.14,32.81
-117.07,32.82
-117.14,32.91
-117.14,33.02
-117.07,33
-117.13,32.96
-117.2,32.95
-117.05,32.89
-117.15,32.73
-117.2214,32.6853
-117.05,32.68
-117.2,32.74
-117.14,32.87
-117.2184,32.7228
-117,32.6
-117.162,32.675
-117.04,32.55
-116.23,33.7
-116.2,33.7
-116.33,33.71
-116.33,33.78
-116.8,33.9
-115.1,33.1
-117,33.9
-115.1,33.8
-115.3,33.1
-116.7,33.9
-115.5,32.7
-115.5,33.2
-116.47,33.82
-116.15,33.69
-115.43,33.76
-116.53,33.92
-115.9,33.9
-114.3,34.3
-115.8,32.7
-115.48,32.73
-115.2,32.9
-115.8,32.9
-116.3,34.1
-116.28,33.67
-115.8,33.6
-116.6,34.1
-115.6,33.3
-116.518,33.93
-116.03,32.75
-116.41,33.71
-116.58,33.86
-116.5,33.7
-114.72,33.4
-114.18,34.28
-116.497,34.157
-116.43,33.78
-115.6,32.8
-116.1,33.4
-116,33.2
-116.38,33.83
-115.6,34.3
-116.0292,34.2061
-114.8,34.4
-115.58,33.05
-116.67,33.97
-114.9,33.1
-116.5,34.2
-116.6,34.3
-117.5,34.6
-115.747,34.558
-116.9,34.2
-117.1,34.6
-117.1,34.4
-116.0561,35.2802
-116.69,35.26
-117,35
-117.31,34.03
-116.9,34.3
-116.91,34.25
-117.39,34.06
-117.04,33.98
-117.16,34.25
-117.326,34.251
-117.28,34.03
-117.27,34.24
-116.79,34.86
-117.1,36.4
-115.3,34.8
-116.944,34.269
-117.46,34.09
-117.46,34.15
-117.47,34.05
-116.5,34.8
-116.8,34.1
-117.08,34.25
-117.3,34.8
-117.41,34.39
-117.3,34.4
-117.15,34.15
-117.3,35
-117.22,34.26
-117.25,34.05
-116.9,34.5
-117.5,34.3
-117.06,34.1
-114.6,34.7
-115.4,35.4
-116.2,34.7
-117.3,34.7
-117.6,34.4
-117.62,34.44
-117.1,34
-117.18,34.06
-117.39,34.1
-117.39,34.16
-117.3,34.2
-117.119,34.215
-116.4,36.2
-117.176,34.241
-116.826,34.243
-115.9,35.9
-117.23,34.24
-117.4,34.48
-117.3,34.6
-117.3,34.52
-117.62,34.37
-116.88,34.92
-117,34
-117.29,34.1
-117.1,34.2
-117.3,34.14
-117.4,34.2
-117.26,34.08
-117.29,34.1
-117.33,34.12
-117.37,33.99
-117.45,33.9
-117.4,33.91
-117.49,33.93
-117.36,33.93
-117.33,33.97
-117.33,33.89
-117.44,34
-117.27,33.89
-117.4,33.6
-117.31,33.71
-116.8,33.5
-116.6,33.5
-116.99,33.71
-116.8,33.6
-117.04,33.74
-117.1,33.75
-116.72,33.74
-117.22,33.88
-117.25,33.92
-117.1,33.9
-117.26,33.97
-116.5,33.6
-117.3,33.5
-117.13,33.59
-117.12,33.81
-117.3,33.8
-117.19,33.84
-117.02,33.81
-116.95,33.8
-117.18,33.66
-117.17,33.75
-117.2,33.71
-117.25,33.7
-117.23,33.49
-117.1,33.53
-117,33.5
-117.26,33.62
-117.1,33.6
-117.76,33.74
-117.8,33.63
-117.79,33.69
-117.82,33.7
-117.66,33.69
-117.83,33.67
-117.83,33.68
-117.84,33.64
-117.74,33.67
-117.76,33.71
-117.67,33.46
-117.87,33.6
-117.9,33.68
-117.92,33.65
-117.71,33.48
-117.68,33.65
-117.73,33.61
-117.96,33.67
-118.01,33.73
-118.01,33.67
-118.05,33.72
-117.78,33.55
-117.71,33.59
-117.983,33.745
-117.73,33.56
-117.83,33.6
-117.88,33.64
-117.9,33.6
-117.893,33.607
-117.93,33.62
-117.5,33.3
-117.62,33.46
-117.6,33.6
-117.6,33.8
-117.71,33.53
-117.55,33.63
-117.5,33.6
-117.99,33.75
-117.61,33.63
-117.67,33.61
-117.65,33.6
-117.64,33.55
-117.86,33.75
-117.91,33.75
-117.91,33.72
-117.81,33.74
-117.88,33.77
-117.87,33.71
-117.95,33.71
-117.82,33.74
-117.8,33.73
-117.96,33.85
-117.92,33.81
-117.98,33.82
-117.91,33.83
-117.87,33.84
-117.79,33.85
-117.73,33.85
-117.89,33.93
-117.82,33.93
-117.89,33.88
-117.93,33.87
-117.96,33.88
-117.91,33.9
-117.93,33.79
-117.99,33.79
-117.92,33.75
-117.97,33.76
-118.03,33.78
-117.55,33.93
-117.81,33.82
-117.85,33.83
-117.84,33.78
-117.81,33.81
-117.88,33.79
-117.77,33.81
-117.85,33.88
-117.53,33.88
-117.62,33.93
-117.51,33.83
-117.62,33.83
-117.49,33.76
-117.8,33.9
-117.73,33.9
-119.3,34.3
-119.22,34.27
-119.14,34.29
-119.06,34.23
-119,34.2
-119.3,34
-118.9,34.5
-118.8,34.3
-119.31,34.39
-119.2,34.5
-119.3,33.7
-119.14,34.15
-119.3,34.1
-119.18,34.24
-118.794,34.414
-119.15,34.15
-119.12,34.12
-119.21,34.16
-119.1,34.4
-118.69,34.29
-118.69,34.29
-118.79,34.27
-119.05,34.31
-119.602,34.422
-119.71,34.42
-119.68,34.43
-119.8,34.5
-119.6,34.5
-119.72,34.41
-119.77,34.44
-119.8,34.45
-120,34.2
-119.49,35.886
-119.71,36.31
-118.8,35.1
-120.1,35.9
-118.4,35.5
-119.4,35.4
-118.68,35.87
-118.5,36.1
-120.3,36.2
-119.5,36
-119.1,35.8
-119.049,35.891
-119.3,35.9
-118.9,35.2
-119.1,36.3
-119.1,34.8
-119.21,36.3
-119.6,35.2
-119.1,34.8
-118.65,35.72
-119.6,36.3
-120.09,36.21
-119.22,36.39
-118.37,35.73
-119.9,36
-118.42,35.62
-118.91,35.26
-119.7,36.4
-118.9,34.9
-118.99,36.39
-119.8,36.3
-119.1,36.2
-119.9,35.6
-119.2,35.7
-119.8,35.4
-119.4,34.8
-119.8,35
-118.1,35.6
-119.4,36
-118.9,36
-118.9,36
-118.6,35.9
-119.106,35.8
-118.753,36.608
-119.3,35.5
-118.7,36.2
-119.8,36
-119.1,36.1
-119.4,35.2
-119.1,35.9
-118.6,36.3
-119.4,36
-119.4,36.2
-119.38,35.29
-119.38,36.3
-119.5,35.6
-118.2,35.5
-118.5,35.7
-119.1,36.5
-118.8,35.7
-119.38,36.4
-119.2,36.4
-119.02,35.39
-119.02,35.33
-118.99,35.39
-118.8,35.5
-118.8,35.2
-118.9,35.6
-119.06,35.35
-119.2,35.1
-119.12,35.4
-119,35.1
-119.2,35.4
-120.6,35.2
-120.8,35.3
-120.7,35.3
-120.4,35.1
-120.7,35.5
-120.732,35.181
-121.1,35.9
-120.2,34.6
-121,35.6
-120.594,34.737
-120.9,35.5
-120.5,35.5
-120.62,35.12
-120.6,34.9
-120.4,34.6
-120.56,34.74
-120.28,34.744
-120.1144,34.6651
-120.78,35.4
-120.5,35
-120.61,35.07
-120.9,35.6
-120.66,35.15
-120.8,36
-120.6,36
-121.14,35.61
-120.1,35.3
-120,34.9
-120.4,34.8
-120.5,34.96
-119.9,34.6
-120.2,35.6
-120.1,34.6
-120.8,35.5
-118.1,35.2
-117.9,35.1
-118.2,34.5
-118.8,37.9
-118,37.2
-118.3,37.5
-117.6,35
-119.24,38.24
-118.4,35.4
-118.028,35.208
-117.873,36.488
-117.9,35.1
-117.8,34.9
-118,36.8
-118,35.9
-117.66,35.38
-119.09,37.76
-117.9,36.3
-118.6,35.23
-118.5,34.7
-118.2,34.7
-117.9,34.7
-118.5,34.7
-119.1,37.93
-118,34.4
-117.8,34.5
-117.9,36.3
-118.8,37.6
-118.01,36.27
-118.1,34.5
-118.2,34.6
-118,34.5
-117.8,34.4
-117.649,35.373
-117.7,35.6
-117.618,35.353
-118.3,34.9
-118.4,35.1
-117.4,35.9
-117.75,34.41
-117.8,34.6
-117.3,35.9
-119.74,37.37
-119.4,37.1
-118.9,36.6
-119.3,37.5
-119.25,37.2
-120.016,36.802
-120.3,36.5
-119.9,36.5
-120.3,37.1
-119.69,36.82
-119.71,36.81
-119.7,37.2
-119.28,36.5
-119.6,36.65
-119.39,36.52
-119.6,36.9
-120.7,37.1
-119.09,36.79
-120.6,36.7
-119.66,37.47
-120.09,36.4
-119.66,36.62
-119.7,37
-120.12,36.54
-118.7,37.2
-120.1,36.7
-119.5,36.5
-118.7,36.9
-119.17,37.26
-120.9,37
-119.9,37
-120.2,36.9
-120,37
-120.4,36.7
-119,36.7
-119.4,37.4
-119.6,37.4
-119.64,37.18
-119.28,36.66
-119.2,36.6
-119.52,36.63
-119.8,36.84
-119.53,37.01
-119.9,36.6
-119.9,37.2
-119.4,36.6
-119.9,36.4
-119.4,36.8
-120.2,36.6
-119.6,36.6
-119.1,37.2
-120.6,37.1
-119.39,36.52
-119.3,37
-120.28,36.63
-119.54,37.28
-119.487,36.454
-119.2,36.8
-119.79,36.75
-119.75,36.74
-119.76,36.77
-119.8,36.8
-119.83,36.79
-119.9,36.6
-119.78,36.82
-119.83,36.84
-119.76,36.86
-119.79,36.73
-119.88,36.8
-119.95,36.79
-119.7,36.6
-119.76,36.79
-119.68,36.75
-119.82,36.76
-119.75,36.93
-121.65,36.66
-121.62,36.68
-121.63,36.72
-121.7,36.8
-121.6,36.6
-121.6,36.1
-121.9257,36.5449
-121.8,36.4
-121.6,36.4
-121.41,36.62
-121.4,36.5
-121.4,36.2
-121.1,36.2
-121,36.2
-121.04,35.96
-121.79,36.68
-121.84,36.58
-121.875,36.597
-121.92,36.62
-121.95,36.59
-121.0195,36.1293
-121.82,36.63
-121.3,36.4
-121.6,36.6
-122.3,37.51
-122.42,37.69
-122.37,37.57
-122.44,37.69
-122.48,37.68
-122.4,37.5
-122.23,37.26
-122.28,37.27
-122.15,37.36
-122.09,37.36
-122.18,37.46
-122.2,37.45
-122.21,37.37
-122.4,37.61
-122.512,37.542
-122.51,37.55
-122.09,37.38
-122.07,37.39
-122.09,37.41
-122.49,37.63
-122.3,37.2
-122.24,37.46
-122.3,37.4
-122.21,37.5
-122.23,37.53
-122.44,37.62
-122.27,37.5
-122.35,37.31
-122.42,37.66
-122.02,37.39
-122.02,37.37
-122.03,37.35
-122,37.4
-122.42,37.78
-122.41,37.78
-122.402,37.791
-122.395,37.789
-122.39,37.77
-122.409,37.791
-122.42,37.79
-122.42,37.75
-122.41,37.81
-122.44,37.72
-122.44,37.76
-122.44,37.79
-122.48,37.74
-122.44,37.77
-122.46,37.78
-122.7,37.8
-122.48,37.76
-122.44,37.8
-122.38,37.73
-122.46,37.73
-122.38,37.62
-122.46,37.8
-122.35,37.81
-122.44,37.75
-122.48,37.72
-122.44,37.8
-122.41,37.72
-122.391,37.77
-122.15,37.44
-122.12,37.45
-122.16,37.42
-122.17,37.42
-122.13,37.41
-122.32,37.57
-122.33,37.54
-122.3,37.54
-122.27,37.55
-122.28,37.77
-122.24,37.73
-122.23,38.2
-121.59,37.88
-121.92,37.82
-122.1,37.8
-122.47,38.59
-121.81,38
-122.13,38.12
-121.63,38.05
-121.84,38.12
-121.7,37.9
-121.62,37.84
-122.6,38.6
-122.16,37.83
-121.89,37.89
-122.02,37.95
-122,37.99
-122.04,37.97
-121.96,37.95
-122.08,37.95
-122.19,38.03
-121.99,37.81
-121.959,37.837
-122.3,37.91
-121.78,37.96
-122.02,38.28
-122.1,38.2
-121.91,38.26
-121.99,37.57
-121.99,37.51
-121.9,37.52
-122.11,37.67
-122.04,37.65
-122.06,37.64
-122.12,37.63
-122.08,37.72
-122.25,38.01
-121.666,37.97
-122.12,37.9
-121.6,37.4
-121.7,37.8
-122,37.7
-122.1,38
-122.08,37.55
-122.12,37.84
-122.3,38.5
-122.3,38.2
-122.05,37.52
-121.69,38.01
-122.19,37.87
-122.28,37.99
-121.9,38
-121.86,37.65
-122.4,38.7
-121.91,37.72
-122.18,38.04
-121.7,38.2
-122.23,38.03
-122.43,38.48
-122.5,38.5
-122.1,37.84
-122.477,38.565
-122.16,37.71
-122.13,37.71
-122.15,37.69
-122.14,37.68
-121.92,37.76
-121.99,37.77
-121.9,38.2
-121.9,37.6
-122,37.6
-121.9,37.7
-122.25,38.14
-122.25,38.1
-122.2,38.12
-122.27,38.1
-122.07,37.87
-122.04,37.89
-122.07,37.92
-122.05,37.91
-122.36,38.4
-122.22,37.77
-122.2,37.8
-122.17,37.74
-122.16,37.76
-122.25,37.79
-122.3,37.81
-122.29,37.83
-122.26,37.83
-122.24,37.81
-122.22,37.83
-122.27,37.81
-122.1855,37.7772
-122.24,37.85
-122.15,37.77
-122.21,37.74
-122.29,37.86
-122.27,37.87
-122.25,37.87
-122.26,37.86
-122.29,37.89
-122.28,37.9
-122.25,37.9
-122.27,37.88
-122.31,37.87
-122.26,37.87
-122.36,37.95
-122.27,37.95
-122.34,37.92
-122.3,37.94
-122.33,37.98
-122.5,37.97
-122.54,38.02
-122.55,37.95
-122.47,37.89
-122.94,38.34
-123,38.4
-122.8,38
-122.51,37.93
-122.7,38.34
-122.97,38.25
-122.7,38
-122.72,38.33
-122.691,38.015
-122.9,38.1
-122.7,38.014
-122.53,37.94
-122.9,38.2
-122.57,37.9
-122.56,38.13
-122.69,38.05
-122.64,38.1
-122.54,38.07
-122.8,38.05
-122.64,38.32
-122.8,38.2
-122.6,38.2
-122.8,38.07
-122.56,37.96
-122.59,38
-122.667,38.014
-122.49,37.94
-122.6,37.9
-122.69,37.94
-122.905,38.247
-122.93,38.31
-122.642,38.009
-121.976,37.425
-121.88,37.01
-121.63,36.88
-122.09,37.09
-122.2,37.2
-122.2,37.2
-121.94,37.28
-121.95,36.98
-121.74,36.78
-121.735,37.213
-122.07,37.3
-122.23,37.07
-122.07,37.07
-121.78,36.94
-121.5,37
-121.2,36.9
-122,37.23
-121.92,37.21
-122,37.2
-121.84,37.44
-121.7,37.1
-121.77,36.83
-122.057,37.051
-121,36.5
-121.5,36.8
-121.6,37.09
-121.95,37.35
-121.98,37.35
-121.938,37.349
-121.96,37.4
-122.1,37
-121.99,36.97
-122.06,36.99
-121.98,37.03
-122.01,37.07
-122.05,37.27
-121.93,37.03
-121.2,36.9
-121.7,36.9
-121.91,37.34
-121.83,37.28
-121.88,37.34
-121.891,37.334
-121.85,37.35
-121.97,37.31
-121.89,37.26
-121.79,37.23
-121.84,37.17
-121.81,37.3
-121.84,37.33
-121.84,37.24
-121.93,37.26
-121.9,37.31
-121.91,37.32
-121.78,37.39
-121.93,37.32
-122,37.31
-121.98,37.29
-121.89,37.38
-121.8,37.43
-121.86,37.37
-121.97,37.42
-121.7,37.3
-121.84,37.27
-121.74,37.25
-121.75,37.22
-121.7,37.4
-121.77,37.33
-121.29,37.96
-121.32,37.95
-121.32,37.98
-121.26,37.96
-121.4,37.9
-121.32,38
-121.35,38.05
-121.3,38.03
-121.309,37.981
-121.21,38.04
-121.1,38
-121.42,38.03
-121.2,38.2
-120.6,38
-120.32,38.28
-120.368,38.205
-120.889,38.182
-120.86,38.24
-121.085,38.19
-120.7,37.9
-120.8,38
-121.29,37.88
-120.57,38.36
-120.37,38.192
-121.4,37.9
-121,38
-121.13,38.16
-121.1,38.2
-121.4,38.1
-120.6,38.3
-120.5,38.2
-120.4,38.2
-120.517,38.34
-120.6,38.2
-120.5,38.2
-120.46,38.1
-120.8,38.2
-120.96,38.19
-120.3,38.4
-120.4,38.4
-121.31,38.17
-120.63,37.32
-120.65,37.49
-121.4,37.7
-120.254,37.827
-120.1,37.4
-120.96,37.56
-120.4,38.05
-120,37.7
-120.63,37.44
-121.03,37.44
-120.79,37.43
-120.7,37.5
-120.52,37.13
-119.781,37.675
-120.89,37.67
-121,37.8
-120,37.9
-121,37.1
-120.7,37.6
-120.89,37.39
-120.2,37.4
-120.84,37.59
-120.5,37.9
-120.91,37.56
-120.5,37.7
-121.34,37.81
-120.2,37.3
-120.8,37.3
-120.2,38.1
-121.2,37.82
-121.2,37.7
-120,37.5
-120.4,37.4
-120.5,37.2
-119.96,37.6
-120.17,38.08
-120.5,37.4
-121.01,37.67
-120.98,37.63
-120.97,37.64
-120.94,37.67
-121.04,37.72
-120.88,37.68
-121.1,37.6
-121.04,37.33
-120.7,37.8
-121.3,37.4
-119.7,38.1
-120.29,37.31
-121.12,37.76
-120.94,37.73
-121.09,37.7
-120.4,37.5
-120.4,38
-120.26,37.99
-120.88,37.31
-120.01,38.198
-121.43,37.73
-121.6,37.7
-120.24,37.95
-120.9,37.5
-120.85,37.53
-120.24,38.05
-121.25,37.6
-120.6,37.7
-121.2,37.549
-120.58,37.42
-119.6,37.7
-121.56,37.78
-122.78,38.45
-122.76,38.51
-122.6,38.5
-122.67,38.44
-122.75,38.39
-122.62,38.45
-123.68,39.21
-123.3,38.7
-123.39,39.03
-123.6,39.7
-123.8,39.37
-123.2,38.6
-122.64,38.97
-122.6,39.1
-123,38.8
-122.73,38.81
-123.58,39.29
-123.1,39.7
-123.3,39.8
-123.07,38.45
-122.52,38.38
-123.66,39.13
-123,39
-122.91,38.5
-123.7,39.5
-122.78,38.49
-123.1,38.7
-122.51,38.4
-122.74,39.04
-122.869,38.435
-123.5,38.8
-122.99,38.52
-122.9,38.7
-123,38.9
-123.2,38.5
-122.8,38.9
-122.54,38.44
-122.9,39
-123.6,39.8
-123.7,39.3
-122.5,38.9
-122.77,39.09
-123.6,39
-123.7,39.3
-122.6,38.8
-123.01,38.46
-123.5,39.1
-122.84,39.13
-123.02,38.4
-123.5,39.1
-122.55,38.8
-123.6,38.9
-123,39.4
-123.3,39.3
-123.01,38.52
-122.9,38.4
-122.5,38.2
-123.3,39.1
-122.9,39.2
-123.027,38.471
-123.7,39.7
-123.3,39.5
-122.82,38.53
-122.99,39.2
-123.3,38.9
-123.47,38.73
-124.14,40.8
-124.1,40.7
-123.6,40.2
-123.7,40.3
-124,41
-124.1,40.8
-124.05,40.82
-123.8,41
-123.6,40.4
-123.4,40.8
-123.9,40.5
-124.1,41.8
-124.3,40.5
-124.217,40.725
-124.1,40.6
-123.8,40.2
-123.8,41.8
-124.122,40.247
-123.7,41.2
-124.09,40.54
-123.9,41.6
-123.9,40.6
-123.8,40.7
-124.22,40.69
-123.2,40.2
-123.819,40.234
-123.8,40.3
-123.9,41.3
-123.5,41.31
-124.2,40.3
-123.788,40.21
-123.85,40.13
-124.1,40.4
-123.54,40.88
-124.21,40.8
-124.02,40.46
-124.14,41.94
-123.5,41.5
-123.88,40.37
-124,41.2
-123.93,40.33
-123.6,40.9
-123.7,39.87
-123.791,40.005
-124,40.1
-123.4,40.1
-120.827,38.421
-121.1,38.99
-121.1,38.9
-121.1,38.9
-121.54,38.59
-122.21,38.77
-122.1,38.8
-121.33,38.62
-121.27,38.69
-121.6,38.4
-120.98,38.89
-121.55,38.31
-121.82,38.56
-121.7,38.6
-120.82,38.68
-121.8,38.4
-121.31,38.69
-120.83,38.62
-121.3,38.4
-121.92,38.35
-121.47,38.74
-122,38.7
-121.26,38.66
-120.7,38.5
-121.15,38.67
-120.8,39.1
-121.3,38.3
-120.8,38.9
-120.7,38.9
-120.91,38.9
-120.48,38.63
-122.3,38.9
-121.1,38.3
-121.516,38.372
-120.9,38.3
-121.6,38.17
-120.8,38.3
-121.8,38.9
-120.07,38.69
-121.3,38.9
-121.18,38.82
-120.94,38.82
-121.4,38.66
-121.97,38.679
-121.28,38.55
-121.15,38.87
-121.6,38.8
-121.38,38.67
-121.26,38.74
-121.23,38.68
-121.18,38.85
-121,38.8
-120.66,38.39
-120.3,38.6
-120.6,38.8
-121.5,38.8
-120.9,38.5
-121.27,38.6
-120.98,38.73
-121.47,38.69
-121.49,38.96
-120.7434,38.5463
-121.23,38.8
-121.28,38.77
-122.329,38.923
-121.6,38.2
-121.35,38.99
-121,38.6
-121.1,38.5
-120.6,38.6
-120.7,38.4
-121.422,38.224
-121.9,38.4
-122,38.4
-120.5,38.5
-121.6,38.2
-121.6,38.6
-121.4,39
-121.2,38.4
-122,38.6
-121.9,38.8
-121.807,38.738
-121.91,38.8
-120.8553,38.4407
-120.8,39.22
-121,38.99
-120.68,38.75
-120.7,39.1
-120.84,39.2
-120.64,39.22
-120.85,39.18
-120.148,38.794
-120.09,38.82
-121.03,39
-120.36,39.32
-120.5,38.8
-120.39,39.33
-120.106,38.805
-120.9,39.1
-121.19,38.57
-121.17,38.75
-121.37,38.78
-121.43,38.34
-121.44,38.43
-121.1,38.7
-121.29,38.83
-121.7,38.7
-121.49,38.58
-121.49,38.58
-121.45,38.61
-121.47,38.58
-121.45,38.55
-121.49,38.56
-121.44,38.57
-121.45,38.54
-121.38,38.63
-121.5,38.51
-121.44,38.47
-121.44,38.52
-121.41,38.59
-121.39,38.54
-121.32,38.56
-121.4,38.49
-121.36,38.46
-121.27,38.5
-121.53,38.52
-121.5,38.42
-121.55,38.63
-121.52,38.64
-121.53,38.67
-121.59,38.7
-121.44,38.65
-121.35,38.66
-121.35,38.68
-121.36,38.72
-121.38,38.59
-121.5,39.2
-121.38,39.13
-120.7,39.5
-122,39
-121.36,39.42
-121.3,40
-121.3,39.7
-121.67,39.42
-121.3,39.3
-121.28,39.43
-121.93,39.46
-121,39.6
-121.3,40.1
-121.19,39.49
-121.84,39.74
-121.8,39.7
-121.17,39.53
-122,39.3
-120.93,40.07
-121.19,39.37
-120.8,39.54
-121.974,38.889
-121.8,39.6
-122.6,39.5
-121.2,39.6
-121.5,40
-122,39.6
-120.8,39.6
-120.9,39.2
-121.2,39.2
-120.9,40.2
-121.8,39.4
-121.1,39.1
-121.94,39.08
-121.98,39.73
-121.8,39.2
-121.5,39.9
-122.17,39.31
-121.06,39.88
-121.8,39.1
-120.8,39.4
-121.1,39.4
-121.5,39
-121.28,39.37
-122.4,39.7
-121.6,39.6
-121.4,39.5
-121.56,39.43
-121.7,39.7
-122.07,39.43
-121,39.9
-121.8,39.9
-121.747,39.496
-121.16,39.23
-121.32,39.17
-121.5,39.9
-122.5,39.3
-121,39.6
-121.81,39.18
-120.7,40
-121.1,40
-120.81,39.35
-122.3,39.1
-122.3,39.5
-121.6,39
-121.7,39.1
-122.5,40.6
-122.32,40.53
-122.3,40.7
-121.1,41.4
-122.3,40.5
-122.1,40.7
-121.1,41
-123.22,40.79
-121.93,41.02
-121.7,41
-122.7,41.3
-121,41.6
-121.58,40.93
-122.4,41.1
-122.37,40.68
-121.3,40.3
-122.3,39.9
-122.4,40.4
-122,41.9
-122.8,40.6
-122.3,41.2
-122.9,41.4
-121.5,41.1
-122.6,39.9
-123.1,41.2
-122.9,41.6
-122.6,40.8
-122.6,41.4
-122.2,40.04
-122.9071,41.5493
-122.52,41.59
-123.5,41.8
-121.5,40.8
-123.2,40.5
-122.5,41.9
-123.4,40.7
-122.7,40.5
-123.1,40.8
-122.5,40.6
-123,41.9
-122.3,40.9
-122.8,40.8
-121.15,41.2
-121.8,40.1
-121.1,41
-121.9,41.4
-121.9,41.8
-121.8,40.4
-121.6,40.3
-122.1,40.6
-121.61,40.37
-122.3,41.8
-122,41
-122.3,41.3
-121.18,41.098
-122,40.7
-121.5,40.6
-122.23,40.56
-122.3,40.2
-121.8,40.3
-122.9,40.3
-122.4,40.1
-121.947,40.79
-123,41.75
-123.1,41.9
-122.49,40.6
-121.8,40.5
-122.123,40.026
-122.7,41.1
-122.054,39.932
-122.94,40.75
-122.4,41.4
-121.8,40.7
-122.7,41.8
-120.7,41.6
-120.7,39.8
-120.1,41.4
-120.3,39.9
-120.6,39.8
-119.2,38.2
-120.3,41.8
-120.1,39.9
-120.1,41.4
-120.02,39.41
-120.17,41.85
-120.1,40.2
-120.5,40.3
-120.1,41.8
-120.4,41.3
-120.3,40.4
-120.2,39.6
-120.7,41.1
-119.8,38.6
-120.4,40.1
-120.4,39.8
-120.2,41
-120.5,39.6
-120.7,39.7
-120.3,39.6
-120.4,40.35
-120.4,39.9
-120.5,40.5
-120.6,40.9
-119.56,38.66
-121.3,41.7
-120.23,39.75
-120.3,40.3
-121,40.5
-120.083,39.227
-120.16,39.08
-120.142,39.066
-120.02,39.23
-120.116,39.187
-120.22,39.18
-120.045,39.24
-120.1,38.8
-120,39
-120.4,39.2
-105.1,39.79
-105.06,39.83
-105.12,39.81
-105.12,39.85
-105.22,39.87
-104.86,39.74
-104.79,39.73
-104.84,39.7
-104.77,39.66
-104.85,39.66
-104.78,39.62
-104.74,39.6
-104.78,39.7
-104.69,39.69
-104.71,39.78
-105.08,39.92
-105.12,39.9
-104.8,39.9
-105.02,39.97
-104.8,39.9
-105.26,39.93
-105.1,40.02
-105.13,39.98
-105.03,39.83
-105.04,39.88
-105.1,39.77
-104.84,39.75
-104,39.4
-104.4,39.7
-104.1,39.8
-104.8,39.3
-104,39.6
-104.5,39.1
-104.5,39.4
-104.85,39.45
-104.9,39.3
-105.01,39.65
-104.87,39.63
-104.87,39.56
-104.96,39.64
-104.7,39.3
-104.4,39.4
-104.9,39.2
-105.01,39.6
-104.96,39.61
-104.96,39.58
-105.06,39.61
-104.88,39.54
-105.1,39.5
-104.95,39.53
-105.1,39.5
-105.08,39.57
-105.01,39.54
-104.91,39.53
-105.007,39.476
-104.9,39.1
-104.9,39.11
-104.8,39.5
-105.2,39.3
-104.3,39.8
-104.6,39.8
-104.7,39.5
-105,39.75
-104.98,39.73
-105.02,39.74
-104.97,39.76
-104.95,39.73
-104.92,39.76
-104.98,39.71
-104.96,39.68
-105.02,39.76
-105.05,39.77
-105.07,39.74
-105.11,39.74
-104.95,39.79
-104.97,39.73
-105.03,39.71
-104.91,39.73
-105.01,39.82
-104.93,39.67
-105,39.69
-104.91,39.68
-105.09,39.71
-105.1,39.66
-105.15,39.69
-104.95,39.85
-104.89,39.72
-104.89,39.67
-105.09,39.69
-104.94,39.9
-105.01,39.91
-105.09,39.65
-105.03,39.65
-104.91,39.64
-104.88,39.78
-104.84,39.78
-104.96,39.93
-104.93,39.7
-104.88,39.69
-104.7,39.84
-105.01,39.87
-105.21,40.05
-105.4,40.1
-105.22,39.97
-105.29,40.05
-105.26,39.98
-105.4,40
-105.2,39.7
-105.3,39.8
-106.065,39.285
-105.6,39.5
-105.6,39.9
-106.5,39.8
-106.1,39.5
-105.3,39.4
-106.91,39.86
-105.509,39.796
-107,40.8
-105.894,39.316
-105.3,39.5
-106.4,40.7
-105.9,39.5
-105.593,39.771
-105.686,39.763
-105.4,39.7
-105.9,39.1
-105.816,39.948
-106.09,39.59
-105.7,39.71
-105.9,40.2
-106,40.3
-105.67,39.5
-105.8,38.9
-106.095,40.072
-105.7,39.7
-105.2425,39.6662
-105.244,39.617
-105.44,40.09
-105.8,39.4
-105.3,39.65
-106.4,40.2
-106.4,39.2
-106.7,39.8
-105.2,39.6
-105.5,40
-106.9,40.2
-106,40
-106.944,40.231
-105.3,39.4
-105.5,40
-106.16,40.45
-105.553,39.422
-105.728,39.696
-106.9,40.5
-105.847,39.994
-106.9,40
-106.4,40.7
-105.5,40.1
-105.79,39.92
-106.908,40.153
-106.9,40.7
-106.9,40.5
-106.2,39.8
-106.2,39.8
-105.09,40.17
-105.2,40.2
-105,40.2
-105.6,40.2
-105.6,40.4
-105.7,40.7
-105.1,40.3
-104.95,40.06
-105.41,40.41
-105.02,40.07
-105.6,40.4
-104.936,40.113
-105.13,40.59
-105,40.7
-105.02,40.52
-105.13,40.56
-105,40.48
-104.92,40.1
-105.44,40.44
-104.92,40.33
-105.2,40.7
-105.5,40.8
-105.2,40.4
-105.2,40.5
-105.4,40.2
-105.01,40.23
-104.83,40.35
-105.173,40.103
-105.6,40.8
-104.85,40.524
-104.97,40.52
-105.1,40.8
-104.9,40.5
-104.8,39.95
-104.91,39.96
-104.8,40
-104.7,40.7
-104.2,40.6
-104.8,40.9
-104.7,40.5
-104.72,40.37
-104.8,40.1
-104.45,40.55
-104.777,40.282
-104.49,40.47
-104.7,40.4
-104.8,40.4
-104.88,39.88
-104.6,40.1
-104.5,40.1
-104.4,40.3
-104.7,40.3
-104.7,40.8
-104.2,40.4
-104.8,40.7
-104.8,40.3
-104.3,40.1
-104,40.4
-104.1,40.2
-103.8,40.2
-103.829,40.27
-103.2,40.2
-102.15,40.68
-103.27,40.51
-103.6,40.2
-102.8,40.9
-102.5,40
-102.9,40.6
-104.2,40.8
-102.6,40.6
-103.48,40.36
-102.3,40.5
-102.2,39.8
-103,40.8
-102.2,40.9
-103.4,39.7
-103.4,40.6
-103.9,40.8
-102.9,40.2
-102.4,40.9
-103.4,40.9
-102.473,40.613
-103.2,40.9
-102.5,40.9
-103.6,40.4
-103.2,40.6
-103.7,40.8
-102.4,39.9
-103.6,39.8
-102.3,40.1
-102.6,40.1
-103.1,39.7
-102.2,38.8
-103.3,39.3
-102.4,39.3
-102.3,39.3
-104.3,39
-105,38.9
-102.5,38.8
-103,39.7
-105.2,38.8
-105.1,38.9
-103,39.3
-105.4,38.8
-104.7,38.6
-103.5,39.4
-104.96,38.92
-105.6,38.8
-103.5,39
-102.7,39.7
-103.4,38.7
-102.4,39.7
-102.9,38.8
-105.5,39.2
-103.7,39.2
-104.93,38.83
-103.9,39.1
-104.5,39
-104,39.1
-103.9,38.7
-102.9,39.3
-104.1,39.2
-102.6,39.3
-104.85,38.99
-105.1,38.7
-102.8,39.3
-103.01,38.84
-105,39
-104.2,38.7
-104.81,38.74
-104.81,38.83
-104.87,38.86
-104.83,38.83
-104.85,38.78
-104.82,38.88
-104.7,39
-104.77,38.85
-104.78,38.8
-104.73,38.75
-104.79,38.72
-104.69,38.82
-104.72,38.85
-104.72,38.8
-104.75,38.89
-104.78,38.91
-104.9,38.93
-104.77,38.96
-104.9,39
-104.7,38.89
-104.71,38.92
-104.73,38.96
-104.6,38.8
-104.9,38.6
-104.66,38.93
-104.4,38.6
-104.62,38.84
-104.49,38.81
-104.66,38.91
-104.65,38.89
-104.52,38.33
-104.68,38.27
-104.7,38.1
-104.8,38.2
-104.5,38.2
-104.8,38.4
-104.5,38.4
-104.84,37.94
-104.7,37.4
-103.3,38.5
-104.4,38.1
-104.9,38.1
-104.4,37.2
-104.3,38.3
-103.7,37.2
-102.6,37.1
-103.5,38
-103.8,38.4
-102.8,38.4
-103.1,37.9
-104.1,38
-105.3,37.8
-102.4,37.8
-102.3,38.2
-102.9,38
-103.2,38.5
-102.3,38
-103.4,37.3
-103.5,38
-102.6,38
-103.1,37.9
-105.1,37.5
-102.9,38.2
-103.9,38.1
-104,37.5
-104,38.3
-103.8,38.4
-103,37.3
-103.7,38
-104.9,37.9
-102.3,38.4
-102.7,37.4
-103.5,38.4
-103.5,38
-104.1,37.1
-104.4,37.2
-102.3,37.6
-102.44,37.35
-104.7,37.6
-102.3,37.3
-105,37.2
-102.7,38.2
-105.8,37.5
-106.2,37.2
-107.4,37.3
-107.6,37.4
-105.6,37.4
-106.116,37.285
-106,37.8
-105.3,37.2
-107,37.2
-106.016,37.094
-107.1,37.7
-105.72,37.95
-106.6,37.7
-105.3,37.3
-105.9,37.7
-107.6,37.1
-105.6,37.1
-106.2,37.3
-105.94,37.17
-105.7,38.1
-106.2,37.6
-105.7,37.7
-107,37.2
-105.987,37.173
-106.3,38.2
-105.6,37.2
-105.5,37.1
-106.7,37.6
-106.1,38.2
-106.1,38.6
-106.6,38.8
-106.3,38.9
-105.4,38.5
-107.5,38.3
-105.2,38.3
-105.74,38.36
-105.6,38.4
-106.9,38.9
-106.9,38.9
-105.1,38.3
-106,38.6
-106.9,38.6
-106.9,38.55
-105.5,38.5
-105.9,38.5
-107.4,37.8
-106.2,38.7
-106.6,38.7
-106.6,38.5
-105,38.5
-106.47,38.6
-106.07,38.51
-107.2,38.1
-105.2,38.3
-106.8,38.2
-106.32,39.09
-105.5,38.1
-105.1,38.2
-107.8,37.4
-107.9,37.2
-108.4,37.8
-108.7,37.3
-108.3,37.5
-108.9,37.7
-108.8,38
-108.1,37.2
-108.67,37.54
-108.3,37.3
-108.495,37.259
-108.8,37.5
-108.03,37.69
-108.7,37.1
-108.72,37.54
-107.8,38.5
-107.9,38.4
-107.95,38.8
-108.9,38.3
-107.9,39
-107.7,38.6
-108.1,38.7
-108,38.9
-107.7,38.8
-108.7,38.3
-108.28,38.13
-108.4,38.4
-108.2,38.5
-107.83,37.87
-107.67,38.03
-107.6,38.9
-108.9,38.4
-108.054,38.016
-108.2,38.2
-107.7,38.1
-107.7,37.8
-107.4,39.1
-108.2,38
-108.55,39.07
-108.5,39.02
-108.49,39.08
-108.5,39.2
-108.54,39.12
-108.6,39
-108.41,39.08
-108.9,39.1
-108.7,38.7
-108.8,38.9
-108.9,39.2
-108.9,39.3
-108.3,39.1
-108.4,38.8
-107.3,39.6
-108.8,40.4
-106.7,39.2
-106.8,39.1
-106.946,39.211
-106.52,39.63
-106.9,39.4
-107.2,39.2
-107.8,39.2
-107.7,40.6
-108.5,39.4
-106.82,39.66
-106.6,39.5
-108.5,40.4
-108.1,39.5
-106.9,39.7
-107.5,40.3
-107.2,40.6
-108.5,40.7
-107.8,40.1
-106.62,39.34
-108.12,39.17
-106.428,39.585
-108.05,39.18
-107.4,39.7
-108.7,40
-106.371,39.509
-108.1,39.7
-107.7,39.5
-107.4,40.9
-107,39.2
-106.68,39.69
-106.885,39.275
-106.4,39.6
-72.86,41.79
-72.74,41.85
-72.94,41.68
-72.96,41.76
-72.55,41.91
-73.3,42.02
-72.91,41.86
-73.1,42.03
-72.94,41.82
-72.72,41.61
-73.28,42.02
-72.74,41.94
-72.91,42
-72.42,41.91
-73.32,41.96
-72.83,41.73
-72.54,41.7
-72.8,41.96
-72.78,41.6
-73.44,41.95
-72.52,41.76
-72.53,41.8
-72.44,41.77
-72.77,41.67
-72.8,41.66
-72.79,41.69
-73,41.85
-73.2,42
-72.84,42.01
-73.01,41.85
-72.85,41.67
-72.97,41.93
-73.01,41.97
-72.46,41.84
-72.66,41.66
-73.42,42.01
-73.44,41.86
-72.82,41.87
-72.45,41.99
-72.57,41.65
-72.57,41.83
-72.3,42
-72.65,41.99
-72.77,41.91
-72.56,41.98
-72.36,41.88
-72.89,41.75
-72.59,41.9
-72.83,41.84
-72.87,41.96
-72.98,42
-72.86,41.87
-72.73,41.99
-72.68,41.87
-72.65,41.93
-73.1,42
-72.68,41.77
-72.7,41.78
-72.69,41.74
-72.77,41.75
-72.62,41.78
-72.66,41.7
-72.74,41.73
-72.73,41.69
-72.7,41.79
-72.67,41.75
-72.76,41.78
-72.61,41.74
-72.73,41.76
-72.67,41.79
-72.21,41.7
-72.37,41.63
-72.38,41.73
-71.95,41.78
-72.13,41.79
-72.3,41.69
-72.34,41.78
-71.86,41.79
-71.86,41.85
-72.1,41.9
-71.8,41.846
-72.07,41.77
-72.4,41.69
-72.2,41.6
-72.21,41.78
-72.15,41.61
-71.9,41.98
-72.16,41.73
-71.99,41.86
-71.87,41.9
-71.95,42.02
-71.86,41.85
-72.1,41.7
-72.15,41.67
-72.25,41.79
-72.25,41.81
-71.86,41.98
-72.16,41.9
-72.26,41.9
-72.14,41.69
-72.01,41.97
-72.07,41.94
-72.11,41.35
-72.08,41.65
-71.99,41.7
-71.91,41.69
-72.24,41.38
-72.18,41.55
-72.07,41.44
-72.19,41.58
-72,41.44
-72.04,41.35
-72.08,41.64
-71.96,41.58
-72.134,41.453
-71.85,41.7
-71.98,41.37
-72.22,41.33
-71.88,41.47
-72.09,41.55
-71.99,41.52
-72.19,41.47
-72.3,41.4
-71.815,41.695
-71.91,41.69
-72.14,41.4
-72.261,41.305
-71.82,41.72
-71.92,41.38
-71.87,41.37
-72.05,41.57
-72.12,41.46
-71.84,41.57
-72.16,41.36
-71.911,41.745
-72.09,41.55
-73.07,41.34
-73.06,41.44
-72.8,41.28
-72.42,41.35
-72.91,41.51
-72.48,41.4
-72.54,41.3
-72.55,41.57
-72.3,41.5
-72.67,41.6
-72.46,41.37
-73.08,41.33
-72.58,41.38
-72.27,41.49
-72.68,41.46
-72.39,41.48
-72.5,41.6
-72.4,41.35
-72.7,41.3
-72.5,41.46
-72.57,41.46
-72.45,41.34
-72.6,41.3
-72.9,41.58
-72.46,41.64
-72.78,41.54
-72.82,41.54
-72.71,41.52
-72.5519,41.5516
-72.7,41.5
-73.05,41.21
-73.07,41.24
-72.9,41.58
-73.23,41.34
-72.44,41.51
-73.3,41.4
-72.78,41.35
-72.77,41.38
-72.86,41.38
-72.39,41.3
-73,41.26
-73.14,41.43
-72.9,41.58
-72.6,41.6
-72.7,41.53
-73.25,41.41
-73.09,41.38
-73.14,41.32
-73.23,41.49
-72.88,41.6
-72.81,41.46
-72.47,41.3
-72.926,41.308
-72.94,41.31
-72.87,41.28
-72.86,41.32
-72.94,41.37
-72.97,41.33
-72.96,41.27
-72.9,41.35
-72.91,41.42
-72.94,41.3
-72.99,41.43
-73,41.35
-73.2,41.17
-73.22,41.16
-73.21,41.21
-73.17,41.18
-73.18,41.19
-73.17,41.2
-73.21,41.26
-73.31,41.27
-73.13,41.23
-73.14,41.17
-73.04,41.56
-73.03,41.58
-72.99,41.55
-73.03,41.53
-73.07,41.55
-73.04,41.57
-72.98,41.5
-72.98,41.6
-73.26,41.73
-73.21,41.64
-73.36,41.52
-73.36,41.78
-73.48,41.63
-73.23,41.85
-73.45,41.73
-73.23,41.672
-73.2,41.8
-73.12,41.53
-73.21,41.69
-73.05,41.49
-73.4,41.6
-73.33,41.7
-73.1,41.71
-73.09,41.6
-73.05,41.66
-73.3,41.55
-73.49,41.59
-73.45,41.72
-73.02,41.66
-73.1,41.67
-73.13,41.84
-73.06,41.75
-73.3,41.64
-73.32,41.65
-73.12,41.62
-73.33,41.86
-73.21,41.56
-73.39,41.38
-73.39,41.47
-73.59,41.06
-73.47,41.38
-73.48,41.42
-73.49,41.49
-73.48,41.08
-73.28,41.17
-73.24,41.2
-73.63,41.04
-73.66,41.08
-73.5,41.16
-73.44,41.13
-73.41,41.14
-73.44,41.07
-73.42,41.08
-73.4,41.1
-73.408,41.114
-73.57,41.04
-73.49,41.31
-73.58,41.03
-73.34,41.14
-73.38,41.22
-73.29,41.14
-73.39,41.3
-73.44,41.21
-73.538,41.054
-73.54,41.06
-73.55,41.14
-73.54,41.09
-73.52,41.07
-73.52,41.1
-75.7,39.6
-75.7,39.6
-75.47,39.78
-75.58,39.57
-75.69,39.79
-75.7,39.5
-75.61,39.8
-75.73,39.71
-75.7,39.67
-75.75,39.68
-75.758,39.69
-75.6,39.6
-75.65,39.46
-75.5774,39.5163
-75.57,39.79
-75.65,39.56
-75.6,39.4
-75.608,39.806
-75.666,39.805
-75.55,39.73
-75.52,39.74
-75.53,39.8
-75.62,39.72
-75.59,39.75
-75.57,39.76
-75.61,39.8
-75.67,39.74
-75.5,39.78
-75.5,39.82
-75.5,39.2
-75.48,39.12
-75.6,39.2
-75.07,38.55
-75.64,38.58
-75.6,38.7
-75.6,39.1
-75.6,39.2
-75.69,39.26
-75.21,38.55
-75.5,38.5
-75.42,38.79
-75.6,39
-75.06,38.47
-75.2,38.5
-75.45,39.04
-75.4,38.7
-75.6,38.8
-75.24,38.69
-75.6,38.9
-75.69,39.15
-75.52,38.91
-75.663,39.226
-75.6,38.5
-75.2,38.7
-75.4,38.86
-75.5,39.08
-75.4,38.9
-75.72,39.09
-75.3,38.6
-75.11,38.55
-75.3,38.8
-75.1,38.57
-75.1,38.7
-75.6,38.6
-75.2,38.5
-75.5,39.3
-75.58,39.05
-81.73,30.09
-82.9,29.9
-82,30.4
-81.8,30.6
-82.7,30.1
-82.6,30.1
-82.2,30.09
-81.4,29.8
-81.5,30.6
-82.7,29.9
-82.2,30.3
-81.8,29.9
-82.18,29.86
-81.9,30.7
-83,30.5
-83.2,30.6
-82.4,30
-82.6,30.4
-82.12,30.07
-83.3,30.4
-83,30.3
-82.51,30.08
-83,30.1
-82.1,30.3
-82.99,30.3
-81.81,30.15
-83.2,30
-81.9,30.1
-83,30
-82.3,30.4
-81.75,30.16
-81.7,29.9
-81.3,29.8
-81.4,30.2
-81.4,30.1
-82.21,30.07
-81.35,29.9
-81.3,29.8
-82.3,30.4
-82.1,29.9
-81.5,29.9
-82.8,30.2
-81.41,30
-82.7,30.4
-81.6,30.6
-81.55,29.12
-81.3,29.5
-81.6,29.4
-82.1,29.4
-81.05,29.19
-81.07,29.24
-81,29.2
-81.03,29.16
-81.14,29.16
-80.97,29.11
-81.08,29.1
-81.02,29.13
-81.32,29.17
-81.58,29.69
-80.96,28.97
-81.8,29.1
-81.8,29.3
-81.14,29.47
-81.2,29.6
-81.6,29.38
-81.86,29.76
-80.9,28.95
-81.4,29.7
-81.81,29.64
-81.9,29.6
-81.61,29.49
-81.91,28.92
-82,28.92
-81.22,29.48
-81.1,29
-80.8,28.9
-81.2,29.3
-81.06,29.34
-81.7,29.7
-81.9,29.1
-81.4,29.2
-81.61,29.49
-81.56,29.58
-81.63,29.55
-81.49,29.35
-81.66,29.48
-81.9,28.98
-81.65,30.33
-81.68,30.32
-81.73,30.3
-81.64,30.35
-81.64,30.27
-81.68,30.39
-81.7,30.36
-81.75,30.27
-81.59,30.33
-81.69,30.21
-81.58,30.27
-81.62,30.24
-81.7,30.5
-81.8,30.4
-81.85,30.34
-81.85,30.25
-81.83,30.22
-81.64,30.16
-81.47,30.29
-81.5,30.35
-81.5,30.5
-81.41,30.38
-81.4088,30.3877
-81.42,30.36
-82.1,30.2
-81.74,30.22
-81.51,30.29
-81.42,30.28
-81.73,30.35
-81.52,30.18
-81.6,30.19
-81.56,30.14
-81.6,30.1
-81.41,30.32
-81.58,30.37
-84.26,30.43
-84.33,30.52
-84.35,30.46
-84.3,30.3
-84.25,30.49
-84.1,30.6
-84.5,30.4
-84.17,30.37
-84.2,30.6
-84.13,30.47
-85.1,29.7
-85,30.3
-84.6,29.9
-84.593,29.882
-84.8,30.6
-84.3,30.2
-84.9,29.8
-84.7,30.5
-83.6,30.4
-84.66,30.61
-84.4,30.6
-84.8,30.3
-83.9,30.3
-83.4,30.5
-84.45,30.51
-83.9,30.4
-84.4,30
-83.7,30.1
-83.6,29.9
-83.34,30.58
-84.7,30.5
-84.6,30.6
-84.21,30.16
-83.415,29.887
-84.5,30.1
-83.3,29.7
-83.9,30.5
-84.26,30.43
-85.67,30.16
-85.6,30
-85.5,30.2
-85.67,30.2
-85.8,30.21
-85.76,30.16
-85.7,30.3
-85.408,29.941
-85.9,30.3
-85.38,30.64
-85.2,30.5
-85.1,30.9
-85.1,30.4
-85.7,30.8
-85.37,30.94
-85.8,30.72
-85.6,30.6
-85.2,30.4
-85.4,30.8
-85.2,30.7
-86.2,30.9
-86.2,30.7
-85.9,30.42
-85.43,30.5
-86.2,30.5
-85.5,30.9
-85,30.7
-85.13,30.86
-85.64,30.23
-85.2,30.96
-85.2,30.9
-85.2,30.9
-85.2,30.7
-85.22,30.27
-86,30.6
-85.3,29.8
-86.2,30.4
-84.9,30.8
-85.957,30.254
-85.9,30.5
-85.6,30.6
-86,30.9
-85.2,30
-85.4,30.4
-87.21,30.43
-87.22,30.41
-87.21,30.46
-87.2,30.48
-87.26,30.45
-87.35,30.39
-87.4,30.3
-87.3,30.35
-87.341,30.466
-87.291,30.406
-87.21,30.55
-87.36,30.5
-87,30.6
-86.7,30.9
-87.32,30.62
-87.29,30.54
-87.3,30.9
-86.7,30.7
-86.4,30.8
-86.46,30.4
-86.5,30.6
-86.7,30.44
-86.7,30.5
-86.7,30.4
-86.35,30.39
-87.1,30.4
-87,30.4
-86.8,30.7
-87.1,30.8
-86.9,30.5
-86.4,30.9
-87.5,30.8
-86.72,30.46
-87,30.8
-87.2,30.7
-87.4,30.8
-86.4,30.6
-86.57,30.46
-86.56,30.56
-87,30.6
-82.32,29.64
-82.348,29.656
-82.39,29.68
-82.43,29.68
-82.42,29.65
-82.4,29.59
-82.3,29.8
-82.32,29.64
-82.5,29.8
-82.5,29.8
-82.06,29.3
-82.5,29.5
-82.9,29.8
-82.7,29.4
-82.3,29.9
-83,29.2
-82.9,29.4
-83.2,29.7
-82.11,29.72
-82.724,29.253
-82.1,29.6
-82.24,29.63
-82.7,29.8
-83.3,29.5
-82.41,29.77
-82,29.9
-82.5,29.8
-82.217,29.45
-81.99,29.73
-82.3,29.5
-82.5,29.3
-82.6,29.6
-83.1,29.6
-82.3,29.4
-82.77,29.32
-82.27,29.36
-83.15,29.328
-82.8,29.6
-82.15,29.79
-82.5,29.4
-82.424,29.929
-81.37,28.66
-81.6,29.1
-81.5,28.7
-81.31,28.66
-81.27,28.68
-81,28.5
-81.51,28.73
-81.32,28.88
-81.42,28.67
-81.4,29
-81.2,29.1
-81.25,28.9
-81.69,28.86
-81.34,28.65
-81.11,28.75
-81.73,28.88
-81.5,28.9
-81.19,28.91
-81.23,28.98
-81.36,28.76
-81.35,28.71
-81.36,28.63
-80.9,28.7
-81.6,28.8
-80.9,28.9
-81.3,28.94
-81.1,28.8
-81.2,28.67
-81.08,28.66
-81.51,29.01
-81.3,28.8
-81.25,28.75
-81.5,28.8
-81.73,28.78
-81.41,28.72
-80.85,28.54
-81.7,28.9
-81.36,28.6
-81.3,28.61
-80.89,28.6
-81.59,28.73
-81.37,28.54
-81.35,28.55
-81.4,28.58
-81.41,28.53
-81.36,28.51
-81.3,28.55
-81.44,28.58
-81.39,28.47
-81.43,28.62
-81.45,28.5
-81.33,28.49
-81.33,28.57
-81.24,28.59
-81.49,28.59
-81.46,28.45
-81.1,28.57
-81.48,28.39
-81.29,28.5
-81.32,28.4
-81.24,28.52
-81.18,28.59
-81.3,28.41
-81.16,28.51
-81.22,28.48
-81.56,28.38
-81.15,28.5
-81.1,28.4
-81.07,28.51
-81.49,28.52
-81.52,28.41
-81.44,28.39
-81.41,28.49
-80.62,28.08
-80.58,28.11
-80.8,28
-80.61,28.04
-80.67,28.02
-80.73,27.97
-80.68,27.92
-80.62,28.39
-80.75,28.38
-80.7,28.5
-80.8,28.4
-80.81,28.47
-80.62,28.33
-80.73,28.15
-80.64,28.14
-80.6,28.18
-80.8,28.2
-80.7,27.8
-80.56,27.93
-80.58,27.97
-80.5,28
-80.7,28.3
-80.7,28.5
-80.75,28.29
-80.49,27.8
-80.4,27.64
-80.38,27.59
-80.4,27.7
-80.7,27.7
-80.47,27.71
-80.6,27.6
-80.435,27.748
-80.54,27.87
-80.14,26.06
-80.15,25.99
-80.29,25.83
-80.3,25.87
-80.27,25.86
-80.3,25.9
-80.32,25.94
-80.33,25.89
-80.38,25.91
-80.12,26.04
-80.15,26.02
-80.19,26.02
-80.21,25.99
-80.24,26.03
-80.28,25.98
-80.3,26.03
-80.34,25.98
-80.34,26.02
-80.4,25.99
-80.51,25.48
-80.5,25.52
-80.39,25.51
-80.41,25.48
-80.5,25.43
-80.3,25.4
-80.4,25.2
-80.398,25.498
-80.26,25.9
-80.28,25.95
-80.24,25.95
-80.12,26.23
-80.09,26.25
-80.21,26.25
-80.12,26.28
-80.26,26.27
-80.18,26.25
-80.23,26.31
-80.22,26.21
-80.17,26.24
-80.6,25.1
-80.27,26.25
-80.18,26.3
-80.27,26.32
-80.141,25.76
-80.32,25.8
-80.24,25.78
-80.3,25.78
-80.21,25.81
-80.2,25.78
-80.2,25.75
-80.2,25.77
-80.19,25.77
-80.19,25.78
-80.24,25.74
-80.27,25.75
-80.23,25.77
-80.21,25.79
-80.18,25.81
-80.18,25.85
-80.15,25.78
-80.15,25.82
-80.14,25.86
-80.23,25.8
-80.29,25.7
-80.31,25.76
-80.23,25.75
-80.27,25.72
-80.24,25.85
-80.16,25.71
-80.21,25.85
-80.13,25.89
-80.31,25.74
-80.29,25.66
-80.33,25.6
-80.31,25.64
-80.14,25.94
-80.18,25.89
-80.18,25.93
-80.36,25.74
-80.31,25.82
-80.24,25.89
-80.21,25.89
-80.21,25.94
-80.46,25.55
-80.36,25.79
-80.36,25.7
-80.36,25.76
-80.41,25.74
-80.36,25.66
-80.4,25.6
-80.37,25.85
-80.18,25.96
-80.14,25.96
-80.15,25.9
-80.4,25.9
-80.41,25.7
-80.41,25.76
-80.45,25.72
-80.41,25.66
-80.49,25.6
-80.34,25.57
-80.35,25.56
-80.45,25.7
-80.441,25.756
-80.6,25.6
-80.13,26.12
-80.12,26.15
-80.12,26.15
-80.12,26.17
-80.11,26.19
-80.17,26.19
-80.16,26.13
-80.17,26.09
-80.23,26.15
-80.22,26.07
-80.15,26.09
-80.12,26.09
-80.23,26.11
-80.23,26.18
-80.27,26.21
-80.27,26.14
-80.32,26.16
-80.27,26.11
-80.33,26.11
-80.37,26.11
-80.6,26.1
-80.27,26.07
-80.33,26.06
-80.37,26.06
-80.47,26.04
-80.13,26.18
-80.27,26.18
-80.07,26.72
-80.07,26.81
-80.07,26.79
-80.06,26.68
-80.09,26.66
-80.09,26.76
-80.06,26.85
-80.09,26.72
-80.09,26.84
-80.2,26.71
-80.21,26.82
-80.15,26.67
-80.24,26.64
-80.13,26.66
-80.13,26.72
-80.19,26.85
-80.08,26.53
-80.4,26.5
-80.6,26.6
-80.1,26.38
-80.08,26.35
-80.16,26.35
-80.17,26.38
-80.06,26.52
-80.11,26.53
-80.15,26.51
-80.6,26.9
-81.2,26.5
-80.1,26.31
-80.14,26.31
-80.08,26.46
-80.1,26.45
-80.19,26.45
-80.24,26.59
-80.2,27.1
-80.13,26.94
-80.06,26.61
-80.09,26.62
-80.08,26.57
-80.13,26.59
-80.17,26.6
-80.11,27
-80.4,26.8
-81.2,26.9
-80.18,26.54
-80.2,26.51
-80.62,26.79
-80.08,26.92
-80.3,27
-80,26.7
-80.06,26.46
-80.13,26.45
-80.12,26.35
-80.09,26.41
-80.8,26.6
-80.16,26.41
-80.23,26.39
-82.3,27.7
-82.3,27.96
-82.3,27.9
-82.2,28.7
-82,28.64
-82.1,28.8
-82.3,28.4
-82.2,28.4
-82.22,27.97
-82.38,27.83
-82.2,28.8
-82.16,28.22
-82.22,28.23
-82.18,28.23
-82.3,28.21
-82.37,28.25
-82.29,28.27
-82.1,27.8
-82.48,28.15
-82.45,28.14
-82.6,28.2
-82.51,28.16
-82.4,28.16
-82.13,28.02
-82.15,28.1
-82.13,27.99
-82.12,27.91
-82.29,27.85
-82.47,27.7
-82.4,27.77
-82.36,27.73
-82.31,28.32
-82.35,27.84
-82.28,27.8
-82.29,28
-82.03,28.75
-82.28,28.1
-82.24,27.94
-82.23,27.89
-82.1,28.5
-82.3,27.7
-82.46,27.95
-82.46,27.99
-82.45,28.01
-82.43,27.94
-82.46,27.93
-82.54,27.96
-82.52,27.94
-82.38,28
-82.51,27.89
-82.45,28.05
-82.45,28.09
-82.5,28.01
-82.58,28
-82.53,27.86
-82.39,28.04
-82.5,28.08
-82.38,27.9
-82.41,28.062
-82.5,27.85
-82.52,28.08
-82.56,28.07
-82.61,28.06
-82.51,27.92
-82.54,28
-82.61,28.02
-82.36,28.05
-82.35,28.12
-82.62,27.78
-82.63,27.85
-82.62,27.82
-82.63,27.8
-82.64,27.74
-82.75,27.74
-82.73,27.75
-82.8,27.81
-82.73,27.82
-82.73,27.79
-82.69,27.74
-82.67,27.71
-82.68,27.79
-82.68,27.82
-82.72,27.65
-82.64,27.87
-82.778,27.8082
-82.78,27.98
-82.79,27.94
-82.69,27.98
-82.71,27.9
-82.72,28.03
-82.66,27.9
-82.74,28.01
-82.73,27.94
-82.74,27.98
-82.82,27.98
-82.8,27.92
-82.76,27.91
-82.8,27.84
-82.75,27.88
-82.83,27.88
-82.83,27.85
-82.76,27.85
-82.8,27.88
-82.71,27.84
-82.71,27.86
-82.84,27.87
-82.84,27.92
-81.91,28.04
-81.93,28.01
-81.92,28.1
-82,28.2
-82.1,28.1
-82.01,27.99
-81.89,27.98
-81.92,27.95
-82.01,28.04
-81.81,28.09
-81.4,27.6
-81.52,27.83
-81.8,27.9
-81.9,27.6
-81.61,28.19
-81.61,28.02
-81.75,27.98
-81.7,27.7
-81.5,27.7
-81.6,28.1
-81.8,27.9
-81.5088,28.2624
-82.07,28.24
-81.73,28.13
-81.6,28.1
-81.3,27.3
-81.59,27.9
-81.4101,27.8598
-81.35,27.8
-81.4,27.9
-81.1,27.4
-81.6,27.9
-82,27.8
-81.9,27.4
-81.4,27.9
-81.8,28.2
-81.4,27.5
-81.52,27.51
-81.8,27.5
-81.48,27.41
-81.35,27.42
-81.62,28.01
-81.78,27.98
-81.71,28.06
-81.68,27.98
-81.7,27.5
-81.57,28.27
-81.74,28.28
-81.4,27.8
-81.88,26.62
-81.91,26.7
-81.94,26.57
-81.76,26.67
-81.87,26.56
-81.9,26.5
-81.97,26.71
-81.83,26.55
-81.7,26.5
-82.02,26.57
-81.84,26.64
-81.8,26.8
-81.9,26.56
-81.66,26.72
-82.28,26.83
-82.14,26.66
-82.2,26.54
-81.7,26.4
-81.46,26.54
-81.91,26.44
-81.4,26.7
-81.61,26.6
-81.3,26.97
-82.149,26.658
-82.26,26.84
-82.27,26.89
-82.16,26.97
-82.04,26.92
-82.09,26.99
-82.2,27
-82.12,27.02
-81.97,26.82
-82.2,26.6
-82.1,26.46
-81.4,27.1
-81.771,26.47
-81.83,26.58
-81.81,26.47
-81.71,26.65
-81.61,26.65
-81.74,26.6
-81.61,26.56
-81.69,26.59
-82.05,26.98
-82.2,26.9
-81.8,26.9
-82.02,27
-81.94,26.63
-82.02,26.63
-82,26.7
-81.796,26.139
-81.8,26.13
-81.8,26.2
-81.74,26.15
-81.76,26.19
-81.81,26.25
-81.76,26.24
-81.79,26.3
-81.74,26.1
-81.74,26.04
-81.5,26
-81.71,26.19
-81.5,26.1
-81.72,26.27
-81.6,26.3
-81.85,26.36
-81.73,26.37
-81.5,26.1
-81.359,25.813
-81.39,25.86
-81.646,25.925
-81.2,25.6
-81.2,26.2
-81.7,25.92
-82.47,27.41
-82.38,27.41
-82.51,27.44
-82.58,27.48
-82.58,27.44
-82.51,27.48
-82.64,27.49
-82.64,27.45
-82.39,27.45
-82.4,27.5
-82.687,27.474
-82.736,27.527
-82.72,27.5
-82.3,27.6
-82.5,27.6
-82.51,27.54
-82.37,26.98
-82.3,26.91
-82.64,27.39
-82.48,27.17
-82.52,27.26
-82.47,27.33
-82.47,27.28
-82.53,27.37
-82.48,27.37
-82.56,27.33
-82.51,27.34
-82.47,27.22
-82.52,27.31
-82.35,27.33
-82.3,27.2
-82.54,27.26
-82.52,27.4
-82.2,27.4
-81.8,27.2
-81.8,27.2
-81.97,27.12
-82.43,27.16
-82.43,27.09
-82.13,27.12
-82.24,27.06
-82.12,27.07
-82.14,27.08
-82.21,27.14
-82.3,27.1
-82.35,27.02
-82.03,29.05
-82.6,29
-82.6,28.9
-82.5,29.1
-82.3,29.1
-82.52,28.99
-82.42,28.99
-82.3,28.7
-82.38,28.92
-82.37,28.93
-82.51,28.75
-82.61,28.78
-82.7,29.2
-82.26,28.83
-82.4,28.8
-82.34,28.89
-82.5,28.8
-82.48,28.93
-82.09,29.2
-82.12,29.15
-81.98,29.12
-82.2,29.01
-82.21,29.15
-82.16,29.26
-82.2,29.08
-82.1,29.27
-82.1,29.1
-82.33,29.12
-82.3,29.3
-82.1,28.93
-81.9,29.2
-82,29
-82.73,29.02
-82.4,28.6
-82.3,28.5
-82.43,28.48
-82.6,28.48
-82.6,28.5
-82.55,28.48
-82.51,28.48
-82.5,28.4
-82.54,28.58
-82.5,28.6
-82.46,28.31
-82.52,28.26
-82.4,28.3
-82.78,28.22
-82.69,28.24
-82.63,28.3
-82.63,28.23
-82.261,28.645
-82.65,28.38
-82.71,28.31
-82.61,28.35
-82.68,28.04
-82.664,28.432
-82.776,28.094
-82.77,28.09
-82.73,28.1
-82.69,28.1
-82.69,28.11
-82.79,28.15
-82.72,28.19
-82.76,28.19
-82.69,28.01
-82.78,28.01
-81.72,28.69
-81.8,28.5
-81.8,28.4
-81.74,28.62
-81.9,28.87
-81.52,28.54
-81.9,28.6
-81.8,28.69
-81.1,27.9
-81.43,28.31
-81.35,28.33
-81.32,28.29
-81.4,28.2
-81.59,28.32
-81.9,28.7
-81.9,28.58
-81.68,28.59
-81.5,28.2
-81.44,28.08
-81.63,28.56
-81.54,28.57
-81.89,28.75
-81.29,28.24
-81.2,28.2
-81.3,28.2
-81,28.2
-82.1,28.8
-81.56,28.48
-81.6,28.5
-81.79,28.89
-81.81,28.74
-80.5,27.4
-80.36,27.51
-80.39,27.44
-80.31,27.5
-80.33,27.44
-80.42,27.51
-80.29,27.3
-80.38,27.25
-80.5,27.1
-80.2,27.3
-80.9,27.5
-80.9,27.1
-80.38,27.4
-80.3,27.36
-80.35,27.32
-80.33,27.25
-80.41,27.33
-80.5,27.3
-80.4,27.1
-80.26,27.2
-80.19,27.2
-80.3,27.1
-84.26,33.77
-84.29,34.14
-84.22,34.09
-84.59,33.9
-84.3,34.08
-83.83,34.03
-84.01,33.72
-83.97,33.64
-83.8,33.6
-83.9,33.5
-83.96,33.89
-83.9,34
-84.24,33.81
-84.25,34.02
-84.1,34.07
-83.7,33.6
-84.2,34.3
-84.29,33.77
-84.27,33.75
-84.29,33.82
-84.25,33.69
-84.2,33.73
-84.14,33.66
-84.03,33.8
-84.2,34.2
-84.1,34.2
-84.01,34.01
-84.07,33.92
-83.92,33.93
-84,33.95
-84.11,33.87
-83.9,33.8
-83.86,33.68
-83.7,33.5
-83.65,33.5
-84.1,33.74
-84.54,33.93
-84.47,34
-84.62,33.93
-84.5,34.02
-84.46,33.93
-84.44,33.97
-83.8,33.6
-84.21,33.94
-84.2,33.78
-84.38,34.06
-84.31,34.02
-84.01,33.86
-84.26,33.79
-84.5,33.87
-84.53,33.86
-84.2,33.79
-84.21,33.86
-84.11,33.82
-84.17,33.76
-84.23,33.97
-84.18,33.91
-84.1,33.6
-84.15,33.98
-84.14,34.02
-84.7,34.03
-84.63,34.11
-84.9,34.4
-85.06,34.09
-85.2,34.5
-84.64,33.83
-84.3,34.3
-85.3,33.5
-85.2,33.7
-85.2,33.9
-84.5,34.3
-84.4,34.2
-85,33.6
-85.1,33.6
-85.103,33.572
-84.8,34.2
-84.8,34.2
-84.65,33.76
-85.35,34.14
-85.3,34
-84.55,33.82
-84.7,33.9
-84.9,34
-84.8,33.8
-84.7,33.7
-84.77,34.12
-84.7,34.4
-84.76,33.86
-84.4,34.5
-84.6,34.03
-85,34.2
-85.22,34.15
-84.29,34.44
-85.19,34.29
-84.64,33.99
-85.1,34
-84.9,33.9
-85.2,34.3
-85.2,34.3
-85.3,34.3
-84.59,33.78
-85.2,33.4
-84.74,34.36
-85.13,34.14
-84.5,34.5
-85.3,33.8
-84.37,34.4
-85,34.1
-85,33.8
-84.9,33.7
-85.25,33.65
-84.59,34.34
-84.7,34.3
-84.91,33.51
-84.8,33.7
-84.45,34.12
-84.57,34.13
-84.1,33.1
-84.46,33.26
-84.44,33.1
-84.6,33.6
-84.48,33.49
-84.5,33.4
-83.87,33.24
-85.1,33.3
-84.59,33.13
-84.84,33.23
-84.7,33
-84.3,33.3
-84.2,33.2
-84.3,33.41
-84.9,33.2
-84,33.3
-84.03,33.32
-84.33,33.53
-84.38,33.5
-85.1,33
-85,33
-84.1,33.3
-84.3,33.41
-84.7,33.18
-84,33.5
-84.19,33.45
-84.32,33.02
-84.2,33.1
-84.4,33
-84.72,33.27
-84.33,33.58
-84.9,33.4
-84.7,33.42
-84.7,33.6
-84.57,33.39
-84.27,33.58
-84.4,33.55
-84.9,33.4
-84.6,33.3
-84.6,33.4
-84.2,33.6
-84.3,33.41
-84.25,32.97
-84.3,32.9
-84.32,33.65
-84.6,33.3
-84.59,33.48
-84.54,33.57
-84.41,33.17
-84.6,33
-84.25,33.64
-84.31,33.1
-84.45,33.56
-84.36,33.61
-84.39,33.75
-84.38,33.84
-84.35,33.79
-84.34,33.77
-84.38,33.77
-84.39,33.8
-84.43,33.73
-84.47,33.73
-84.38,33.74
-84.4,33.76
-84.43,33.76
-84.38,33.7
-84.34,33.74
-84.32,33.75
-84.44,33.79
-84.35,33.86
-84.323,33.792
-84.36,33.82
-84.36,33.85
-84.42,33.86
-84.4,33.93
-84.33,33.83
-84.56,33.72
-84.39,33.75
-84.387,33.749
-84.57,33.74
-84.44,33.64
-84.32,33.94
-84.45,33.87
-84.23,33.89
-84.28,33.89
-84.38,33.88
-84.44,33.68
-84.28,33.85
-84.34,33.92
-84.5,33.6
-84.32,33.98
-84.4,33.66
-84.26,33.93
-84.399,33.792
-82.4,32.6
-82.5,32.2
-82.8,32.1
-82.5,32
-82.5,32.9
-81.6,32.4
-81.9,32.2
-82.14,32.26
-82.1,32.2
-81.9,32.2
-82,32.6
-81.7,33
-81.9,31.9
-82.7,32.2
-81.9,32.2
-82.4,33
-82.3,32.2
-82.04,32.15
-82.1,32.4
-82.3,32.8
-82,32.8
-82.6,32.2
-81.5,32.6
-82.3,32.6
-81.5,32.6
-81.94,32.56
-82.1,32.4
-81.9,32.3
-82.1,32
-82.73,32.44
-81.8,32.7
-81.8,33
-82.5,32.4
-81.9,32.4
-81.8,32.4
-81.7,32.5
-82.1,32.5
-81.6,32.7
-82.51,32.29
-82.1,32.5
-82.5,32
-82.4,32.2
-82.4,32.2
-82.4,32.9
-83.81,34.32
-83.89,34.27
-83.9,34.3
-83.8,34.3
-83.57,34.45
-83.47,34.46
-84,34.9
-84.3,34.8
-83.03,34.38
-83.79,34.13
-84.01,34.12
-83.94,34.09
-83.1,34.3
-83.3,34.4
-84.4,34.8
-83.5,34.7
-83.4,34.9
-83.77,34.48
-83.8,34.6
-83.5,34.2
-83.4,34.2
-83.6,34.5
-84,34.5
-84.1,34.5
-83.57,34.59
-84.4,34.7
-83.35,34.96
-83.27,34.5
-84.5,34.7
-84.5,34.9
-83.91,34.17
-83.65,34.29
-83.77,34.73
-83.7,34.9
-83.47,34.37
-83.8,34.1
-83.6,34.1
-83.4,34.8
-83.1,34.4
-83.6,34.4
-84.42,34.97
-83.2,34.5
-83.6,34.3
-84.2,34.9
-84.2,34.9
-83.4,34.9
-83.46,34.56
-83.9,34.5
-83.41,34.09
-83.89,34.24
-83.68,34.19
-83.42,34.95
-83.7,34.72
-84.1,34.7
-83.4,34.8
-83.72,34.2
-83.4,34.8
-83.3,34.6
-83.4,34.8
-83.9,34.91
-83.35,34
-83.37,33.95
-83.32,33.9
-83.44,33.94
-83.45,34.03
-83.37,33.9
-83.25,33.85
-83.75,33.93
-83.48,33.8
-83.5,33.9
-83.48,33.8
-83.1,34.2
-83.36,33.53
-82.9,34
-83.22,34.03
-83.1,34.1
-83.15,33.9
-82.8,33.6
-83.3,34.2
-82.9,34.2
-82.8,34.1
-83.57,33.78
-83.2,33.5
-82.9,34.4
-83.31,34.08
-83,33.9
-83.4,33.6
-83.7,33.8
-83.7,33.9
-82.9,33.8
-83.1,34.3
-83.6,33.6
-82.8,33.6
-83.2,33.5
-83.58,33.96
-83.2,33.8
-82.7,33.9
-83.1,33.7
-82.7,33.7
-83.4,33.8
-83.1,33.5
-83.7,34
-83.26,33.93
-85,34.5
-84.8,34.7
-85.3,34.8
-84.66,34.96
-84.91,34.94
-84.7,34.9
-85,34.8
-84.9,34.8
-85.36,34.93
-85.141,34.976
-85.2,34.7
-85.41,34.38
-85.5,34.6
-85.05,34.42
-84.7,34.5
-84.9,34.6
-85.1,34.9
-85.5,34.8
-85.22,34.8
-85.09,34.76
-85.27,34.94
-85.24,34.95
-85,34.6
-85.3,34.5
-85.39,34.94
-84.7392,34.986
-85.5,34.9
-85.28,34.59
-85.04,34.86
-84.9,34.9
-85.44,34.93
-82.3,33.6
-82.6,33.2
-82.2,33.3
-82.647,33.452
-82.38,33.39
-82.16,33.56
-82.6,33.2
-82,33.3
-82.22,33.47
-82.31,33.43
-82.1,33.3
-82.1,33.2
-82.4,33.8
-82.33,33.26
-82.7,33.2
-82.7,33.5
-81.9,32.9
-82.4,33.2
-82.5,33.5
-82.7,33.4
-82,33.1
-82.4,33.2
-81.96,33.43
-81.96,33.43
-82.02,33.48
-82.17,33.4
-82,33.3
-82.09,33.53
-82.1,33.48
-81.989,33.469
-83.3,32
-82.6,32.6
-83.22,32.6
-83.6,32.5
-84.3,32.6
-83.9,32.2
-83.8,32.6
-83,32.3
-83.1,32.1
-83.2,32.4
-83.3,32.4
-83.8,31.9
-84.1,32.8
-83.2,32.6
-82.6,33
-83.05,32.42
-83.5,32.6
-82.9,32.5
-83.1,32.5
-83.2,32.2
-83.3,33.3
-83.7,32.3
-82.8,32.6
-83.69,32.63
-83.9,33
-83.9,32.6
-83.3,32.9
-83.6,33
-83.5,33.1
-82.71,32.86
-83.5,32.3
-82.9,32.1
-83.6,33.2
-84.382,32.596
-84.2,32.4
-83.18,32.77
-83.4,32.7
-82.76,33.29
-83.8,33
-83.64,32.48
-82.5,32.7
-83.95,32.74
-83.878,32.147
-83.85,32.78
-83.21,32.89
-82.8,32
-83.9,32.4
-84.4,32.5
-83.1,32
-83.2,33.1
-83.22,33.05
-83.9,32.3
-83.7,33.3
-83.15,32.57
-84,32.8
-82.96,32.86
-84.1,32.3
-83.7,32.4
-83.8,32.2
-83.5,32.1
-83.6,32
-83,32.4
-84.1,32.6
-83.2,32
-84.1,32.7
-83.4,31.9
-84.28,32.42
-82.9,33
-82.824,32.052
-83.5,31.9
-83.63,33.42
-83,33.3
-83.65,32.58
-82.8,32.9
-83.1,32.8
-83.7,32.2
-83.8,32.1
-83.65,32.65
-82.8,33.1
-82.8,32.7
-84.1,32.9
-83.57,32.62
-83.62,32.81
-83.67,32.86
-83.69,32.8
-83.651,32.829
-83.75,32.9
-83.6,32.9
-83.69,32.73
-83.5,32.8
-83.81,32.88
-81.62,31.77
-81.34,32.11
-81.3,32.5
-81.33,31.5
-81.4,31.4
-81.396,32.174
-81.5,32.2
-81.45,31.9
-81.4,32.3
-81.6,31.9
-81.5,32
-81.6,31.89
-81.7,31.8
-81.379,32.141
-81.4,31.8
-81.7,32.2
-81.25,32.11
-81.4,31.7
-81.3,31.9
-81.2,32.3
-81.25,31.46
-80.88,32.01
-81.3,32.4
-81.4,31.5
-81.09,32.07
-81.03,32.05
-81.17,32.04
-81.08,31.97
-81.18,32.18
-81.18,32.12
-81.15,32.02
-80.95,32.01
-81.1,31.9
-81.13,32.08
-81.2,32
-82.36,31.24
-82.4,31.1
-82.5,31.6
-83,31.6
-82.3,31.8
-82.2,31.3
-82.17,31.51
-82.9,31.7
-81.48,31.18
-81.4,31.2
-81.6,31.2
-81.5,31.3
-81.45,31.07
-82.7,31.7
-82.8,31.5
-82.8,31.5
-82,30.9
-82.6,31.8
-82.2,31.1
-81.8,31.4
-82.9,31.9
-82,31.7
-81.8,31.5
-81.54,30.79
-81.7,30.8
-82.8,31.9
-82.6,31.1
-82.3,31.5
-82.6,31.3
-82,31.2
-82.6,31.5
-82.1,31.7
-82.1,31.4
-82.1,31.4
-81.5,30.8
-82,31.5
-81.35,31.19
-82.2,30.7
-82.2,31.7
-81.7,31.1
-81.8,31.2
-82.7,31.62
-81.8,31
-81.6,30.9
-83.4,30.8
-83.3,30.9
-83.23,30.95
-83.2,30.8
-83.4,31.1
-83.2,31.4
-82.63,31.05
-82.7,31.3
-83.53,31.01
-83.8,30.8
-83.4,31.1
-83.7,30.8
-82.9,30.9
-82.5,30.8
-83.4,31
-82.7,31
-83.1,31.1
-83.1,30.7
-83.4,31.3
-83.5,30.92
-83.2,31.2
-83.1,30.9
-82.9,31.3
-83.6,30.8
-83.23,31.06
-83.42,31.2
-82.9,30.7
-83,30.92
-83,31.3
-83.288,30.866
-83.2,30.97
-84.15,31.58
-84,31.5
-84.21,31.59
-84.1,32
-84.12,32.19
-83.7,31.8
-83.7,31.7
-84.1,31.4
-84.3,32
-83.739,30.893
-84.3,31.5
-83.623,31.069
-84.3,31.2
-83.5,31.6
-83.98,31.97
-83.87,31.01
-84,31.9
-83.9,31.3
-83.587,31.177
-83.33,31.4
-83.2,31.7
-83.96,31.18
-83.9,30.9
-84.1,31.7
-84.1,32
-84,31.1
-83.8,31.2
-83.6,31.3
-83.96,31.72
-84.1,31
-83.3,31.6
-83.61,31.34
-83.7,31
-84.2,31.1
-84.4,32
-83.8,31.5
-83.5,31.8
-84.05,31.25
-84.2,31.9
-83.7,31.1
-83.7,31.5
-83.56,31.65
-83.9,31.5
-84.1,30.8
-83.6,31.5
-83.4,31.4
-83.68,31.48
-83.9,31.8
-83.1,31.6
-84.6,32.5
-84.5,32.3
-84.9,32.65
-84.75,32.29
-84.3,32.3
-84.83,32.65
-85.01,32.64
-84.6,32.5
-85,32.8
-84.45,32.62
-84.9,32.1
-84.9,32
-84.61,32.88
-84.84,32.55
-84.9,32.1
-84.9,32.8
-84.82,32.81
-84.5,32.1
-84.7,32.1
-84.69,32.79
-84.5,32.7
-84.8,32.5
-84.73,32.89
-84.7,32.7
-84.6,31.97
-85.1,32.8
-84.5,32.8
-84.98,32.47
-84.95,32.41
-85.01,32.54
-84.8,32.4
-84.95,32.47
-84.87,32.48
-84.92,32.54
-84.74,31.46
-84.47,30.75
-84.6,30.9
-84.6,30.9
-84.9,31.3
-84.9,31.6
-84.7,30.9
-84.33,31.82
-84.2,31
-84.2,30.8
-84.4,30.9
-84.9,31.6
-84.7,31.1
-84.8,31.8
-84.7,31.3
-84.4,31.8
-84.9,31
-84.75,31.54
-85,31.7
-85,31.9
-84.8,31
-85,31.2
-84.5,31.5
-84.6,31.5
-85,31.8
-84.4,31.3
-84.5,31.9
-84.348,31.722
-84.6,31.8
-84.3,30.9
-112.4,42.9
-112.5,43
-112.433,43.026
-112.5,42.8
-112.434,42.861
-112.8,43.1
-112.9,42.8
-112.5,42.6
-113.3,43.5
-112.3,42.6
-112.813,43.443
-111.9,42.8
-112.165,43.314
-111.4,42.4
-112.4,43.3
-111.41,42.19
-114,44.5
-114.401,44.259
-112.04,42.22
-112.03,42.14
-111.266,42.22
-112.2,42.4
-114.03,44.68
-111.9,43.2
-111.7,42.1
-111.1,42.3
-111.4,42.5
-111.7,42.5
-112.7,42.2
-113.1,43.9
-112.2,42.9
-112,42.5
-112.2,42.7
-113.9,43.9
-112.5,42.2
-113.9,44.6
-111.3,42.3
-113.3,43.8
-111.5,42.2
-112.7,43.1
-111.8,42.2
-112.8,42.5
-111.44,42.1
-112,43.3
-111.5,42.7
-112.6834,43.0808
-114.8,44.3
-112.01,42.32
-111.7,42.4
-111.3,43.1
-112.01,42.06
-111.4,42.1
-114.5,42.3
-114.9,42.2
-113.6,42.4
-113.62,42.1
-114.3,43.4
-114.9,43
-114.8,42.6
-113.8,42.4
-113.6,43.1
-114.9,42.4
-115,43.4
-113.3,42.5
-114.1,42.9
-114.3,42.6
-114.7,43.5
-114.6,42.6
-114.7,43
-114.9,42.8
-114.3,43.6
-114.3,42.4
-114.1,42.6
-113.8,42.6
-115.05,43.301
-114.3,42.7
-114.6,43.8
-114.4,42.4
-113.4,42.1
-114.1,42.4
-114,42.2
-113.9,42.7
-114.07,43.32
-114,43
-113.6,42.8
-114.4,43
-114.33,43.69
-114.6,43.8
-114.7,42.8
-111.9,43.5
-112.3,43.5
-112.01,43.43
-111.93,43.43
-111.3,44.2
-111.3,44
-111.2,43.8
-112.5,44.2
-111.2,43.9
-112.2,43.9
-111.93,43.53
-111.2,43.4
-111.4,44.6
-112.03,43.69
-111.328,44.497
-112,43.8
-112.5,43.9
-111.5,43.9
-111.7,43.8
-111.9,43.7
-111.6,43.4
-112.3,43.7
-111.6,44.3
-112.1,44.4
-111.69,43.85
-111.36,43.44
-112.4,43.8
-111.64,43.85
-111.2,43.8
-111.6,43.5
-111.2,43.6
-111.782,43.818
-113.9,45.3
-114,45.6
-113.3,44.6
-113.57,44.88
-114,45.4
-113.8,44.8
-113.64,44.97
-114.4,45.1
-116.9,46.2
-116.35,46.51
-116.5,45.9
-116.5,46.2
-116.7,46.4
-115,46
-116.43,46.14
-116.1,45.9
-116.24,46.12
-116.8,46.5
-116,46.2
-116.5,46.6
-115.8,46.2
-116.8,46.3
-116.4,46.6
-116.3,45.5
-116.2,46.3
-115.5,46.6
-116.4,46.4
-115.8,46.5
-116.3,45.32
-116.49,46.33
-116.1,45.4
-115.9,46
-115.8,46.4
-116.2,45.6
-116.7,46.2
-115.3,43.8
-116.15,44.08
-115.5,42.5
-116.65,43.66
-116.7,43.6
-116.7,44.6
-115.7,44.5
-116.6,44.9
-116.05,44.67
-116.4,43.8
-116.5,44
-116.91,43.98
-115.9,44.1
-115.3,43
-116.4,42.6
-116.83,43.67
-115.6,43
-116.9,43.6
-116.2,43.9
-115.8,43.9
-116.3,44.5
-115.2,43
-116.3,43.3
-116.56,43.83
-115.3,44.1
-115.9,44.9
-116.9,43.5
-116.6,43.4
-116.4,43.6
-116.3,44.7
-116.58,43.74
-116.6,44.4
-116.43,43.65
-115.5,43.4
-115.86,43.05
-116.6,43
-116.6,43.6
-116.3,45
-116.8,43.9
-116.8,43.726
-116.3,44.3
-116.9,43.8
-116.7,44.1
-115.99,43.98
-116.51,43.73
-116.3,44
-115.6,45.4
-117,44.5
-116.93,43.65
-115.3,44.8
-116.6,43.5
-116.5,43.6
-116.1,43.7
-116.24,43.66
-116.29,43.63
-116.21,43.56
-116.19,43.6
-116.29,43.56
-116.13,43.63
-116.34,43.63
-116.3,43.7
-115.9,43.5
-116.6,47.9
-115.6,47.3
-116.54,47.97
-117,48
-116.5,48.8
-116.393,46.86
-116.189,47.276
-116.59,48.05
-116.5,47.6
-116.3,48.1
-116.2,47.1
-116.6,48.1
-116.7,47.7
-116.79,47.73
-116.9,48.6
-116.99,48.16
-116.5,46.8
-116.9,47.1
-116.609,48.248
-116.18,48.99
-116.2,46.8
-116.4,47.1
-116.9,46.6
-116.7,47.5
-116.6,47
-116.7,47.8
-116.3,48.3
-116.1,47.5
-116.2,47.6
-116.5,48.3
-116.753,48.167
-116.55,47.45
-116.9,46.7
-116.9,46.7
-116.1,48.7
-115.8,47.5
-116.3,48.6
-116.9,48.7
-116.01,47.51
-116.2,47.4
-116.9,47.3
-116.54,48.3
-116.9,47.7
-116.9,46.9
-116.9,48.3
-116.8,46.9
-116.9,47.8
-116.6,48.1
-116.6,47.3
-116.4,48.4
-116.6,47.2
-115.954,47.495
-116.19,47.52
-116.9,48
-116.9,47.1
-116.7,46.7
-116.97,46.87
-115.6,47.4
-116,47.8
-116.9,47.5
-88.1,42.5
-87.98,42.11
-87.98,42.06
-87.99,42.01
-88.03,42.08
-88.2,42.2
-88.31,42.28
-88.23,42.23
-88.31,42.23
-87.88,42.17
-87.89,42.05
-87.9,42
-88.18,42.39
-88.22,42.19
-87.77,42.13
-87.82,42.08
-87.84,42.09
-87.79,42.059
-88.06,42.34
-87.94,42.38
-88.6,42.4
-88.43,42.45
-87.81,42.19
-87.81,42.21
-88.15,42.38
-88.2,42.28
-87.71,42.09
-87.87,42.29
-87.87,42.24
-88.06,42.41
-88.04,42.21
-87.96,42.29
-88.28,42.34
-88.2,42.3
-87.79,42.04
-87.93,42.06
-88.04,42.27
-87.96,42.24
-87.84,42.12
-87.86,42.32
-88.07,42.1
-87.84,42.02
-87.92,42.2
-87.92,42.11
-88.31,42.45
-88.31,42.41
-88.11,42.34
-88.04,42.13
-87.74,42.03
-87.75,42.04
-88.22,42.45
-87.94,42.44
-88.14,42.27
-87.87,42.35
-87.85,42.41
-87.85,42.31
-87.95,42.17
-87.92,42.13
-87.73,42.08
-87.76,42.11
-87.83,42.48
-88.36,42.39
-88.4,42.3
-87.88,42.46
-88.02,41.93
-88.31,42.16
-88.21,41.98
-87.88,41.88
-87.95,41.96
-88.18,42.02
-88.1,41.95
-88.547,42.052
-88.3,42.13
-88.83,42
-88.69,41.93
-88.9654,41.9316
-88.7,41.9
-88.32,42.11
-88.5,41.9
-88.25,42.02
-88.31,42.03
-88.41,42.04
-87.94,41.89
-88.96,42.04
-87.82,41.87
-87.89,41.93
-88.14,41.98
-88.31,41.89
-88.69,42.11
-88.38,42.11
-88.06,41.86
-88.08,41.92
-88.5,42.1
-87.838,41.858
-88.46,42.18
-88.02,41.97
-88.518,41.84
-88.76,42.11
-88.9,42.1
-88.02,41.88
-88.9,41.9
-88.6,41.9
-88.6,42.2
-87.84,41.88
-87.89,41.85
-87.86,41.86
-88.35,42.18
-88.06,41.98
-87.86,41.9
-87.9,41.86
-87.9,41.88
-87.89,41.92
-87.879,41.902
-88.13,42.05
-87.84,41.92
-88.09,41.98
-88.05,42.04
-88.3,41.93
-88.39,41.94
-87.87,41.96
-88.31,41.99
-88.7,42
-88.52,42.22
-87.98,41.88
-88.26,41.95
-88.21,41.89
-88.11,41.87
-88.13,41.92
-88.12,41.83
-88.16,41.87
-87.98,41.97
-88.18,42.08
-88.09,42.01
-88.1,42.04
-88.08,42.07
-87.68,42.05
-87.69,42.03
-87.718,42.048
-87.798,41.889
-87.79,41.89
-87.78,41.87
-87.82,41.89
-87.62,41.34
-87.78,41.83
-88.11,41.57
-88.22,41.51
-87.68,41.65
-88.27,41.22
-88.22,41.25
-87.55,41.61
-88.23,41.43
-87.6,41.51
-87.78,41.71
-88.27,41.3
-87.6,41.43
-87.6,41.63
-88.4,41.1
-88.11,41.41
-87.68,41.54
-87.84,41.48
-88.3,41.2
-87.61,41.55
-87.65,41.61
-87.68,41.6
-87.68,41.57
-87.66,41.56
-88.22,41.54
-88.03,41.54
-88.04,41.5
-88.12,41.56
-88.14,41.47
-88.55,41.18
-87.55,41.57
-87.97,41.68
-88.08,41.7
-88.05,41.61
-88,41.4
-87.74,41.51
-88.4,41.24
-87.74,41.63
-88.11,41.64
-88.3,41.5
-87.89,41.53
-87.8,41.4
-88.4,41.4
-87.96,41.51
-87.76,41.61
-87.76,41.71
-87.81,41.74
-87.73,41.73
-87.83,41.72
-87.84,41.75
-87.77,41.75
-88.5,41
-87.69,41.52
-87.84,41.62
-87.79,41.66
-87.86,41.66
-87.83,41.7
-87.68,41.48
-87.89,41.6
-87.8,41.3
-87.69,41.63
-88.65,41.17
-87.73,41.48
-87.71,41.64
-87.6,41.6
-88.276,41.173
-87.62,41.48
-87.61,41.57
-87.78,41.57
-87.73,41.56
-88.5,41.2
-87.9,41.72
-88.1,41.3
-87.79,41.69
-87.71,41.44
-87.83,41.57
-88.14,41.67
-87.96,41.6
-87.82,41.78
-88.26,41.8
-88.26,41.71
-88.25,41.75
-88.3,41.76
-88.38,41.76
-88.34,41.84
-88.55,41.76
-88.44,41.7
-87.85,41.83
-87.96,41.8
-88.03,41.81
-88.01,41.76
-88.04,41.73
-88.9,41.6
-88.27,41.79
-88.66,41.79
-87.93,41.8
-87.95,41.84
-87.85,41.78
-87.88,41.83
-87.95,41.74
-88.95,41.8
-88.8,41.6
-88.08,41.79
-87.82,41.81
-88.553,41.6
-88.6,41.56
-88.35,41.72
-88.34,41.83
-88.14,41.77
-88.5,41.5
-88.35,41.8
-88.25,41.69
-88.22,41.62
-88.53,41.68
-87.83,41.84
-88.6,41.6
-88.74,41.48
-88.87,41.78
-88.7,41.5
-88.7,41.67
-89,41.8
-88.46,41.78
-88.18,41.82
-88.8,41.8
-88.9,41.4
-87.9,41.8
-87.97,41.79
-88.4,41.6
-87.99,41.74
-88.17,41.8
-88.2,41.71
-88.11,41.72
-88.22,41.67
-88.24,41.57
-87.62,41.88
-87.628,41.883
-87.629,41.88
-87.625,41.88
-87.62,41.87
-87.637,41.882
-87.65,41.87
-87.68,41.85
-87.66,41.81
-87.64,41.9
-87.61,41.91
-87.69,41.88
-87.65,41.95
-87.65,41.92
-87.6,41.81
-87.62,41.84
-87.55,41.73
-87.7,41.95
-87.61,41.74
-87.66,41.74
-87.64,41.78
-87.69,41.9
-87.72,41.84
-87.72,41.88
-87.7,41.97
-87.67,42.01
-87.62,41.69
-87.7,41.78
-87.76,41.97
-87.82,42
-87.69,41.82
-87.56,41.67
-87.81,41.95
-87.67,41.78
-87.6,41.78
-87.77,41.78
-87.76,41.92
-87.66,41.97
-87.75,41.95
-87.66,41.9
-87.66,41.7
-87.76,41.88
-87.69,42.01
-87.76,42
-87.7,41.92
-87.56,41.77
-87.74,41.9
-87.71,41.75
-87.61,41.82
-87.64,41.89
-87.71,41.7
-87.82,41.97
-87.66,41.94
-87.7,41.99
-87.66,41.98
-87.644,41.883
-87.82,41.97
-87.81,41.92
-87.74,42.01
-87.81,42.03
-87.74,41.67
-87.76,41.84
-87.7,41.72
-87.63,41.65
-87.9,41.1
-87.804,41.077
-88,40.9
-87.6,40.97
-88.07,41.14
-87.9,41.2
-87.86,41.15
-88.21,41.06
-88,40.6
-88.2,41
-88.313,41.025
-88.3,40.7
-87.9,41
-87.9,40.6
-87.821,40.568
-88,40.9
-87.85,40.74
-88.29,40.88
-88,40.8
-87.6,40.89
-87.78,40.47
-88.272,40.463
-88.36,40.97
-88.18,41.17
-88.3,40.5
-88,40.8
-87.7,41.2
-88.1,41
-87.7,40.5
-87.58,40.83
-88.21,40.92
-88.1,40.5
-88.1,40.4
-87.9,41.3
-87.75,40.91
-88.2,40.6
-87.7,40.6
-87.6,41.1
-88,40.7
-88.1,40.5
-87.6,41.06
-88.2,40.8
-87.9,40.4
-88.25,41.11
-88.17,40.63
-87.7,40.4
-87.7,41
-87.6,40.8
-88.1,40.67
-88.146,41.108
-87.7,40.8
-87.65,40.55
-87.731,40.721
-90.11,42.46
-89.2,41.9
-89.61,42.21
-88.8,42.2
-89.26,42.13
-88.9,42.4
-88.8,42.4
-89.635,42.374
-89.9,42
-89.21,42
-88.96,42.2
-89.55,42.41
-89.4,42.4
-89.09,42.11
-89.5,41.8
-89.29,42.43
-90.56,42.46
-89.762,42.334
-90.2,42.3
-89.59,42.12
-89.3,41.8
-89.6,42.3
-90.4,42.4
-89.7,41.8
-88.7,42.3
-89.46,42.2
-90.3,42.3
-89.6,41.7
-89.096,42.064
-89.9,42.32
-89.8,42.1
-89.4,42.2
-89.8,42.4
-89.01,42.05
-89.73,42.45
-89.74,41.99
-89,42.1
-90,42.1
-89.42,42.05
-89.391,41.8308
-89.94,42.46
-89.6,42.5
-89.3,42
-89.8,42.3
-89.3,42.3
-89.6,42
-88.8,42.4
-89.48,42.3
-89.1,42
-89.5,42.4
-89.7,41.7
-89.1,42.4
-88.99,42.42
-90.2,42.2
-90.3,42.5
-89.3584,42.238
-89.7,42.2
-89.197,42.444
-89,42.5
-89.7,41.8
-89.19,42.12
-90,42.3
-89.98,42.48
-89.3,42.3
-89.8,42.5
-89.541,41.905
-89.2,42.3
-89.2,42.2
-89.08,42.34
-89.08,42.25
-89.01,42.28
-89,42.26
-89.08,42.19
-88.99,42.33
-88.97,42.24
-88.99,42.31
-89.02,42.36
-90.58,41.47
-90.21,41.73
-90.7,41.2
-90.73,41.43
-89.9,41.4
-90,41.4
-90.39,41.52
-90.2,41.3
-90.39,41.5
-90.4,41.4
-90.32,41.48
-90.28,41.71
-89.68,41.62
-90.38,41.52
-90.1,41.7
-90.09,41.73
-90.1,41.8
-90.1,41.5
-90.41,41.56
-90.2,41.6
-89.914,41.522
-90.9,41.4
-90.9,41.2
-89.92,41.73
-90.37,41.28
-90.605,41.26
-90.6,41.4
-90.49,41.48
-90,41.8
-91,41.3
-90.38,41.36
-90.27,41.37
-90.3,41.6
-90.51,41.3
-89.9,41.6
-90.29,41.59
-90.7,41.3
-90.53,41.3
-90.41,41.49
-89.8,41.6
-90.8,41.4
-90.1,42
-89.1,41.4
-89.4,41.7
-88.86,41.02
-89.23,41.44
-88.7,41.1
-89.67,41.31
-89.35,41.28
-89.121,41.268
-89.211,41.428
-89.1,41.7
-88.7,41
-89.173,41.358
-89,40.98
-89.3,41.33
-89.4,41.3
-89.41,41.77
-88.8,41.2
-89.23,41.25
-89.3,41.2
-89.4,41.6
-89.21,41.38
-89.3,41.5
-89.4,41.7
-88.982,41.19
-88.88,40.99
-89.08,41.14
-89.24,41.16
-89.25,41.13
-89.32,41.44
-89.68,41.44
-89.25,41.27
-88.7,41.3
-89.1,41.5
-89.8,41.4
-89.79,41.29
-89.719,41.511
-89.03,41.27
-89.5,41.6
-88.9,41.4
-89,41.69
-89.1,41.3
-89.5,41.4
-89.05,40.98
-89.273,41.365
-88.6,41.3
-89.7,41.4
-89.22,41.34
-89.18,41.256
-88.8,41.1
-89.3,41.6
-89.5,41.2
-89.15,40.98
-89,41.2
-89.083,41.464
-89,41.4
-89.361,41.55
-89.23,41.03
-89.6,41.5
-89,41.1
-89.2,41.7
-89.61,41.37
-90.4,40.9
-90.41,40.8
-90.51,40.4
-90.6,41.1
-90.38,41.19
-90.2,41.1
-90.4,40.6
-90.504,40.535
-90.54,40.77
-90.85,40.85
-90.117,41.2
-90.9,40.6
-89.6,41.2
-90.52,40.54
-90.5,40.9
-89.634,41.083
-91.05,40.74
-89.7071,41.1185
-90.2,40.5
-90.12,40.95
-90.31,40.94
-90.28,40.6
-90.16,40.65
-90.1773,40.5597
-90,41.2
-90.57,41
-90.2,40.9
-91,40.9
-90.65,40.58
-90.354,41.024
-90.6,40.32
-90.3,40.3
-90.92,41.12
-90,41.3
-90.73,40.85
-90.26,40.92
-89.96,41.08
-91,40.6
-89.94,40.94
-90.62,40.22
-90.72,41.02
-91,40.7
-90.6,40.4
-90.2,40.8
-90.42,40.51
-90.86,40.76
-90.7,40.9
-90.47,41.2
-90.49,41.1
-90.2,41.1
-90.4,41.25
-90.9,41
-90.51,40.6
-90.85,40.69
-90.38,41.09
-90.7,40.7
-90.39,40.72
-90.74,40.6
-90.8,41.1
-90.3,40.5
-90.76,40.75
-89.64,41.01
-90.96,40.76
-90.4,40.4
-89.9,41.1
-90.4,40.3
-90.1,41
-90.59,41.19
-90.34,41.02
-90,40.9
-90.26,41.2
-89.7,41.1
-90.3,40.2
-89.14,40.86
-89.9,40.8
-90.094,40.465
-90,40.5
-89.5,40.9
-90.01,40.48
-89.66,40.85
-89.63,40.92
-89.71,40.78
-89.9,40.8
-89.2,40.7
-90.04,40.66
-89.81,40.34
-89.84,40.58
-89.6,40.4
-89.53,40.58
-89.79,40.68
-89.5,41.1
-89.775,40.558
-89.4,41
-89.25,40.98
-90.1,40.4
-90.0019,40.3899
-90.24,40.7
-89.37,40.86
-89.8,40.4
-89.74,40.61
-89.4,40.8
-89.43,40.61
-89.57,40.84
-90.032,40.626
-89.6,40.5
-89.8,40.9
-89.41,41.17
-89.2,40.81
-89.5,40.9
-90.051,40.491
-89.65,40.5
-89.5,41
-89.9,40.36
-89.5,40.5
-89.9,40.68
-89.3,40.9
-89.43,40.7
-90.04,40.79
-89.6,40.68
-89.57,40.71
-89.66,40.7
-89.62,40.68
-89.61,40.7
-89.69,40.62
-89.6,40.65
-89.5,40.7
-89.6,40.76
-89.65,40.77
-89.57,40.75
-89.616,40.698
-88.99,40.47
-88.96,40.47
-89,40.5
-88.51,40.56
-89.32,40.34
-88.6,40.4
-89.3,40.3
-88.53,40.33
-89.12,40.61
-88.7,40.8
-89,40.1
-88.6,40.6
-89.22,40.64
-88.73,40.54
-88.49,40.6
-89.2,40.53
-89.34,40.62
-89.5,40.4
-88.82,40.2
-88.83,40.4
-88.75,40.45
-89,40.8
-88.5,40.7
-88.8,40.9
-88.4,40.8
-89.27,40.63
-88.78,40.88
-88.9,40.7
-89,40.3
-89.44,40.41
-88.99,40.61
-89.1,40.1
-88.85,40.12
-89.283,40.217
-88.8,40.3
-88.8,40.6
-89.1,40.3
-89.34,40.52
-89,40
-89.33,40.43
-89.1,40.9
-88.9,40.5
-88.6,40.9
-88.4,40.88
-88.5,40.4
-89.14,40.7
-89.05,40.38
-88.38,40.57
-89.19,40.42
-88.38,40.65
-88.87,40.58
-88.9,40.2
-89.09,40.23
-88.21,40.11
-88.2,40.1
-87.93,39.9
-87.63,40.29
-87.87,40.27
-88.6,39.9
-87.57,40.23
-88.371,40.11
-88,39.92
-87.7,40
-88.7,39.9
-88.24,40.11
-88.28,40.11
-88.3,40.1
-88.73,40.01
-87.8,40.23
-87.64,40.13
-87.65,40.1
-87.7,40.1
-88.66,40.13
-88.3,40.3
-87.8,40
-88.7,40.2
-88.39,40.31
-87.87,40.14
-88.39,40.37
-87.62,39.97
-88,40.3
-87.7,40.31
-87.96,40.01
-87.73,39.93
-88.4,40
-88.08,39.91
-88.4,40.22
-88.6,40.2
-88.66,39.93
-88.6,40
-87.847,40.115
-87.76,40.13
-88,40.2
-88,40.3
-88.28,39.91
-88.15,39.97
-87.8,40.3
-88.1,40.3
-87.62,39.91
-87.974,40.195
-88.36,39.94
-88,40.1
-88.25,40.06
-88.4,40.1
-87.84,39.91
-88.07,40
-88.2,40.2
-88.3,40
-88.76,40.12
-87.64,40.04
-88.49,40.08
-88.3,39.7
-88.5,39.7
-88.04,39.52
-88.46,39.82
-88.8,39.6
-87.9,39.7
-88.14,39.79
-88.2,39.5
-87.7,39.8
-88.73,39.72
-88.56,39.49
-88.6,39.8
-88.13,39.7
-88.36,39.59
-87.88,39.81
-87.9,39.6
-88.72,39.797
-88.65,39.73
-88.4,39.5
-87.8,39.81
-88.078,39.801
-88,39.8
-88,39.7
-87.7,39.6
-87.86,39.644
-88.6,39.6
-88.3,39.8
-87.592,39.579
-88.14,39.86
-88.6,39.4
-89.75,38.88
-90.12,38.94
-90.6,39
-89.8,39.1
-90.03,38.92
-89.19,39.15
-90.1,39
-90.6,39
-90,39
-89.52,39.22
-90.4,39.31
-89.38,39.07
-90.09,38.91
-89.45,39.01
-89.98,38.98
-90.33,39
-89.779,39.109
-90.09,38.88
-89.9,38.8
-90.5,39.3
-90.33,38.95
-90.163,39.154
-90.5,39.1
-89.3,39.1
-89.9,39.1
-89.97,38.75
-90.23,38.96
-90.55,38.9
-90.46,39.02
-90.12,38.73
-90.2,39.4
-90.66,39.23
-89.846,38.889
-90.64,39.18
-90.1,38.81
-89.5,39.1
-90.5,39.4
-89.41,39.19
-90.3,39.1
-90.65,39.32
-90.3,39.2
-89.7,39.2
-89.765,38.9689
-90.13,38.62
-90.15,38.68
-89.79,38.78
-89.97,38.73
-90.1,39.2
-90.66,39.24
-89.99,38.93
-89.74,39.09
-90.71,39.29
-89.7,39
-89.3,39.3
-89.219,39.344
-89.524,39.032
-90.53,39.48
-90.14,39.11
-89.1,39.1
-90.24,39.27
-90.3,39.5
-89.2,39.35
-90.07,38.83
-89.809,39.082
-89.58,38.97
-90.06,38.81
-89.79,39.02
-89.4928,39.1304
-90.17,38.66
-89.61,39.06
-90.4,39.4
-89.8542,39.0713
-89.37,39.24
-90.07,38.86
-89.87,38.93
-90.4,39.4
-90.13,38.63
-90.07,38.6
-90.09,38.63
-90.11,38.6
-90.16,38.57
-90.12,38.58
-90.01,38.6
-89.6,38.4
-89.61,38.52
-89.6,38.64
-89.83,38.17
-89.49,38.52
-89.43,38.6
-89.97,38.47
-89.9,38.51
-90.05,38.53
-89.86,38.54
-90,38.52
-89.5,38.6
-89.3,38.6
-90.01,38.63
-89.8,37.9
-90,38.7
-90.2,38.4
-89.6,38.2
-89.53,38.05
-90.17,38.52
-90.21,38.53
-89.9,38
-89.95,38.1
-89.9,38.42
-90.22,38.18
-89.58,38.54
-89.4,38.9
-89.993,38.305
-89.7,38.8
-89.263,38.54
-89.31,38.78
-89.83,38.61
-89.76,38.3
-89.7,38.3
-89.8,38.5
-90.1,38.5
-90,38.01
-89.2,38.9
-89.4,38.3
-89.9,38.3
-89.67,38.49
-89.67,38.49
-89.5,38.3
-89.91,38.6
-89.5,38.4
-89.61,38
-89.594,38.778
-89.4,38.1
-89.5,38.8
-90.1,38.1
-90,38.2
-90.1336,38.1531
-89.7,37.8
-89.79,38.71
-89.718,38.368
-89.32,38.9
-90.01,38.38
-89.7,38.1
-89.69,37.99
-89.751,38.599
-89.684,38.212
-89.7,38.62
-89.88,38.7
-90.3,38.3
-89.81,38.05
-90.2,38.3
-91.39,39.93
-91.3,39.9
-90.96,40.23
-91,39.7
-91.2,40.3
-90.9,39.8
-91.05,40.24
-90.73,40.15
-91.1,40
-91.1,40.4
-90.7,39.8
-91,40
-91.17,40.04
-90.8,40.4
-91.1,40.6
-91.24,40.39
-91.1,40.4
-91.23,39.99
-91,40.1
-90.7,39.7
-91.3,40.4
-91.3,39.7
-90.84,40.15
-91.14,39.7
-90.98,40.16
-91.1,39.9
-91.414,40.134
-91.2,40.2
-91.2,40.1
-90.65,39.564
-90.7,40
-91.32,40.52
-90.8,39.4
-91.1,39.6
-90.87,39.69
-91.26,40.58
-91.2,40.03
-91.25,39.82
-90.6,39.5
-90.747,39.783
-90.8,39.6
-91.17,39.8
-90.9,39.5
-90.9,40.3
-91.01,39.51
-91.4,40.2
-90.91,40.4
-90.8,40
-91.4,40.1
-90.67,39.89
-91.4,40.3
-91.2,40.24
-88.6,39.1
-87.74,38.52
-88.7,39.1
-87.84,39.14
-88.8,39.2
-87.8,38.7
-88.9,39
-87.99,38.63
-88,39.3
-87.9,38.8
-88.89,39.22
-87.6,39.46
-88.4,39
-88.1,38.8
-88.65,38.9
-87.7,38.9
-88.1,39.3
-88.98,39.24
-88.13,39.13
-87.71,39.12
-88.32,38.84
-88.26,39.17
-88.86,39.32
-87.6,38.8
-88.26,39.4
-87.7,39.4
-87.9,39.3
-88.6,39
-88.64,39.32
-88.32,39.17
-88.2,38.53
-88.5,39.3
-88.2,39
-87.9,39
-88.1,38.7
-87.6,39
-88,38.59
-87.8,39
-88.86,39.05
-88.02,38.93
-87.68,38.63
-88.67,39.18
-88.5,39.2
-88.62,39.25
-88.64,39.39
-87.8,38.8
-88.44,39.14
-88.3,39.3
-88.34,39.35
-89.1,38.9
-88.56,39.03
-87.99,39.43
-88.05,38.91
-88,38.5
-87.7,39.2
-87.74,39.18
-88.3,39
-88,39
-88.02,39.12
-88.8,39.9
-89,39.5
-89.22,40.15
-89.2,39.7
-89.048,39.766
-89.4,39.8
-89.426,39.592
-89.2,40.06
-89.5,39.95
-89.46,39.82
-89,39.8
-89.05,39.82
-88.952,39.844
-89,39.9
-89.66,39.57
-89.4,39.7
-89,39.79
-89.62,39.44
-88.74,39.49
-88.97,39.92
-89.65,39.64
-89.05,39.82
-89.52,39.37
-89.24,39.86
-89.42,39.59
-89.351,39.97
-89.16,39.95
-88.9,39.7
-89.39,39.77
-89.4,39.4
-89.2,39.8
-89.3,40
-88.87,39.76
-89,39.6
-89.15,39.85
-89.09,39.28
-88.87,39.95
-89.22,39.47
-89.36,39.47
-89.2,39.4
-89.5,39.6
-89.6,39.3
-89.5,39.86
-89.5,39.7
-88.8,39.4
-89.19,39.64
-89.3,39.6
-89.449,39.589
-89,39.4
-89.69,39.37
-89.08,39.94
-90.1,39.7
-90.43,39.561
-90.4,39.9
-90.1,39.9
-89.6,40
-89.76,39.6
-90.2,40.2
-90.4,40
-90.53,39.74
-90.4,40
-90.3,40.1
-89.7,39.91
-89.9,39.3
-90.2,40
-90.4,39.78
-89.72,39.68
-90.08,39.26
-90.36,39.82
-89.9,40.2
-89.5,40
-89.5,40.3
-90.1,39.6
-90.49,40.05
-89.8,39.4
-89.7,40.1
-89.5,40.3
-90.1,40.3
-90.07,39.36
-90.2,39.7
-90,40.1
-89.4,40.1
-89.85,39.67
-90.33,39.542
-89.7,40.2
-90.5,39.8
-89.52,40.08
-90,39.5
-90.2,39.6
-89.9,39.7
-89.57,40.17
-89.8,39.41
-89.96,40.08
-90,39.4
-89.9,40
-89.9,39.8
-90.6,40.1
-89.63,40.28
-89.58,39.92
-90,39.1
-89.9,39.96
-89.74,39.58
-89.7,39.5
-90.2,40
-90,39.6
-89.5,40
-90.5,39.6
-90.2,39.7
-89.65,39.801
-89.65,39.83
-89.63,39.76
-89.69,39.77
-89.6,39.9
-89.72,39.76
-89.57,39.74
-89.2,38.5
-89.3,38.5
-88.1,38.3
-88.93,38.75
-89.2,38.3
-88.3,38.3
-88.8,38.2
-87.91,38.383
-88.9,38
-88.8,38.4
-88,38.45
-88.9,38.2
-88.5,38
-87.97,38.38
-89.01,37.98
-88.24,38.21
-88.1,38.1
-89.06,37.98
-88.4,38.5
-88.3,38.7
-89.05,37.98
-88,38.2
-88.6,38.2
-88.53,38
-88.95,38.44
-89.23,38.23
-89.3,38
-88.17,38.33
-88.3,38.1
-88.79,38.09
-88.4,38.4
-88.7,38.8
-88.5,38.7
-88.9,37.9
-88.43,38.43
-88.2,38.4
-88.1,38.3
-88.85,38.15
-89.16,38.44
-88.8,38.6
-88.6,38.5
-88.72,38.48
-87.9,38.4
-88.91,38.52
-88.8,38.8
-88.9,38
-88.5,38.8
-88.5,38.1
-88.7,38
-88.046,38.035
-88.3,38.21
-87.9,38.4
-88.9,38.3
-89.1,38
-88.11,37.9
-88.2,38.7
-88.3,38
-89.1,38.6
-88.2,37.9
-88.8,38.27
-88.9,37.9
-89.1,38.8
-89.192,38.28
-89.22,38.4
-88.5,38.6
-88.361,38.764
-88.87,38.88
-88.9,38.6
-89.1,38.6
-89.11,38.16
-89,38.1
-89.04,38.85
-88.52,38.38
-88.39,38.18
-89.2,38.1
-88.8,38.5
-88.8,37.9
-89.042,38.015
-89.06,38.81
-89.02,38.46
-89.1,38.2
-88.5,38.3
-88.9,37.9
-88.9,38.09
-89.07,38.35
-88.6,38.7
-89.21,37.74
-89.1,37.7
-89.27,37.67
-89.37,37.55
-89.2,37.4
-89.5,37.9
-88.9,37.3
-88.5,37.1
-89,37.5
-89.2,37.1
-89.1,37.8
-89.6,37.9
-88.6,37.7
-89.08,37.79
-88.2,37.5
-89.2,37.5
-89.079,37.805
-88.8,37.6
-89.02,37.35
-89.2,37.82
-89.2,37.4
-89.22,37.9
-88.6,37.5
-88.4,37.8
-88.28,37.48
-89.22,37.9
-89.03,37.77
-88.4,37.7
-88.6,37.8
-88.6,37.3
-88.99,37.55
-89.5,37.7
-89,37.2
-89.6,37.7
-88.76,37.36
-88.6,37.7
-88.5,37.5
-89.03,37.82
-89.145,37.832
-89.56,37.76
-88.92,37.82
-89.4,37.5
-88.83,37.21
-88.3,37.7
-88.95,37.29
-89.4,37.3
-89.2,37.6
-88.9,37.7
-88.7,37.2
-89.255,37.341
-89.35,37.09
-89.17,37.09
-89.22,37.13
-88.514,37.764
-89.3,37.8
-88.76,37.59
-89.34,37.17
-89.11,37.2
-88.8,37.5
-88.8,37.78
-89.36,37.64
-89.21,37.22
-88.53,37.86
-88.2,37.8
-88.37,37.43
-89.1,37.92
-88.2,37.7
-88.75,37.46
-88.69,37.66
-89.3,37.2
-89.4,37.1
-89.13,37.28
-89.34,37.91
-88.9,37.4
-89.15,37.16
-89.55,37.98
-89.44,37.52
-89.05,37.89
-85.7,40.2
-85.8,40.1
-85.62,40.16
-85.69,40.05
-85.67,40.1
-85.6,40.07
-86,40.2
-86,40.2
-86.18,39.97
-86.08,39.97
-86,40.1
-86.65,40.19
-85.8,40.3
-85.95,39.96
-86.01,39.96
-86.31,40.38
-85.84,39.92
-86.5,40.3
-85.79,40.21
-86.147,40.291
-85.9467,40.284
-85.8,39.96
-86.2,40.3
-86.4,40.2
-85.83,40.06
-86.5,40
-85.89,39.89
-85.61,39.97
-86.37,40.35
-86.64,40.37
-85.9,40.1
-86.06,40.06
-85.7,40.2
-85.8,40
-86.61,40.43
-86.1,40.4
-86.2,40.1
-85.66,40.34
-86.6,40.1
-86,40.3
-86.17,40.04
-86.3,40
-85.94,40.36
-86.29,39.99
-86.613,39.689
-85.59,39.66
-86.8,39.8
-86.2,39.51
-86.1,39.71
-85.91,39.57
-86.37,39.541
-86.38,39.87
-86.3,39.64
-85.57,39.74
-85.62,39.82
-86.52,39.65
-86.8,39.5
-86.7,39.7
-86.5,39.8
-86.39,39.76
-85.9,39.4
-86.8,39.5
-85.88,39.62
-85.32,39.72
-86.7,39.7
-85.84,39.68
-86,39.5
-85.29,39.59
-86.9,39.7
-85.8,39.8
-86.18,39.62
-86.1,39.6
-85.7,39.66
-85.58,39.59
-86.6,40
-85.52,39.82
-86.56,39.88
-85.6,39.54
-86.5,39.5
-85.43,39.75
-85.5,39.5
-86.54,39.56
-86.4,39.6
-86.3,39.4
-85.69,39.66
-85.95,39.55
-85.89,39.73
-86.11,39.31
-86.64,39.85
-86.59,39.42
-86.48,39.88
-86.4,39.68
-86.96,39.54
-86.8,39.8
-85.4,39.6
-86.97,39.82
-85.8,39.5
-86.62,39.6
-86.1,39.4
-85.68,39.46
-86.31,39.63
-86.08,39.56
-85.64,39.89
-86.11,39.78
-86.15,39.79
-86.1,39.73
-86.16,39.77
-86.12,39.82
-86.18,39.83
-86.29,39.79
-86.01,39.87
-86.2,39.68
-86.1,39.81
-86.05,39.78
-86.1,39.87
-86.24,39.7
-86.21,39.79
-86.25,39.79
-86.17,39.74
-86.05,39.84
-86.13,39.68
-86.19,39.84
-85.97,39.79
-86.33,39.71
-86.32,39.81
-85.97,39.84
-85.97,39.89
-86.09,39.68
-86,39.72
-86.12,39.91
-86.26,39.76
-86.07,39.91
-86.27,39.85
-85.99,39.9
-85.99,39.64
-86.18,39.9
-86.23,39.9
-86.3,39.9
-86.11,39.94
-86.17,39.93
-86.973,41.678
-87.46,41.37
-87.05,41.62
-87.3,41.4
-87.2,41.2
-87.5,41.46
-87.45,41.65
-87.42,41.53
-87.49,41.61
-87.5,41.55
-87.46,41.55
-87.46,41.59
-87.5,41.58
-87.51,41.65
-86.77,41.39
-87.2,41.3
-87.24,41.52
-86.7,41.529
-86.694,41.476
-87,41.3
-86.84,41.31
-87.4,41.1
-86.7,41.6
-87.4,41.3
-86.9,41.7
-86.55,41.61
-86.8,41.2
-87.17,41.59
-86.6,41.68
-87.47,41.45
-86.9,41.21
-87.44,41.49
-87.45,41.19
-87.347,41.194
-87.435,41.167
-87.3,41.2
-86.8,41.5
-87,41.5
-87.1,41.5
-86.9,41.4
-86.91,41.55
-87,41.2
-87.18,41.512
-87.5,41.68
-87.32,41.59
-87.3,41.6
-87.37,41.59
-87.27,41.57
-87.4,41.6
-87.33,41.58
-87.37,41.55
-87.33,41.55
-87.32,41.48
-86.3,41.2
-85.976,41.261
-86.1,41.3
-86.2,41.5
-85.8,41.71
-85.973,41.157
-85.9,41.1
-86.4,41.2
-85.97,41.72
-85.97,41.66
-85.98,41.61
-86,41.3
-85.9,41.6
-85.8,41.6
-86.12,41.73
-86.51,41.36
-86.6,41.4
-86.6,41.3
-86.28,41.52
-86.31,41.457
-85.8,41.3
-86.02,41.17
-85.7,41.7
-85.88,41.39
-85.68,41.54
-86.14,41.61
-86.14,41.69
-86,41.4
-86.49,41.7
-85.85,41.49
-86.4,41.6
-85.69,41.33
-86.25,41.7
-86.08,41.65
-85.7,41.2
-86.3,41.4
-85.6,41.7
-85.7,41.4
-86.12,41.21
-85.54,41.57
-86.05,41.54
-86.5,41.5
-85.9,41.2
-85.9,41.3
-85.81,41.22
-86.2,41.5
-86.25,41.67
-86.26,41.66
-86.3,41.6
-86.22,41.68
-86.27,41.7
-86.24,41.69
-86.35,41.65
-86.34,41.72
-86.21,41.72
-86.24,41.73
-85.4,41.4
-85.6,40.8
-85,41.7
-85.2,41.2
-85.07,41.53
-85,41.3
-85.25,41.35
-84.9,40.7
-85.2,40.7
-84.9,41.4
-85.3,41.2
-85.5,41.1
-85.14,41.46
-85.1,40.79
-85.61,41.37
-84.9,40.8
-84.9,41.7
-85.14,41.32
-85,40.6
-84.94,41.2
-84.89,41.54
-84.87,41.23
-85.01,40.96
-85.4,41.7
-85.15,41.57
-85.16,41.25
-85.5,40.9
-85.3,41.4
-85.19,40.6
-85.55,41.35
-85.4,41.6
-85.25,41.3
-85.6,41.2
-85.04,41.23
-85.29,40.71
-85.6,41.5
-85.31,40.85
-85.4,41.7
-84.9,40.7
-84.9,41
-85,41.1
-85.16,41.71
-85.2,40.9
-85,41.6
-85.26,40.64
-85.35,40.96
-85.4,41.5
-84.89,41.32
-85.272,41.532
-85.6,41.1
-84.9,41.3
-85.25,40.84
-85.5,40.7
-85,41.5
-85.46,41.46
-85.3,41.6
-84.87,41.12
-85.22,40.94
-85.278,40.915
-85.16,41.07
-85.08,41.07
-85.24,41.05
-85.11,41.1
-85.08,41.05
-85.15,41.04
-85.19,41.1
-85.21,41.01
-85.31,41.04
-85.06,41.1
-85.04,40.99
-85.2,41.2
-85.11,40.98
-85.11,41.15
-85.06,41.16
-85.1,41.21
-86.2,40.5
-86.1,40.4
-86,41
-85.95,40.64
-86.5,40.5
-86.08,40.64
-86.39,40.48
-86.5,40.6
-85.88,40.6
-86.5,40.5
-86.417,41.136
-86.6,40.6
-86.1,40.9
-85.7,40.4
-86.5,40.5
-85.571,40.409
-86.3,41
-86.3,40.6
-85.58,40.48
-85.9,40.5
-85.7,40.4
-86.4,41
-85.7,40.7
-85.7,40.82
-85.839,40.974
-85.735,41.035
-86.4,40.7
-86.36,40.87
-86.1,40.9
-85.6,40.6
-85.6,40.5
-85.49,40.39
-86.117,40.82
-86.11,40.61
-86.52,41.16
-86.193,40.768
-85.8,41
-86.193,40.695
-86.52,41.16
-86.1,40.8
-85.93,40.95
-86.3,41
-86.5,40.9
-86.3,40.4
-85.89,41.05
-85.7,40.7
-86.6,41
-85.82,40.51
-85.77,40.57
-86.23,40.88
-85.5,40.5
-85.73,40.9
-85.51,40.63
-85.8,40.8
-86.3,40.7
-86.6,41
-86.347,40.567
-85,39.1
-84.85,39.55
-85.2,39.3
-84.85,39.5
-85.08,38.87
-85,39.4
-84.88,39.37
-85.18,38.94
-85.1,39
-84.93,38.82
-84.95,39.21
-85.4,39
-85.2,39.5
-84.9,39.2
-85.11,39.42
-85.1,39.1
-85.04,39.08
-85.325,39.204
-84.9,39.3
-85.25,39.38
-85.3,39.2
-84.85,38.84
-84.9,38.9
-85.1,39.2
-85.2,39
-85.1,38.8
-84.9,39.3
-85.8,38.77
-85.42,38.55
-85.9,38.4
-86.2,38.6
-86.21,38.1
-85.6,38.5
-86.2,38.2
-86.07,38.28
-86.2,38.3
-86.62,38.33
-86,38.1
-86.5,38.3
-85.89,38.36
-86.19,38.46
-85.98,38.31
-86.461,38.29
-86.01,38.37
-86.3,38.5
-85.78,38.55
-85.77,38.31
-85.7,38.33
-86.1,38
-85.97,38.23
-86.4,38.2
-85.6,38.7
-86.4,38.4
-85.6,38.6
-86.2,38.06
-85.76,38.48
-86.3,38.3
-85.5,38.6
-85.8,38.3
-86.051,38.165
-86.1,38.32
-85.49,38.55
-85.68,38.55
-86.09,38.4
-86,38.5
-86.17,38.31
-86.1,38.6
-85.9,38.7
-85.76,38.4
-86.55,38.36
-85.75,38.6
-86,39.2
-85.8,39.2
-86.1,38.9
-85.5,39.1
-85.23,38.89
-85.868,39.284
-85.7,38.9
-85.9,38.8
-85.6,38.8
-85.5,38.89
-85.77,39.11
-85.77,39.38
-86.2,39
-85.5,39.3
-85.49,38.66
-85.7,39.23
-85.77,39.28
-85.89,39.06
-85.4,38.8
-86.2,38.83
-85.5,39.3
-86.3,38.9
-85.6,39
-85.71,38.84
-85.62,39.41
-85.73,39.07
-85.9,39
-85.95,39.3
-86.1,38.8
-85.609,38.986
-85.6,39.2
-85.4,40.1
-85.4,40.3
-85.47,40.23
-85.39,40.19
-85.409,40.207
-85.27,40.28
-84.852,39.741
-85.01,39.69
-85,40.5
-85.2,39.8
-85.03,39.79
-85.1,39.6
-85.51,40.14
-85.2,39.8
-85.2,40.4
-85.437,39.803
-85.35,40.34
-85.11,39.96
-85.1,40.2
-84.9,39.96
-85.5,40.3
-85.464,39.879
-85.06,39.89
-85.17,39.94
-85.3,40.5
-85.518,39.904
-85.37,39.79
-84.9,39.6
-85.21,40.05
-84.9,40.1
-85.51,40.03
-85.15,39.76
-85.11,40.05
-85.3,40.5
-85.26,40.01
-85.386,40.004
-85.4,39.9
-85.387,40.078
-85.2,40.2
-85.14,40.51
-85,40.4
-85.16,40.34
-84.9,39.8
-85,40.3
-84.867,40.384
-84.918,40.237
-85.26,40.16
-85.55,39.93
-85.45,39.83
-85.38,40.05
-85.3,39.83
-85.444,40.005
-84.9,40.2
-85,39.97
-85,40.2
-85.51,40.2
-86.4,39.1
-86.6,39.1
-86.6,39.2
-86.518,39.17
-86.516,39.176
-86.5,39.2
-86.5485,38.9108
-86.5,38.9
-86.8,39
-87,39.2
-86.62,39.27
-86.86,39.22
-86.6,38.5
-86.6,39.3
-86.6,39.1
-86.4,39
-86.66,38.71
-87.2,39.2
-87.2,39.1
-87.1,39
-86.5,38.8
-86.2,39.2
-87.02,38.93
-86.52,38.89
-86.5,38.6
-86.77,38.96
-86.4,38.5
-86.955,39.312
-86.71,39.45
-86.901,38.892
-86.5081,39.0701
-86.77,39.1
-86.8,39.3
-86.61,38.95
-86.65,39.3
-87.03,39.03
-86.5,38.9
-86.4,39.28
-86.59,38.62
-86.6,38.8
-87,39.1
-87.2,38.7
-87.3,38.8
-86.7,38.3
-86.59,38.14
-86.71,38.17
-87.42,38.77
-86.97,38.68
-86.6,38
-86.74,38.4
-86.8,38.8
-87,38.2
-87.6,38.5
-86.53,38.03
-86.78,38.47
-87.27,38.84
-87.1,38.86
-86.84,38.05
-86.85,38.22
-87.307,38.865
-86.8354,38.1111
-87.07,38.1
-87.05,38.24
-87,38.3
-86.9,38.4
-86.93,38.07
-86.56,38.12
-87,38.12
-86.9,38.7
-87.3,38.6
-87,38.6
-87.4,38.8
-87,38.8
-87.09,38.48
-87.3,38.5
-87.15,38.79
-86.59,37.95
-86.81,38.33
-86.6,38.18
-86.81,38.15
-87.19,38.86
-86.92,38.1
-86.77,38.35
-86.8,38.7
-87.258,38.253
-87.16,38.27
-86.7,38
-86.79,38
-87.1,38.37
-87.5,38.6
-87.226,38.863
-87.3,38.7
-87.22,38.38
-87.2,38
-87.41,38.07
-87.1,38
-87.7,38.19
-87.4,38.2
-86.95,37.97
-87.9,38.3
-87.3,38.19
-87.9,37.9
-87.35,37.95
-87.9,38.1
-87.8,38.2
-87.18,37.93
-87.1,37.9
-87.2,38.1
-87.79,38.07
-87.6,38.2
-87.5,38.48
-87.5,38.2
-87.5,38.3
-87.3919,38.2529
-87.3,38.3
-87.7,38.3
-87.6,38.4
-87.6,38.3
-87.38,38.28
-87.58,37.97
-87.58,38.02
-87.54,38.03
-87.7,37.9
-87.56,37.95
-87.52,37.95
-87.49,37.97
-87.6,38.1
-87.54,38.1
-87.4,39.4
-87.31,39.47
-87.39,39.5
-87.33,39.55
-87.41,39.47
-87.401,39.472
-87.27,39.84
-86.97,39.36
-87.1,39.5
-87.19,39.65
-87.1,39.63
-87.4,39
-87,39.4
-87.1,39.3
-87.5,39.7
-87.18,39.37
-87.5,39.8
-87.26,39.04
-87.57,39.19
-87.4,39.2
-87.0716,39.5349
-87.4,39.8
-87.3,39.19
-87.091,39.526
-87.22,39.25
-87.17,39.9
-87.336,39.727
-87.6,39.1
-87.32,39.82
-87.461,39.58
-87.4,39
-87.33,39.29
-86.9,39.4
-87.4,39.2
-87.4,39.4
-87.2,39.8
-87.3,39.7
-87.5,39.5
-87.4,39.2
-87.46,39.68
-87.189,39.487
-87.4,39.1
-87.46,39.68
-87.5,39.5
-86.89,40.42
-86.88,40.44
-86.8,40.4
-87,40.5
-86.9,40.3
-87.055,39.984
-87.5,40.5
-87.2,40.3
-86.82,40.55
-87.37,40.48
-87.4,40.9
-86.9,40.6
-86.7628,40.4878
-86.744,40.882
-86.6,40.8
-87.45,39.94
-86.9,40.7
-86.75,40.24
-87.5,40.2
-86.9,40
-86.8,40.1
-86.77,40.38
-87.44,40.68
-87.3,41
-87.3,40.6
-86.9,41
-87.3,40.8
-87.1,40.1
-86.6,40.8
-87.43,40.8
-87.3,40
-86.8,39.9
-86.86,40.19
-86.89,41.1
-87.148,40.164
-86.9,40.9
-86.7,40.8
-87.4,41
-87.299,40.952
-86.922,39.952
-87.41,39.88
-87,40.19
-86.74,39.96
-87.148,40.204
-87.1,40.5
-87.23,40.53
-87.48,40.03
-87.26,40.44
-87.2,40.7
-87.1,41
-86.9,40.8
-86.9,40.2
-87.526,40.197
-86.772,40.2867
-87.2,40.1
-87.02,39.9
-87.1,40.1
-87.44,40.28
-87.1,40.3
-87.4,40.3
-87.08,40.19
-87,40.8
-86.726,40.668
-93.42,41.36
-94.7,41.5
-94,41.6
-93.03,42.14
-93.4,42.5
-93.61,41.81
-93.4,40.7
-93.47,41.65
-93.6,42
-93.64,42.03
-93.652,42.019
-93.7,42.1
-94.8,41.4
-93.56,41.72
-95,41.4
-93.64,41.73
-94.9,41.7
-94.4,41.9
-92.49,41.47
-93.15,41.82
-94.56,41.83
-93.543,41.664
-93.793,41.359
-93.7,42.5
-93.45,41.73
-93.8,42.1
-93.86,41.53
-93.99,41.82
-93.252,42.637
-94.89,41.54
-92.9,41.2
-93.54,41.89
-93.5,41.5
-94.5,41.5
-93.3,41
-94.5,42.1
-93.14,42.14
-93.45,40.65
-93.2,41.7
-93.28,41.89
-93.3,42
-93.15,41.18
-94.7,41.9
-93.3,40.8
-93.8,41.5
-93.25,41.24
-93.9,41.7
-94.22,42.11
-93.8,40.7
-94.21,41.8
-93.86,40.75
-93.5,41
-94.02,41.52
-94.2,41.5
-93.5,42.7
-94.1,41.5
-93.51,41.78
-94.1,40.8
-93.6,42.3
-94.9,41.6
-92.9,42.1
-93.64,42.66
-93.4,42.23
-93.6,40.7
-92.39,41.49
-93.63,42.11
-92.8,41.9
-94.2,42
-93.9,40.8
-93.82,41.76
-93.8,41.69
-92.7,41.7
-94.6,41.7
-92.97,41.19
-94.8,41.7
-93.38,41.45
-92.94,41.3
-92.98,41.94
-93.3,42.3
-93.5,40.8
-93.61,41.88
-93.6,41.3
-93.2,42.5
-93.17,41.75
-94.3,41.86
-94.4,42
-93.7,42.3
-93.72,41.7
-93.7,42.38
-94.1,40.7
-93.68,41.94
-92.9,41.7
-92.3,41.47
-93.1,41.3
-93.4,41.2
-93.9,40.7
-92.97,41.88
-92.776,42.006
-92.8,41.34
-93.7,40.7
-94.2,41.7
-93.46,40.64
-92.98,42.18
-94.1,41.1
-93,41.1
-93.5,41.1
-92.8,41.6
-93.4,42.17
-94.19,41.19
-93.8,41.9
-92.6,41.7
-92.9,42.1
-93.8,41.4
-93.4,41.9
-93.1,41.9
-93.242,41.223
-94.4,41.5
-93.307,40.849
-93.4,41.3
-94.1,41.7
-93.26,41.79
-93.34,41.66
-93.1,41.5
-92.5,41.6
-92.7,41.97
-94,41
-93.4,42
-93.2,42.3
-92.6,41.4
-93,41.7
-93.7,41.2
-93.7,41.5
-94.1,42
-93.8,41
-93.05,41.47
-94.4,41.7
-94.3,42.2
-93.88,41.35
-92.9,41.4
-94.1,41.8
-93.93,41.22
-94.04,42.16
-93.2,41.4
-93.7,41.8
-93.47,42.59
-93.2,41.6
-93.8,41.4
-93.4,42.3
-93.603,42.237
-92.97,41.55
-94.2,41.6
-93.18,41.89
-94.2,41.9
-93.48,42.17
-93.4,41.5
-93.2,41
-93.19,42.13
-93.8,41.3
-92.69,41.56
-93.695,41.864
-93.67,41.88
-93.8,42.3
-93.1,42
-93.6,42.2
-93.9,42.3
-94.3,41.5
-92.88,41.57
-93.33,41.45
-94.1,41
-92.332,41.456
-92.93,41.27
-93.86,41.18
-93.1,42.2
-93.9,41.5
-93.82,40.85
-93.9,41.6
-93.7,40.9
-93.74,41.56
-93.81,41.56
-92.4,41.4
-93.5,42.5
-93.26,41.09
-94.1,41.3
-94.86,41.39
-93.6,41
-93.9,41.9
-94.3,41.8
-93.29,42.15
-93.62,41.58
-93.67,41.63
-93.67,41.6
-93.68,41.58
-93.63,41.66
-93.63,41.6
-93.62,41.55
-93.6,41.61
-93.55,41.61
-93.58,41.53
-93.67,41.55
-93.74,41.63
-93.81,41.64
-93.72,41.6
-93.79,41.62
-93.48,41.58
-93.2,43.1
-93.5,42.8
-93.6,42.8
-93.8,43.1
-93.9,43.4
-93.017,43.415
-93.4,43.1
-93.9,43
-93.369,42.735
-93.793,43.224
-93,42.9
-93.45,43.26
-92.77,43.15
-93.7,43.3
-93.6,43.1
-93.62,42.95
-93.07,43.34
-93.2,42.7
-93.39,43.3
-93.44,43.34
-93.8,42.9
-93.2,43.4
-93.56,42.99
-93.5,43.4
-94.1,43.4
-93.4,42.8
-93.66,43.36
-92.74,43.38
-92.65,43.46
-93.2,43.3
-93.49,42.92
-93,43.2
-93.3,43.4
-92.7,43.2
-92.8,43.3
-93.08,43.25
-93.92,43.48
-92.5,43.4
-93.087,43.207
-93,43
-93.2,43
-93.58,42.74
-92.88,43.15
-92.9,43.4
-93.67,43.46
-93.2,42.9
-92.75,43.45
-93.32,42.99
-93.8,43.4
-93.4,42.9
-94.1,43.2
-93.5,43.1
-94,43.1
-93.92,43.24
-94.2,42.5
-95,42.8
-94.2,43.1
-94.5,43.4
-94.87,43.02
-94.14,42.62
-94.3,43.3
-94.38,42.52
-94.3,42.9
-94.41,42.8
-94.08,42.33
-94.2,43.2
-94.31,42.38
-94.4,42.6
-93.7,42.7
-94.8,43
-94.5,43.1
-94.2,42.72
-94,42.3
-94.62,43.45
-94,42.5
-93.9,42.6
-95.2,42.5
-94.7,43.1
-94.44,42.28
-94.4,43.2
-94.8,42.6
-94.4,42.7
-94,42.8
-94.3,42.3
-94.17,42.25
-94.1,42.8
-94.7,42.8
-94.2,42.7
-94.77,42.47
-94.8,42.8
-94.2,43.4
-94,42.4
-94.1,42.9
-94.3,43.2
-94.1,43
-94.9,42.4
-94.65,42.97
-94.5,42.5
-95,42.87
-94.32,42.44
-95.09,42.52
-95,42.6
-94.14,42.4
-94.4,42.9
-94.58,42.63
-94.64,42.87
-94.7,42.7
-94.7,42.6
-95.16,42.81
-93.97,42.85
-94.6,43.3
-94.6,42.4
-94.5,42.8
-94.3,42.79
-95,42.4
-95.1,42.9
-94.44,42.41
-95.2,42.7
-94.3,43.4
-94.06,42.66
-94.898,42.659
-94.04,42.58
-93.8,42.4
-94.4,43
-94.4,43.1
-93.8,42.6
-93.1,42.6
-92.8,42.7
-92.47,43.18
-92.9,42.6
-93.03,42.84
-91.7,42.8
-91.7,42.6
-92.82,42.23
-92.9,42.82
-92.39,42.29
-92.5,42.5
-92.7,43.1
-92.7,42.8
-92.591,43.158
-92.9,42.2
-92.33,42.68
-92.6,42.5
-93,42.8
-92.18,42.58
-93.1,42.3
-92.4,43.3
-92.1,42.6
-92.2,43
-92.71,42.08
-93.13,42.67
-92.21,42.42
-92.7,42.2
-92.8,42.9
-92.8,42.4
-91.9,42.6
-92.82,42.43
-92.5,42.4
-91.9,42.5
-92.5,43
-92.47,42.65
-92.1,42.5
-91.66,42.62
-92.2,42.3
-92.691,42.263
-92.9,43
-91.6,42.5
-91.91,42.77
-92.5,43
-92.3,43.1
-92.63,42.59
-91.9,42.7
-92.0742,42.7007
-92.8,42.6
-92.5,42.8
-92.23,42.47
-92.22,42.69
-92.6,42.3
-92.6,42.7
-91.8,42.65
-93.06,42.43
-92.712,42.526
-92.1,42.8
-92.5,42.2
-92.3,42.8
-92.4,42.8
-92.92,42.45
-92.01,42.78
-91.7,42.5
-92.4,42.4
-92.31,42.45
-92.3,42.6
-92.27,42.48
-94.4,41.1
-94.2,41
-94.7,40.7
-94.38,40.69
-94.5,40.6
-94.7,41.2
-94.824,41.048
-94.5,40.8
-94.8,41
-94.462,41.04
-94.9,41.2
-94.3,40.8
-94.6,41.3
-94.985,41.143
-94.78,40.79
-94.4,41.3
-94.5,40.9
-94.8,41.2
-94.2,40.7
-94.9,41
-94.4,41.2
-94.6,41.1
-94.36,40.62
-94.2,40.9
-94.65,40.81
-94.17,40.85
-95,41
-96.5,42.8
-95.3,42.7
-96,43
-95.9,42.4
-95.4,42.7
-95.6,42.3
-96.18,42.41
-96.269,42.809
-95.55,42.95
-95.9,42.1
-96.51,42.92
-95.6,42.7
-95.7,42.8
-95.8,42.5
-95.7,42.4
-95.7,42.3
-95.4,42.5
-95.8,43
-96.4,43
-96.3,42.6
-95.5,42.5
-96.1,42.2
-96.3,43
-96,42.6
-95.54,42.88
-96.19,42.5
-96.2,42.8
-95.2,42.9
-95.8,42.2
-95.8,42.8
-96.2,43
-95.64,42.82
-96.3,42.7
-96,42.5
-96.1,42
-96.1,43
-95.92,42.3
-95.7,43
-95.4,42.9
-95.9,42.6
-95.7,42.6
-95.9,42.8
-95.96,42.2
-96.3,42.3
-95.3,42.5
-96.33,42.37
-96.3,42.2
-95.96,42.25
-95.5,43
-95.7,42
-95.7,42.6
-96.5,42.7
-96.2,42.1
-96.39,42.49
-96.43,42.52
-96.4,42.54
-96.37,42.51
-96.32,42.47
-96.3,42.6
-96.5,42.6
-96.39,42.43
-95.9,43.2
-96.32,43.35
-95.75,43.1
-95.8,43.3
-96,43.2
-96.2,43.3
-96,43.3
-95.9,43.1
-96.2,43.2
-96.5,43.3
-96.5,43.4
-96.34,43.44
-95.91,43.43
-95.9,43.2
-95.6,43.1
-96.2,43.4
-96.4,43.2
-95.6,43.2
-95.7,43.4
-96.2,43.1
-95.2,43.1
-95.13,43.36
-95,43.1
-94.8,43.4
-95.3,43.2
-95.037,43.015
-94.7,43.2
-95.14,43.02
-95.4,43.4
-95.5,43.2
-95.3,43.4
-95.6,43.3
-95.2,43.3
-95.6,43.4
-95.14,43.39
-95.3,43.1
-94.9,43.1
-95.1,43.4
-94.947,43.434
-95,43.3
-94.74,43.31
-95,43
-94.9,42.1
-95,42.1
-95.4,42.3
-94.9,42.3
-95,42.2
-95.6,42.1
-94.8,41.91
-95.32,42.11
-95.4,42
-94.7,42.1
-94.971,42.007
-95.5,42.3
-95.19,41.78
-95.19,41.73
-95.3,42.2
-94.7,42.3
-95,42.3
-94.695,42.183
-94.6,42.3
-95.2,41.9
-95.1,41.9
-95.2,42.3
-94.635,42.044
-95.48,42.16
-94.5,42
-94.93,41.91
-95.2,42.1
-95.08,42.27
-95.1,42.1
-95.88,41.23
-95.8,41.2
-95.92,41.29
-95.44,41.97
-95.4,41.5
-96.09,41.9
-95.4,41.2
-95.9,41.4
-95.4,41.8
-95.5,41.9
-95.6,41.9
-95.4,41.8
-95.07,41.6
-95.1,41.1
-95.4,41
-95.7,41
-95.1,41.2
-95.4,41.4
-95.3,41.6
-95.5,41
-95.4,41.1
-95.8,41.4
-95.07,41.66
-95.1,41.3
-96.03,41.83
-95.8,41.6
-95.65,41.32
-95.5,41.2
-95.87,41.69
-95.6,41
-95.1,41.49
-95.5,41.4
-95.68,41.14
-95.9,41.6
-96.03,41.64
-96,41.7
-95.9,41.9
-95.7,41.5
-95.4,41.3
-95.8,41
-95.5,41.73
-95.6,41.6
-95.92,41.81
-95.53,41.64
-95.2,41
-95.5,41.5
-95.6,41.13
-95.8,41.99
-95.1,41
-95.61,41.24
-95.71,41.38
-95.2,41.5
-95.395,41.719
-95.7,41.8
-95.3,40.7
-95.2,40.6
-95,40.6
-95.1,40.8
-95.2,40.7
-95.12,40.62
-95.3,40.8
-95.5,40.7
-95.6,40.7
-95.43,40.88
-94.9,40.7
-95.32,40.61
-95.8,40.7
-95.54,40.85
-95.55,40.67
-95.6,40.8
-95.68,40.88
-95.8,40.8
-95.18,40.75
-90.69,42.56
-90.78,42.53
-90.6,42.4
-90.592,42.153
-90.5,42.2
-90.8,42.3
-91,42.3
-91.2,42.7
-90.6,42
-91.55,42.58
-90.84,42.54
-91.1,42.5
-91.3,42.5
-91.4,42.7
-91.4,42.8
-91.32,42.77
-90.9,42.5
-91,42.4
-91.35,42.97
-91.24,42.74
-91.2,42.9
-91.33,42.62
-91.1,42.7
-91,42.6
-90.6,42.3
-91.5,42.5
-90.7,42.1
-90.3,42.1
-91.1,42.6
-90.96,42.68
-90.81,42.43
-90.4,42.1
-90.2,42.1
-91.4,42.9
-90.82,42.62
-90.47,42.11
-91.5,42.7
-91.55,42.82
-91.1,42.4
-90.7,42.3
-91.8,43.3
-92,43.2
-91.7,43.1
-92.4,43.46
-91.67,43.03
-92.1,43.4
-91.5,43.4
-91.6,42.9
-91.8,42.8
-91.9,43.1
-91.2,43.2
-92,42.9
-91.3,43.4
-92.2,43.1
-92.3,43.4
-91.5,43.1
-91.2,43
-91.19,43.04
-91.3,43.1
-91.3,43.5
-91.7,43.1
-91.6,43.1
-92.089,43.218
-91.9,42.85
-92,43.3
-91.933,43.066
-92,43.2
-91.67,42.85
-91.3,43.2
-92,43.1
-91.5,43.3
-91.8,43
-91.6,41.3
-91.64,42.16
-91.9,41.8
-91.3,42.1
-91.9,41.98
-90.8,42.1
-92.26,41.91
-92.09,41.91
-92,42.33
-92.4,41.8
-91.08,42.11
-91.8,42.2
-91.5,42.2
-92.4,41.9
-91,41.9
-92.4,42.1
-91.5,42.3
-91.425,42.237
-91.97,41.74
-92.32,41.64
-92.3,41.6
-91.32,42.41
-92.3,42.2
-92.34,42.01
-91.56,41.91
-91.79,41.9
-92.2,42.1
-92.05,41.37
-92.34,41.8
-91.69,42.05
-91.533,41.554
-91.88,41.74
-91.3,42.4
-91.5,41.6
-91.59,41.69
-91.55,41.66
-91.51,41.67
-91.6,41.64
-91.7,41.5
-91.9,41.4
-92.2,42.01
-92.22,41.67
-91.3,41.9
-90.8,41.9
-90.96,41.87
-92.18,41.92
-92.1,41.8
-91.6,42.1
-91.34,42.02
-91.3,41.9
-91.88,41.79
-92.16,41.58
-90.9,42.1
-91.2,42.2
-91.246,42.006
-92.08,42.23
-91.5,41.9
-91.97,42
-92.1,41.6
-91.7,41.8
-91.9,41.9
-91.1,42
-90.97,42.15
-91.7,41.7
-91,42
-91.8,42.1
-91.9,41.6
-91.76,42.4
-91.6,41.5
-91.67,42.08
-91.9,42.4
-91.5,42.36
-91.9,42.1
-91.5,41.8
-91.96,41.73
-92.1,41.5
-91.44,42.06
-91.14,41.87
-91.71,41.83
-92.6,41.9
-91.68,41.7
-91.73,42.11
-92.5,42.1
-91.89,42.24
-92.08,42.01
-92.3,41.7
-92.383,41.99
-92,42.2
-91.83,41.88
-91.8,42.3
-91.7,41.3
-91.98,41.92
-92.17,41.45
-91.9,41.5
-91.3,41.7
-91.81,41.36
-92,41.6
-91,42.1
-91.65,41.97
-91.66,42.02
-91.58,41.97
-91.7,41.9
-91.75,41.99
-91.73,42.05
-92.4,41
-92.31,40.98
-92.8,41
-92.1,41
-92.68,41.27
-91.96,40.86
-92.6,41
-92.4,40.8
-91.8,41.2
-92,40.6
-92.53,41.21
-92.9,40.7
-92.53,41.086
-92.9,40.6
-92.36,41.34
-92.1,40.8
-92.5,40.8
-92.6,41.2
-92.24,40.94
-92.81,40.63
-91.9,41
-91.966,41.023
-92.26,40.84
-92.44,41.23
-92.3,41.2
-91.9,40.7
-92.504,41.142
-92.06,40.94
-93,41
-92.1,40.7
-92.9,40.9
-92.7,40.7
-91.93,40.64
-92.96,40.8
-92.11,41.22
-92.7,41.3
-92.09,41.11
-93.1,40.8
-93.16,40.8
-92.25,40.66
-91.99,41.19
-92.4,41.3
-92.16,40.87
-93.2,40.7
-92.2,41.3
-92.74,40.78
-92.64,40.83
-92.7,41.3
-91.1,40.8
-91.57,40.52
-91.8,40.7
-91.52,41.2
-91.35,40.86
-91.329,40.741
-91.6,40.7
-91.7,40.7
-91.4,40.6
-91.7,40.8
-91.45,40.44
-91.8,41
-91.1,41
-91.27,40.84
-91.5,40.5
-91.3,41.1
-91.6,41
-91.41,41.03
-91.4,40.9
-91,41.1
-91.545,41.134
-91.6,40.8
-91.2,40.9
-91.8,40.9
-91.2,41.2
-91.7,41.1
-91.21,40.85
-91.4,40.7
-91.516,40.768
-91.2,40.7
-91.4,41.1
-91.29,41
-90.17,42.02
-91.2,41.6
-90.96,41.75
-90.46,41.57
-90.79,41.5
-90.34,41.96
-90.79,41.51
-90.74,41.8
-90.3,41.8
-90.5,42
-90.3,41.9
-91.374,41.259
-91.3,41.3
-91.38,41.35
-90.5,41.8
-90.75,41.71
-90.68,41.72
-90.91,41.6
-90.6,41.7
-91.13,41.35
-90.4,41.93
-90.7,41.8
-91.188,41.277
-90.4,41.63
-91.2,41.4
-91.4,41.5
-90.5,41.7
-90.358,41.801
-90.5,41.7
-91.1,41.58
-91,41.4
-90.86,41.71
-91.28,41.46
-90.46,41.57
-90.39,41.71
-90.84,41.57
-91.2,41.7
-90.8,41.6
-90.6,41.91
-91.3,41.6
-90.9,41.9
-91,41.6
-90.57,41.52
-90.62,41.5
-90.56,41.54
-90.7,41.5
-90.63,41.59
-90.5,41.6
-95.1,39.6
-95.2,38.8
-94.94,39.15
-95.18,39.72
-95,38.1
-94.92,39.05
-94.7,38.7
-95,38.2
-95.4,38.1
-95.25,39.48
-95.28,39.7
-94.98,38.96
-94.97,38.94
-95.1,39.3
-95,38.8
-95.4,39.5
-95,39.7
-95.1,38.9
-94.87,38.4
-94.91,39.36
-94.94,38.8
-94.9,38.83
-95.3,38.3
-95.14,38.36
-95.24,39.88
-95.2,38.1
-94.8,38.4
-95.3,39.6
-95.11,38.45
-94.91,39.25
-95.2,39
-95.249,38.955
-95.21,38.91
-95.35,38.89
-95,39.3
-95.36,38.98
-95.42,39.02
-95,39
-94.7,38.6
-95.2,39.2
-94.9,38.1
-95.52,39.54
-95.33,39.41
-94.9,38.9
-94.78,38.85
-95,38.5
-95.3,39.2
-95.3,38.6
-95.5,39.2
-94.9,38.6
-95,38.3
-95.4,39.1
-94.7,38.2
-95.4,38.6
-95.3,38.5
-95.12,38.55
-95.3,38.4
-94.8,38.7
-94.66,38.8
-95.1,39.1
-95.2,39.8
-95.4,39.4
-95,39.8
-95.3,38.2
-95.1,38.7
-95.5,38.2
-95.3,40
-95.4,38.5
-95.25,39.33
-94.62,39.12
-94.69,39.11
-94.63,39.07
-94.71,39.16
-94.64,39.09
-94.72,39.07
-94.82,39.17
-94.79,39.09
-94.77,39.12
-94.61,39.11
-94.67,39.02
-94.69,39.02
-94.68,38.99
-94.63,39.03
-94.62,38.96
-94.64,38.96
-94.63,39.01
-94.64,38.9
-94.7,38.92
-94.64,38.93
-94.68,38.96
-94.7,38.9
-94.71,38.97
-94.74,38.95
-94.74,39.02
-94.78,39.02
-94.82,39.01
-94.78,38.95
-94.82,38.96
-94.71,38.86
-94.67,38.87
-94.63,38.86
-94.85,39.03
-94.88,38.97
-96.3,39
-95.8,38.9
-96.3,39.9
-96.2,39.9
-96.4,39.9
-96.2,39.2
-95.98,39.94
-95.5,38.9
-96.6,39.6
-96.8,39.9
-95.9,38.8
-95.7,38.8
-96.1,39.7
-95.87,39.53
-96.1,39.6
-95.9,39.3
-95.61,39.36
-96.08,39.33
-96.2,38.9
-95.4,39.7
-95.7,39.8
-96.5,39.7
-95.9,39.7
-95.54,39.1
-96,38.8
-96.1,39.5
-95.5,39.8
-95.7,39.5
-96.5,39.8
-95.6,39.6
-95.69,39.28
-96.8,39
-96.79,39.09
-96.8,39.4
-95.6,38.6
-96.2,39.1
-96.6,39.2
-96.7,39.3
-96.58,39.2
-96,39
-96.7,39.9
-95.8,39.3
-95.6,38.5
-95.5,39.2
-96.88,39.15
-95.7,39.93
-95.7,39.6
-96.73,39.12
-96.6,39.9
-96.6,39.4
-96.2,39.5
-95.94,39.867
-95.8,38.6
-95.5,38.8
-96.2,39.1
-95.7,39.75
-95.5,38.6
-96.8,39.3
-95.4,39.8
-95.96,39.16
-95.8,39.9
-96.42,39.25
-96.1,39.2
-95.71,38.75
-96,39.9
-95.85,39.16
-96,39.5
-96.35,39.95
-95.56,39.01
-95.6,38.64
-96.3,39.7
-95.7,38.9
-96.3,39.2
-96.8,39.7
-96.4,39.4
-95.8,39.7
-95.63,39.58
-96.8,39.5
-95.68,39.06
-95.73,39.04
-95.63,39.01
-95.72,39.06
-95.63,39.04
-95.66,39.08
-95.66,38.99
-95.8,39
-95.7,39.01
-95.68,39.04
-95.8,39
-95.9,39.1
-95.62,39.07
-95.6,39.1
-95.8,39.1
-95.7,38.95
-95.702,39.033
-95.67,39.06
-94.8,37.8
-95.6,37.6
-94.7,37.63
-94.71,37.56
-94.8,37
-95.69,37.65
-95,37.9
-95.69,37.69
-95.5,37.7
-94.85,37.35
-94.9,37.1
-94.714,37.167
-95.2,37.8
-95.3,37.6
-94.83,37.62
-94.71,37.52
-95.8,37.6
-94.71,38
-94.7,37.1
-95.4,37.5
-94.68,37.72
-94.9,37.5
-94.9,37.7
-95.4,37.8
-95.4,37.9
-95.3,37.9
-95,37.4
-94.9,38
-95.2,37.9
-94.65,37.54
-95.7,37.4
-95.6,38
-94.8,37.4
-95.57,37.9
-94.8,37.4
-94.7,37.46
-94.7,38.1
-94.9,37.9
-94.72,37.08
-95.2,37.5
-95.2,37.7
-94.8,37.3
-95.15,37.7
-95.5,37.5
-95.9,37.8
-94.839,37.001
-95,37.8
-95,37.6
-94.7,37.3
-94.924,37.284
-95.8,37.9
-96.2,38.4
-96.09,38.58
-96.2,38.7
-96.5,38.9
-96.27,38.54
-96.8,38.6
-95.8,38.2
-96.8,38.1
-96.7,38
-96.7,38.2
-96.5,38.3
-96.5,38.7
-96.6,38.9
-96.7,38.4
-96.9,38.2
-95.9,38.1
-96.2,38
-96,38.3
-95.8,38.4
-95.6,38.1
-97,38.5
-96.97,38.56
-96.2,38.1
-97,38.4
-96.5,38.2
-96.079,37.834
-96,38.36
-96.2,38.2
-97.1,38.2
-96,38.6
-96.5,38.4
-96,37.9
-95.6,38.4
-96.8,38.8
-96.7,38.6
-97.6,39.5
-97.5,39.7
-98.9,39.8
-96.9,39.7
-97.6,39.8
-98.4,39.9
-97.2,39.6
-97.4,39.6
-97.9,39.8
-97.5,39.8
-98.4,39.7
-97.99,39.81
-97,39.7
-97.3,39.8
-96.9,39.9
-97,40
-97.8,39.6
-98.1,39.7
-99,39.8
-98.6,39.8
-97.1,39.7
-97.28,39.97
-98.2,39.8
-97.2,39.9
-97.53,39.93
-97.4,39.9
-97.13,39.6
-98.1,39.61
-97.8,39.9
-97.8,39.8
-98.8,39.8
-97.1,39.8
-98,39.9
-97.64,37.76
-97.11,37.69
-98,37.1
-97.8,37.3
-97,37.1
-96.8,37.5
-98.2,37.2
-97,37.7
-96.55,37.63
-97.3,37.4
-97.517,37.887
-97.1,37.8
-97.8,37.1
-96.8,37.3
-97.7,38
-98.9,37.8
-97.6,37.1
-96.6,37.3
-96.5,37.1
-97.8,37.6
-97.5,37.5
-98.9,37.5
-99.3,37.2
-97.54,37.79
-97.6,37.4
-98.4,37.7
-97.89,37.28
-97.23,37.56
-96.7,37.1
-97,37.5
-97.13,38.05
-96.8,37.8
-96.3,37.9
-96,37.6
-97.83,37.18
-97.68,37.67
-97.2,37.1
-97.58,37.66
-97.35,38.24
-99.3,37.6
-97.202,37.7821
-97.5,38
-98.7,37.1
-98,37.3
-99.1,37.6
-97.37,37.54
-98.4,37.1
-97.44,38.15
-97.2,38.3
-98.5,37.5
-98.8,37.8
-97.27,37.79
-98.1,37.6
-98.5,37.1
-98.82,37.34
-96.6,37.5
-97.32,38.41
-96.7,37.7
-97.46,37.79
-97.6,37.3
-98.7,37.2
-97.66,37.24
-97.8,37.5
-97.5,38.2
-97.7,37.8
-99.5,37.6
-97.23,37.46
-97.9,37.6
-98.4,37.5
-97.2,38.1
-97.35,38.07
-97.9,37.5
-97.2,37.2
-97.39,37.46
-96.4,37.6
-97,37.9
-98.8,37.6
-99.5,37.2
-96.93,37.43
-96.6,37.77
-97.09,37.57
-98.7,37.4
-97.5,37.9
-96.3,37.7
-98.4,37.3
-97.4,37.1
-98.1,37.5
-98.9,37.3
-97,37.8
-97.1,37.4
-97.3,37.9
-97.62,37.54
-98.2,37.1
-97.23,38.16
-97.4,37.3
-97.1,38
-99.1,37.3
-97,37.3
-98.3,37.4
-97.335,37.686
-97.37,37.71
-97.38,37.77
-97.43,37.75
-97.22,37.7
-97.23,37.66
-97.28,37.71
-97.43,37.66
-97.24,37.62
-97.32,37.67
-97.44,37.7
-97.35,37.68
-97.32,37.71
-97.42,37.61
-97.32,37.6
-97.36,37.61
-97.28,37.67
-97.31,37.77
-97.28,37.75
-97.5,37.74
-97.22,37.78
-97.5,37.63
-97.17,37.78
-97.17,37.69
-97.17,37.64
-97.5,37.69
-95.8,37.2
-95.3,37.2
-95.21,37.05
-95.87,37.07
-96.1772,37.0239
-95.6,37.3
-95.1,37.1
-95.6,37.1
-95.713,37.058
-95.43,37.34
-95.4,37.1
-95.9,37.3
-96.2,37.37
-96.4,37.3
-95.96,37.12
-96.3,37.5
-95.57,37.16
-96.1,37.4
-96.3,37.3
-95.4,37.2
-96.02,37.04
-95.1,37.2
-95.3,37.3
-96.09,37.05
-96.2,37.1
-95.714,37.328
-95.88,37.06
-97.6,38.9
-97.2,38.9
-97.6,38.7
-97.6,39.4
-98.1,39.2
-98.1,39.4
-97.6,39
-98,39
-97.9,38.8
-98.4,38.5
-97.4,38.4
-98.44,39.53
-97,39
-97.2,39.4
-97.8,39.3
-98.6,39.5
-97.3,38.5
-98.2,38.7
-97.09,38.88
-97.79,38.66
-97.5,38.4
-98.2,38.6
-97.8,39.4
-98.4,39.5
-97,39.5
-97.4,38.6
-96.9,38.7
-98.45,38.63
-97.1,38.7
-98.4,39.2
-98.1,38.7
-98.1,39
-97.7,38.6
-98,38.4
-97.3,39.2
-98.3,38.6
-97.7,38.4
-97.9,38.6
-97.5,39.3
-97.7,39.2
-97.2,39.5
-97.51,38.92
-98.7,39.4
-98.7,39.5
-97.08,38.58
-97.97,39.36
-97.4,39
-98.4,39
-97.262,39.028
-97.2,38.5
-97.8,39
-98.5,39.3
-97.1,39.2
-98.4,38.8
-97.9,38.4
-96.96,38.81
-97.9,38
-97.9,38.1
-97.95,38.03
-98.2,38
-98.98,38.43
-98.4,38.2
-99.5,38.4
-98.2,37.9
-100.05,38.58
-99.7,38.4
-100.2,38.4
-99.1,37.9
-99.2,38.6
-99.7,38.6
-97.7,38.1
-99.5,38.2
-98.4,38.4
-98.6,38.6
-98.6,38.4
-99.2,38.1
-98.8,38.4
-97.8,37.9
-98.8,38.6
-98.6,38.2
-97.8,38.2
-99.4,37.9
-99.3,38.6
-99.1,38.2
-99.2,37.9
-99.32,38.654
-98.2,38.4
-99.5,38.6
-98.9,37.9
-99.45,38.42
-100,38.4
-98.09,38.1
-99.5,37.8
-98.9,38.6
-99.1,38.5
-98.1,37.9
-99,38.3
-98.3,38
-97.9,37.8
-99.9,38.7
-98.4,38.3
-99.4,38.2
-99.3,38.4
-98.8,38
-98.6,38
-98.2,38.2
-98.4,38
-98.5,37.8
-100.1,38.7
-99.4,38.9
-99.1,39.8
-99.7,39.9
-98.9,39.4
-99.7,39.4
-98.6,38.9
-99,39.63
-100,39.8
-100.1,39
-99.55,39.36
-98.6,38.8
-100.3,39.6
-99.6,38.9
-98.86,39.63
-99.3,39.7
-99,38.8
-99.8,39.4
-100.3,39.6
-99.2,39.6
-99.9,39.7
-99.5,39.6
-99.54,39.94
-98.6,39.1
-98.7,39.1
-100.1,39.4
-99,39.2
-100.3,39.9
-100,39.9
-99.8,39
-99.5,39.2
-98.9,39
-100,39.4
-99.19,38.73
-99.3,39.8
-99.3,39.2
-99.6,39.8
-98.9,38.8
-99.562,38.697
-99.4,39.5
-99.1,38.9
-99.9,39
-98.8,39.1
-99.06,38.87
-99.1,39.4
-101,39.4
-101,39.8
-101.5,39.8
-101.4,39.4
-101.5,39.4
-100.9,39.5
-101.8,39.4
-100.5,38.8
-100.5,39.1
-100.7,39
-100.9,39.8
-100.4,39.3
-102,39.4
-101.2,39.4
-100.94,39.86
-101.3,39.8
-101.1,39.1
-100.9,39
-100.5,39.8
-100.4,39.1
-100.2,39
-100.7,39.4
-101.8,39.8
-100.6,39.5
-101.7,38.9
-101.5,39
-101.9,38.9
-101.2,39
-100,37.7
-99.8,37.2
-99.6,37.5
-100.3,37.9
-102,38.1
-100.6,37.6
-101.2,38.1
-100.4,38.5
-99.99,37.03
-100.2,37.6
-99.8,37.6
-99.938,37.732
-100.2,37.4
-100.8,38
-99.7,38.1
-100.7,38.5
-101,38.1
-100.5,37.9
-100,38.1
-101.7,37.6
-101.6,38
-100.8,37.1
-101.3,38
-101.3,38.5
-101.9,37.6
-101.2,38.4
-100.3,37.2
-99.9,37.4
-100.5,37.6
-100.7,37.8
-100.5,37.2
-100.9,37.5
-100.9,38.5
-99.7,37.8
-100.8,37.6
-101.8,38
-101.8,38.5
-101.3,37.5
-99.9,37.8
-100.9,37.2
-101.9,37.2
-101.3,37.1
-101.3,37.3
-101.7,37.3
-101.7,37.1
-85.05,38.27
-85.5,37.8
-85.3,38.6
-85.02,38.45
-85.3,37.9
-85.1,37.5
-85.46,38.37
-85.2,38.5
-85.21,37.9
-85.5,37.9
-85.4,38.4
-85.17,38.37
-85.385,37.9343
-85.32,38.16
-85.41,38.17
-85.66,38.3
-85.52,38.43
-85.4,38.4
-85.2,37.6
-85,38.5
-85.4,37.66
-85.06,37.77
-85.66,38.26
-85.3,38.7
-85.2,38
-85.57,38.04
-85.473,37.85
-85.41,37.66
-85.18,38.44
-85.6,37.7
-85.5,37.58
-85.35,38.49
-85.48,38.3
-85,38.4
-85.13,38.56
-85.59,38.38
-85.44,37.55
-85.42,37.61
-85.3,37.5
-85.2,38.2
-85.4,38.2
-85.26,38.4
-85.2,37.7
-85.23,38.47
-85.4,38
-85.11,38.56
-85.1,38.1
-85.43,38.5
-85.1,37.8
-86.3,38.1
-85.6,37.8
-86.2,38
-85.76,38.06
-85.64,37.95
-86.63,37.78
-86.22,37.73
-86.13,37.89
-85.75,38.1
-86.5,37.6
-85.95,37.92
-86.3,37.71
-86.2,37.9
-86.5,37.8
-86.4,37.8
-86.33,37.64
-86.3,37.8
-85.7,37.9
-86.45,37.62
-86.02,37.96
-86.39,38.02
-85.9,37.9
-86.4,37.99
-86,37.7
-85.7,38
-86.5,37.9
-86.43,37.96
-86.1,37.8
-86.35,37.92
-85.93,38
-86.41,37.66
-85.75,38.25
-85.76,38.25
-85.72,38.24
-85.68,38.22
-85.7,38.26
-85.66,38.26
-85.76,38.22
-85.74,38.18
-85.79,38.23
-85.82,38.23
-85.8,38.27
-85.71,38.19
-85.79,38.16
-85.79,38.19
-85.84,38.19
-85.74,38.22
-85.66,38.19
-85.69,38.14
-85.62,38.22
-85.62,38.27
-85.54,38.26
-85.63,38.14
-85.66,38.09
-85.58,38.31
-85.59,38.28
-85.53,38.24
-85.46,38.26
-85.86,38.14
-85.9,38.1
-85.75,38.25
-85.58,38.13
-85.5,38.2
-84.769,37.755
-84,38.3
-83.9,37.8
-83.41,38.12
-83.53,37.93
-83.6,37.9
-84.6,38.3
-85,37.6
-84.9,37.8
-83.75,38.02
-83.9,37.7
-83.9,38
-84.6376,37.9435
-85,38
-83.72,37.98
-84.71,38.16
-84.15,38.3
-83.87,38.31
-83.4,38.2
-83.9,38.1
-84.6,37.9
-83.69,38.07
-84.9,38.5
-83.7,38.2
-84.2,38.2
-84.8,38.5
-84.5,38.4
-83.6,38.1
-84.9,37.9
-83.9,38.2
-83.68,37.79
-84.7,38.3
-83.8,37.8
-84.7,38
-84.1,37.7
-83.5,37.9
-84.67,37.86
-84.2,38
-83.97,37.29
-84.3,37.6
-84.2,37.6
-84.4,37.4
-84.5,37.4
-84.8,37.6
-83.937,37.394
-84.9,37.5
-84.83,37.58
-84.74,37.35
-84.6,37.7
-84.21,37.33
-84,37.4
-84.8,37.4
-84.3,37.3
-84.25,37.39
-84.41,37.6
-84.94,37.56
-84.98,37.65
-83.89,37.71
-84.3,37.8
-84.076,37.478
-84.7,37.5
-83.86,37.38
-84.7,37.4
-84.49,38.02
-84.53,38
-84.54,38.04
-84.45,38.06
-84.5,38.05
-84.5,38.05
-84.5,38.05
-84.37,37.99
-84.59,38.07
-84.5,38.1
-84.61,38.01
-84.56,37.98
-84.4,37.9
-84.37,38.08
-84.49,37.99
-84.9,38.2
-84.9,38.2
-84.2,36.9
-84.1,37.3
-83.96,36.93
-84.15,37.01
-84.03,37.02
-84.1,37.1
-84.1,37.1
-84.1,37
-84.1,36.8
-83.93,36.68
-84.2,36.7
-84.03,36.86
-83.24,36.84
-83.31,36.87
-82.9503,36.9643
-83.2,36.99
-83.3,36.9
-83.6,36.71
-83.21,36.77
-83.33,37.01
-83.25,36.81
-83.47,36.82
-83.15,36.79
-83,37
-83.39,36.87
-82.78,37.05
-83.47,37.04
-83.1,36.9
-83.302,36.807
-83.34,36.77
-83.3,36.8
-83.4,36.94
-82.93,36.89
-83.37,37.09
-83.54,36.74
-83.16,36.85
-83.18,36.93
-83.349,36.851
-82.91,36.965
-83.7,36.7
-83.41,37.01
-82.88,37.02
-83.45,36.75
-83.22,36.89
-83.42,37.09
-83.17,36.93
-83.42,36.8
-83.46,36.97
-83.63,36.84
-83.83,36.83
-83.9,36.8
-83.55,36.92
-83.6,37.1
-83.82,36.89
-83.89,36.75
-83.85,36.93
-83.01,36.89
-83.7,36.9
-83.73,36.81
-83.9,36.65
-83.7,37.1
-83.86,36.96
-83.89,37.01
-83.87,36.9
-83.838,36.94
-83.61,36.78
-83.7,37.1
-83.334,36.783
-83.7,36.6
-83.6,37.3
-83.7,36.8
-83.49,37
-83.71,36.92
-83.74,37.35
-83.52,36.85
-83.814,36.773
-83.68,36.87
-84.4,38.9
-83.99,38.72
-84.4,38.5
-84.1,38.7
-84.8,39
-84.33,38.78
-84.32,38.91
-85.1,38.6
-84.6,38.5
-84.53,39.06
-84.51,39.07
-84.5,39
-84.55,39.08
-84.56,39.02
-84.61,39.02
-84.58,38.79
-84.3,38.4
-84.45,38.75
-83.9,38.71
-84.6,38.7
-83.9,38.4
-84.3,38.7
-83.7,38.4
-84.65,38.99
-84.2,38.8
-83.97,38.63
-85.04,38.73
-84.82,38.7
-84.7,39.1
-83.6,38.3
-84.56,38.93
-84.77,38.67
-83.9,38.5
-83.8,38.6
-84.35,39
-83.8,38.6
-84.49,38.85
-84.1,38.5
-84.48,39.06
-84.48,39.1
-84.46,39.11
-84.45,39.08
-84.44,39.01
-84.84,39.05
-85,38.7
-84.39,39.04
-84.9,38.7
-84.7,38.9
-84.7,38.81
-83.6,38.4
-84.6,38.9
-84.9,38.8
-84.6,38.6
-84.99,38.61
-84.463,39.031
-82.66,38.48
-82.73,38.42
-82.83,38.45
-82.8,38
-82.6,38.3
-82.83,38.25
-83.29,38.36
-82.73,38.51
-83.1,38.5
-83.2,38.3
-83,38.3
-82.9,38.5
-82.85,38.28
-83.03,38.07
-82.96,38.01
-83.2,38.3
-83.09,38.64
-82.77,38.31
-82.72,38.52
-83.1,38.1
-83.01,38.68
-83,38.6
-83.4,38.5
-82.83,38.13
-82.74,38.55
-83.56,38.54
-82.76,38.05
-82.44,37.86
-82.68,37.82
-82.59,37.76
-82.81,37.74
-82.9,37.93
-82.85,37.77
-82.5,37.8
-82.95,37.97
-82.7,38.1
-82.39,37.82
-82.73,37.93
-82.74,37.79
-82.93,37.83
-82.8,37.8
-82.4,37.7
-82.72,37.89
-82.84,37.9
-82.89,37.83
-82.78,37.92
-82.75,37.83
-82.62,37.83
-82.75,37.87
-82.69,37.94
-82.71,37.75
-82.45,37.88
-82.78,37.783
-82.7,37.82
-82.82,37.87
-83.4,37.7
-83.7,37.6
-83.6,37.5
-83.19,37.46
-83.4,37.8
-83.3,37.5
-83.29,37.42
-83.36,37.81
-83.64,37.77
-83.69,37.73
-83.21,37.62
-83.23,37.41
-83.3,37.7
-83.35,37.42
-83.7,37.67
-83.3,37.79
-83.11,37.97
-83.41,37.88
-82.95,37.64
-83.1,37.7
-83.2,37.9
-82.5,37.5
-82.29,37.67
-82.48,37.25
-82.34,37.37
-82.3,37.7
-82.6,37.189
-82.32,37.59
-82.4,37.3
-82.23,37.41
-82.5,37.5
-82.29,37.63
-82.14,37.55
-82.23,37.59
-82.49,37.28
-82.28,37.6
-82.6,37.2
-82.589,37.317
-82.32,37.5
-82.3,37.39
-82.28,37.56
-82.17,37.6
-82.1,37.54
-82.24,37.37
-82.17,37.48
-82.32,37.44
-82.26,37.54
-82.41,37.48
-82.21,37.54
-82.38,37.39
-82.58,37.4
-82.48,37.38
-82.54,37.23
-82.37,37.6
-82.19,37.4
-82.29,37.57
-82.04,37.5
-82.44,37.62
-82.7,37.3
-82.73,37.61
-82.76,37.74
-82.69,37.56
-82.67,37.39
-82.63,37.56
-82.73,37.34
-82.85,37.63
-82.71,37.36
-82.68,37.55
-82.87,37.59
-82.74,37.48
-82.727,37.624
-82.81,37.51
-82.85,37.46
-82.67,37.47
-82.93,37.54
-82.63,37.47
-82.73,37.4
-83,37.5
-82.65,37.59
-82.84,37.45
-82.8,37.52
-82.72,37.43
-82.78,37.57
-82.68,37.35
-82.8,37.7
-82.72,37.5
-82.63,37.58
-82.65,37.41
-82.66,37.57
-82.8,37.44
-82.69,37.32
-82.72,37.33
-83.2,37.3
-83.16,37.36
-83.2,37.3
-83.5,37.18
-83.26,37.29
-83.49,37.31
-83.1,37.4
-83.31,37.25
-83.03,37.31
-83.32,37.36
-83.212,37.268
-83.06,37.11
-83.1,37.02
-83.1,37.4
-83.05,37.36
-83.41,37.33
-83.1,37.22
-83.4,37.2
-83.13,37.21
-83.4,37.3
-83.03,37.22
-83.08,37.2
-83.49,37.23
-83.14,37.05
-83.25,37.12
-83.46,37.19
-83.05,37.42
-83.02,37.23
-83.1,37.1
-83.36,37.1
-83.27,37.14
-83.2,37.1
-82.99,37.15
-82.8,37.1
-82.74,37.25
-82.79,37.16
-82.9,37.36
-83,37
-83.01,37.07
-82.97,37.33
-82.9,37.2
-82.71,37.23
-82.93,37.17
-82.77,37.3
-82.95,37.4
-82.94,37.15
-82.99,37.04
-82.96,37.26
-82.66,37.22
-82.9,37.26
-82.76,37.11
-82.75,37.2
-82.87,37.42
-82.72,37.18
-82.85,37.28
-82.87,37.34
-82.9,37.16
-82.94,37.21
-82.964,37.117
-82.731,37.18
-82.79,37.19
-82.9,37.1
-82.8,37.4
-82.82,37.41
-82.79,37.34
-88.6,37.1
-88.6,37
-88.28,36.7
-89,36.8
-88.945,37.145
-89,36.9
-89.1,37.1
-88.3,36.9
-88.64,36.91
-88.33,37.24
-88.39,37.01
-89,36.7
-89.14,36.72
-88.85,36.91
-88.24,36.73
-88.184,37.16
-88,37
-88.8,36.8
-88.5,36.6
-88.8,36.6
-88.27,36.97
-88.3,37.1
-88.4,37.31
-88.2,36.8
-88.3,36.5
-89.3,36.6
-88.6,36.9
-88.9,37.1
-88.43,36.72
-88.1,37
-89,37.1
-88.49,37.06
-88.829,36.97
-88.75,36.91
-88.1,37.3
-88.6,36.7
-88.76,36.91
-88.3,36.6
-88.11,36.56
-88.3,37.3
-88.57,36.57
-88.4,37.2
-88.5,36.91
-88.3,37.1
-88.1,37.3
-88.79,36.58
-88.8,37.1
-89,37
-88.8,36.6
-86.5,37
-86.5,37
-86.3,36.9
-86.5,36.9
-86.3,36.7
-86.35,36.86
-85.99,36.82
-85.66,36.874
-85.9,37.1
-85.6,37
-85.78,36.92
-86,36.7
-86.6,36.7
-85.83,36.67
-85.9,36.9
-85.56,36.65
-86.02,36.68
-85.73,37.05
-86.05,36.85
-85.82,36.78
-86.2,37
-86.1,37.1
-86.14,37.08
-86.2,36.8
-85.7,36.9
-85.7,36.7
-86.6,36.9
-86.2,37
-86.9,36.7
-87.07,36.71
-86.7,36.9
-86.28,37.3
-86.3,37.2
-87.9,36.8
-85.7,37.13
-87.69,37.01
-87.5,37
-87.2,36.9
-87.52,36.64
-87.7,36.9
-87.19,36.72
-87.6,36.7
-87.5,36.9
-87.67,36.67
-86.9,37
-86.2,37.2
-86.7,37.2
-87.44,36.69
-87,36.7
-87.4,36.8
-86.85,37.2
-86.59,36.96
-86.45,37.22
-86.9,36.9
-87.11,36.96
-86.29,37.27
-87.3,36.7
-87.3,37.8
-87,37.8
-86.9,37.4
-87.06,37.18
-87.3,37.6
-87.04,37.18
-87,37.14
-87.29,37.33
-87.02,37.22
-87.3,37.6
-87,37.4
-87.1,37.3
-87.094,37.253
-86.76,37.38
-87,37.2
-86.75,37.56
-86.96,37.12
-86.7,37.6
-87.3,37.26
-87.2,37.2
-86.9,37.5
-86.8,37.8
-86.7,37.4
-87.19,37.45
-86.9,37.9
-87.08,37.51
-86.94,37.38
-86.98,37.86
-87.3,37.8
-86.7,37.5
-86.9,37.7
-87.16,37.24
-86.74,37.71
-87.01,37.35
-86.741,37.449
-87.27,37.5
-87.28,37.4
-87.1,37.3
-87.1,37.6
-86.9,37.7
-87.8,37.5
-87.8,37.8
-87.7,37.2
-87.7,37.5
-87.52,37.28
-88,37.2
-87.45,37.45
-87.5,37.8
-87.5,37.3
-87.57,37.42
-87.9,37.7
-87.5,37.3
-87.7,37.4
-87.49,37.17
-87.9,37.2
-87.8,37.4
-87.4,37.87
-87.5,37.7
-87.61,37.16
-87.5,37.6
-87.5,37.5
-87.42,37.86
-88,37.6
-87.9,37.8
-87.8,37.8
-87.862,37.489
-87.4,37.2
-84.5,37.1
-84.6,37.1
-84.79,37.22
-84.6,36.9
-84.5,36.9
-85,37.2
-84.59,37.07
-85,37.3
-84.8,37.37
-84.8,37
-84.7,37.2
-84.88,37.15
-84.77,37.28
-84.6,37.3
-85.1,36.8
-85.009,36.767
-85.1,36.9
-84.5,36.8
-84.8,36.8
-84.4,36.9
-84.39,36.68
-84.472,36.691
-85.1,37.1
-84.6,36.7
-84.4,36.6
-84.5,36.8
-85.9,37.7
-86.2,37.6
-85.88,37.37
-85.39,36.95
-85.65,37.46
-85.4,36.8
-85.4,37.4
-86.5,37.4
-85.72,37.27
-86.1,37.7
-86.1,37.4
-85.3,37.1
-86.11,37.31
-85.56,36.87
-86.1,37.6
-85.2,37.3
-85.94,37.59
-85.26,36.98
-85.5,37.3
-85.72,37.22
-85.7,37.6
-85.9,37.2
-85.17,37.23
-86.3,37.5
-85.7,37.4
-85.1966,37.372
-86.4,37.43
-85.62,37.44
-85.9,37.3
-85.9,37.5
-85.63,37.36
-85.9,37.5
-86.04,37.53
-90.16,29.98
-90.16,30.01
-90.21,30
-90.13,30
-90.19,30.01
-90.5,29.9
-90.3,29.94
-89.99,29.97
-90.15,29.7
-89.9,29.7
-89.421,29.344
-90.39,29.89
-89.7,29.6
-89.5,29.4
-89.95,29.96
-90.36,30.01
-90.58,30
-89.597,29.387
-90.62,30.06
-90.72,30.1
-90.05,29.91
-90.03,29.89
-90.46,29.97
-90.06,29.87
-90.25,29.99
-90.23,30.03
-90.1,29.6
-90.5,30.1
-90.3,29.8
-90.7,30.05
-90.15,29.83
-89.92,29.93
-90.65,30.06
-90.42,30
-90.43,29.88
-89.77,29.56
-89.8,29.5
-90.57,30.06
-89.4,29.9
-90.88,30.03
-90.32,29.97
-90.7,30
-89.4,29.3
-89.88,29.93
-90.2,29.92
-90.08,29.96
-90.08,29.94
-90.03,29.93
-90.1,29.93
-90.07,29.97
-90.03,29.97
-90.12,29.95
-90.09,29.97
-90.16,29.96
-90.07,30.01
-90.21,29.95
-90.1,30
-90.1,29.95
-89.97,30.06
-89.97,30.03
-89.92,30.09
-89.8,30.1
-90.1,29.94
-89.96,29.91
-90.7,29.8
-91.3,29.9
-91.2,29.8
-91.06,30.03
-91.24,29.69
-90.59,29.55
-90.6,29.3
-90.3,29.5
-91.01,30.13
-90.949,29.696
-90.7,29.36
-90.25,29.42
-90.4,29.7
-91,29.6
-90.2,29.3
-90,29.4
-90.73,29.7
-90.8,29.61
-90.7,29.5
-90.68,29.63
-90.98,29.83
-90.4,29.5
-90.49,29.62
-90.53,29.7
-90.5,29.4
-91.1,29.7
-91,29.9
-91,29.9
-91.3,29.6
-91.024,29.995
-90.6,29.7
-90.87,29.7
-90.9,29.3
-90.5,30.5
-90.471,30.513
-90.5,30.5
-90,30.5
-90.5,30.7
-89.9,30.9
-89.9,30.8
-90,30.6
-90.1,30.48
-90.1,30.6
-90.54,30.82
-90.2,30.6
-90.1,30.8
-90.7,30.9
-90.34,30.7
-90.5,30.6
-90.5,30.9
-89.9,30.3
-90.4,30.6
-90.19,30.42
-90.04,30.37
-90.7,30.2
-90.27,30.92
-90.49,30.56
-89.7,30.5
-90.77,30.7
-90.4,30.4
-90.32,30.52
-90.51,30.79
-89.8,30.27
-89.83,30.33
-89.7,30.3
-90.6,30.4
-89.9,30.8
-90,30.5
-90.51,30.875
-90.49,30.56
-90.1,30.4
-91.99,30.24
-92.06,30.17
-92.08,30.19
-92.03,30.28
-92.03,30.16
-92.3,29.9
-91.9,30.4
-91.907,29.909
-91.57,29.86
-92.6,30.4
-92.3,30.37
-91.8,30.3
-91.92,30.12
-91.6,30.3
-92.04,30.34
-91.525,29.883
-92.323,30.572
-92.2,30.4
-92.4,30.2
-91.99,29.94
-92.18,30.19
-92.52,30.23
-92.7,30.5
-92,29.9
-92.5,30.1
-92.4,30.5
-92.57,30.26
-91.7,29.7
-92.05,30.42
-92.6,30
-92.5,30.3
-91.5,29.9
-92.7,30.3
-92.3,29.8
-92.8,30.1
-92.184,30.518
-91.68,30.06
-92.5,30.7
-92.15,30.08
-92.58,30.19
-92.077,30.104
-92.5,30.1
-91.9,29.9
-91.7,30
-92.1,30.5
-92.159,29.949
-92.423,30.782
-91.9,30.6
-92.3,30.2
-92.5,30.6
-92.73,30.26
-91.6,30.2
-92.12,30.25
-92.1,30.39
-92.4,30.8
-92.4,30.7
-92,30.7
-92.8,30.2
-92.01,30.08
-93.23,30.24
-93.27,30.13
-93.2,30
-93.2,30.3
-93.11,30.25
-93,30
-93.5,29.9
-92.9,29.8
-93.4,30.4
-93.2,30.8
-93,30.7
-92.8,30.87
-93.5,31
-92.916,30.363
-92.9,29.8
-92.94,30.806
-93.6,29.9
-92.93,30.11
-93,30.3
-92.9,30.5
-92.924,30.239
-92.93,30.51
-93.2,30.6
-93.6,30.7
-92.8,30.7
-92.7,30.6
-92.9,30.9
-93.2,30.5
-93.01,30.52
-93.283,30.924
-93.5,30.6
-93.6,30.4
-92.99,30.8
-93.4,30.3
-93.5,30.1
-93.6,30.2
-93.26,30.25
-90.9,30.6
-91.28,30.35
-90.61,30.52
-91.5928,30.9585
-91.13,30.59
-91.7,30.8
-91.27,30.38
-91.1,30.21
-90.9,30.8
-90.85,30.05
-90.97,30.14
-90.9,30.4
-91.34,30.59
-91.12,30.82
-91.7,30.6
-90.8,30.31
-91.01,30.2
-91.34,30.63
-90.94,30.22
-91,30.6
-91.4,30.3
-90.77,30.03
-90.6,30.5
-91.7,30.8
-91.2,30.8
-91.41,30.65
-91.8,30.5
-91.4,30.58
-91.72,30.96
-90.8,30.4
-91.54,30.6
-91.61,30.54
-91.6,30.4
-91.6,30.8
-91.5,30.7
-91,31
-91.47,30.59
-90.79,30.07
-91.4,30.2
-91.3,30.5
-90.9,30.3
-90.99,30.64
-91.45,30.45
-91.36,30.61
-90.79,30.24
-91.4,30.9
-91.08,30.27
-91.1,30.7
-90.8,30.2
-91.17,30.28
-91.553,30.928
-91.4,30.69
-90.8,30.5
-91.5,30.9
-91.2,30.1
-91.06,30.92
-91.1,30.6
-91.188,30.449
-91.18,30.43
-91.19,30.41
-91.15,30.49
-91.12,30.45
-91.21,30.55
-91.16,30.43
-91.06,30.39
-91.07,30.35
-91.11,30.53
-91.11,30.5
-91.07,30.49
-91.07,30.45
-91.02,30.43
-90.97,30.38
-91.06,30.55
-91.01,30.47
-91.18,30.39
-92.9,32.6
-93,32.6
-93.86,32.76
-93.6,32.7
-94,32.38
-92.9,32.3
-93.1,32.3
-93.5,32.8
-93.4,32
-93.44,32.93
-93.4,32.48
-93.2,32.5
-93.7,32.3
-93.1,32.5
-93.82,32.85
-93.79,32.19
-92.9,32
-93.8,32.1
-93.98,32.43
-93.31,32.174
-93.5,32.6
-93,32.9
-93.29,32.43
-93,32.8
-93.88,32.89
-93.89,32.96
-93.17,32.33
-93.9,32.2
-93.9,32.3
-92.85,32.84
-94,32
-93.5,32.3
-93.7,32
-93.3,32.7
-94,32.6
-93.98,32.77
-93.5,31.9
-93.7,32.9
-93.52,31.79
-93.5,32.6
-93.3,32.3
-93.97,32.97
-93,32.1
-93.45,32.92
-93.3,32.9
-93.32,32.53
-93.46,32.98
-93.8,32.28
-92.83,32.93
-93.9,32.8
-93.74,32.51
-93.78,32.49
-93.73,32.49
-93.71,32.45
-93.73,32.39
-93.9,32.6
-93.76,32.46
-93.79,32.49
-93.68,32.5
-93.69,32.58
-93.64,32.46
-93.7,32.4
-93.81,32.39
-93.9,32.5
-93.9,32.4
-92.11,32.53
-92,32.4
-92,32.6
-92.074,32.53
-91.69,32.32
-91.9,32.8
-92.7,32.8
-91.68,32.9
-92.33,32.49
-92.4,32.3
-92.5,32.5
-91.9,32.6
-91.5,32.4
-90.91,32.34
-92.3,32.6
-92.7,32.7
-91.5,32.6
-92.4,32.4
-92.3,32.8
-91.81,31.97
-92.71,32.52
-92.73,32.27
-91.6,32.9
-92.7,32.2
-91.4,32.9
-91.2,32.8
-92.7,32.95
-91.9,32.3
-92.3,32.9
-91.7,32.8
-91.4,32.9
-91.8,32.6
-91.5,32.7
-92.7,32.4
-91.8,32.5
-92.6,32.5
-92.6,32.5
-92.8,32.5
-91.2,32.6
-92.6,32.9
-91.8,32.4
-92.09,32.72
-91.2,32.3
-91.2,32.7
-92.2,32.6
-92.2,32.4
-91.7,32.1
-92.47,31.26
-92.4,31.2
-92.53,31.28
-91.78,31.26
-92.2,30.9
-92.21,31.26
-92.31,31.04
-91.6,31.8
-92.05,30.96
-92.2,31.4
-92.1,31.3
-92.06,30.91
-91.5,31.7
-91.6,32
-91.936,31.028
-91.9,31.8
-92.17,31.06
-92.2,31.6
-91.9,31.5
-91.973,30.728
-92.4,31.1
-92.05,31.07
-92,31.2
-91.8,30.7
-91.7,31.2
-91.8,31.1
-92.04,30.83
-91.3,32
-91.9,30.7
-92.4,31.3
-92,30.9
-91.4,31.9
-92.3,30.9
-91.67,31.9
-91.9,30.9
-92.3,31.7
-91.5,31.3
-91.42,31.81
-91.9,31.5
-91.71,31.95
-91.98,31.77
-93.4,31.2
-92.7,31.8
-92.41,31.41
-93.52,31.73
-92.49,31.51
-92.7,31.3
-92.768,31.967
-93.1,31.9
-93.1,31.7
-92.9,31.5
-92.6,31.5
-92.1,32.1
-93.7,31.8
-92.6,32.1
-92.6,31.6
-92.67,31.18
-91.9,31.9
-93.47,31.49
-92.89,31.38
-93.4,31.4
-92.5,31.1
-92.5,31.7
-92.6,31
-92.2,32.1
-92.8,31.1
-93.36,31.34
-92.2,32
-93.2,31.1
-92.8,31.4
-93.5,31.5
-93.4,31.8
-92.97,31.62
-92.9,31.7
-92.94,31.38
-92.97,31.61
-93.1,31.7
-93.19,31.08
-93.28,31.11
-93.71,31.65
-92.7,30.8
-92.2,31.9
-92.75,31.22
-92.4,31.6
-93.1,31.5
-93.2,31.7
-92.79,31.2
-92.4,32
-93.2,31.1
-92.36,31.85
-92.3,31.87
-92.7,31.9
-92.54,31.16
-93.6,31.6
-70.84,43.31
-70.64,43.22
-70.78,43.15
-70.73,43.11
-70.69,43.09
-70.8,43.3
-70.62,43.25
-70.74,43.24
-70.67,43.16
-70.608,43.172
-70.645,43.136
-70.9,43.5
-70.7,43.5
-70,43.73
-70.5,43.5
-70.344,43.445
-69.87,44.03
-70.8,44
-70.91,43.94
-70,43.9
-70.51,43.97
-70.13,43.73
-70.09,43.71
-70.81,43.76
-70.27,43.8
-70.81,43.98
-70.67,43.83
-70.9,43.4
-70.68,43.9
-70.7,43.59
-70.1,43.86
-70.9,44.1
-70.5,43.7
-70.33,43.89
-70.7,44.1
-70.82,43.87
-70.62,43.63
-70.6,43.4
-70.5,43.4
-70.91,43.74
-70.78,43.69
-70.7,43.7
-70.15,43.69
-70.9,44.2
-70.62,43.97
-70.9,43.63
-70.8,44
-70.74,43.64
-70.4,43.8
-70.387,43.5
-70.39,43.53
-69.97,43.77
-70.94,43.84
-70.18,43.89
-70.5,43.9
-70.5,43.5
-70.7,43.4
-70.4,43.6
-70.8,43.5
-70,43.8
-70.82,43.47
-70.6,43.8
-70.62,43.78
-69.97,43.96
-70.74,43.57
-70.7,44.2
-70.63,43.32
-70.75,43.84
-70.35,43.7
-70.5,43.6
-70.9,43.64
-70.16,43.79
-70.24,43.85
-70.26,43.66
-70.3,43.66
-70.29,43.69
-70.27,43.75
-70.3,43.63
-70.24,43.59
-70.19,43.66
-70.2,43.66
-70.2,43.76
-70.2,44.1
-70.9,44.9
-70.8,44.4
-70.6,44.4
-70.4,44.3
-70.3,44.5
-70.13,43.96
-70.4,44.6
-70.72,44.63
-70.4,44.6
-70.144,44.413
-70.89,44.26
-70.22,44.63
-70.14,44.19
-70.74,44.5
-70.38,44.2
-70.22,44.52
-70.2,44.1
-70.12,44.03
-70.06,44.03
-70.22,44.41
-70.15,44.43
-70.67,44.34
-70.41,44.11
-70.52,44.57
-70.35,44.15
-70.01,44.22
-70.3,44
-70.9,44.6
-70.1,44.3
-70.03,44.28
-70.7,44.2
-70.6,44.2
-70.5,44.1
-70.48,44.24
-70.39,44.05
-70.6,44.7
-70.6,44.5
-70.1,44.1
-70.49,44.24
-70.3,44.3
-70.07,44.34
-70.6,44.7
-70.8,44.4
-69.97,44.06
-70.53,44.33
-70.5,44.5
-70.5,44.4
-70.254,44.657
-69.7,44.4
-69.74,44.08
-70,44.3
-69.82,44.26
-69.8,44.2
-69.75,44.24
-69.82,44.29
-69.5,44.2
-70.07,44.44
-69.94,44.17
-69.9,44.3
-69.96,44.47
-69.6,44.2
-69.4,44.4
-69.95,44.38
-69.83,44.1
-69.5,44.4
-69.8,44.2
-70,44.55
-69.58,44.31
-69.96,44.31
-68.8,44.9
-69.6,45.2
-68.2,45
-68.91,45.09
-68.57,44.88
-68.74,44.78
-67.8,45.6
-69.1,45.4
-69.3,45.9
-68.7,44.6
-68.3,45.3
-68.5,45.1
-69.03,44.8
-68.79,44.42
-69.03,45.07
-67.9,45.6
-69.2,45.2
-69.01,44.98
-68.6,44.8
-68.6,44.7
-68.59,45.64
-68.65,44.6
-69.13,44.78
-69.14,44.96
-68.92,44.6
-69.4,46
-69.7,45.5
-69.4,45.3
-68.9,44.7
-68.7,45.3
-68.88,45
-68.93,44.92
-68.3,45.6
-68.8,45.2
-67.51,45.51
-68.29,45.37
-68.99,44.89
-68.5,45.4
-68.32,45.55
-68.5,45.61
-68.57,44.98
-68.9,45.9
-68.9,45.3
-69.5,45.29
-68.7,45
-68.668,44.902
-67.8,45.9
-68.7,44.6
-68.72,44.88
-68.78,44.71
-68.59,45.18
-68.7,44.47
-70,46
-69.31,45.13
-69.11,45.24
-69.63,45.35
-68.1,45.3
-69.11,44.88
-68.7,45
-67.7,45.5
-67.48,45.57
-67.6,45.4
-68.5,45.2
-68.3,45.5
-68.91,44.65
-68,45.7
-69.8,43.9
-69.63,44.08
-69.63,43.9
-69.63,43.85
-69.4,43.9
-69.48,43.89
-69.49,44.04
-69.59,43.84
-69.32,44
-69.74,43.82
-69.43,44.01
-69.57,44.05
-69.51,43.87
-69.48,44.11
-69.62,43.97
-69.53,43.9
-69.8,43.8
-69.25,44
-69.46,43.93
-69.56,43.88
-69.62,43.78
-69.68,43.9
-69.4,44.1
-69.56,43.95
-69.39,44.27
-69.643,43.849
-69.67,43.82
-69.7,44
-69.77,43.96
-68.4,44.7
-67.7,44.6
-68.1,44.5
-68.3,44.4
-67.6,44.5
-68.38,44.25
-68.04,44.38
-68.6,44.4
-68.57,44.29
-68.74,44.37
-67.22,45.13
-68,44.8
-67.7,44.8
-67.98,44.41
-68.26,44.2
-67.2,44.7
-68.7,44.2
-67.4,44.9
-68.491,44.447
-67.43,44.78
-67.02,44.92
-68.2,44.7
-68.35,44.11
-67.8,45.1
-68.3,44.53
-68.79,44.34
-67.82,44.58
-68.251,44.418
-68.63,44.06
-68.22,44.25
-67.59,44.67
-67.61,44.57
-68.72,44.28
-67.1,44.8
-68.34,44.24
-67.7,44.8
-67.4,44.6
-67.4,45
-67.9,44.5
-68.3,44.3
-68.26,44.27
-68.17,44.53
-67.2,45
-67.11,44.98
-67.7,45.2
-68.01,44.41
-67.17,45.06
-68.68,44.31
-68.41,44.31
-68.23,44.3
-68.64,44.35
-68.18,44.49
-68.34,44.28
-67.9,44.5
-68.66,44.16
-68.703,44.205
-68.5,44.5
-68.4,44.2
-67.636,44.985
-67.2,44.8
-68.09,44.37
-67.5,45.1
-67.9,46.1
-68.4,46.6
-68.4,45.81
-67.85,46.49
-67.85,46.42
-68,46.9
-68.6,47
-67.85,46.64
-69.2,47.4
-67.9,46.8
-68.6,47.2
-68.4,47.3
-68.11,47.27
-68.2,46
-67.9,47
-68.31,47.32
-68.2,46.7
-67.85,46.55
-67.85,46.32
-67.97,46.12
-68.12,46.98
-68.1,46.08
-68.5,46.43
-68.5,46
-68.24,46.88
-69.2,46.9
-68,46.7
-68.33,47.24
-68.2,47.3
-69,47.1
-68.2,45.9
-68.4,45.9
-68.3,47.1
-68.2,46.3
-68.63,47.15
-68.3,47.1
-67.9,47.2
-68.2,46.8
-68,46.5
-69.13,44.13
-69.1,44.23
-69.19,44.25
-68.9,44.3
-69.1,44.3
-68.9,43.9
-69.28,43.79
-68.89,44.16
-69.08,44.07
-69.256,43.928
-69.12,44.17
-69.15,44.04
-69.16,44
-69.2,43.9
-69.17,44.1
-69.3,44.3
-68.84,44.08
-69.24,44.12
-69.6,44.6
-69.44,44.52
-70,44.8
-69.7,45
-69.1,44.5
-69.8,44.5
-69.85,44.5
-69.9,45.3
-69.1,44.6
-69.39,44.69
-69.43,45.04
-69.5,44.8
-69.9,45.2
-69.54,44.48
-69.54,44.67
-69.26,44.95
-69.32,44.76
-69.3,45
-69.13,44.69
-69.22,44.86
-70.6,45.3
-69.7,44.6
-70.1,44.7
-69.16,45.06
-70.1,44.7
-69.3,44.5
-69.6,45.1
-69.53,44.88
-69.7,44.7
-70.3,45.6
-70.3,45
-69.33,44.37
-69.81,44.84
-69.04,44.61
-69.14,44.4
-69.23,44.86
-70.01,44.64
-70.11,44.8
-69.9,44.7
-69.9,44.9
-70.1,45
-69.54,44.48
-69.8,44.6
-70.772,44.966
-69.37,44.85
-70.4,44.9
-69.4,44.8
-69.22,44.77
-70.7,44.9
-69.39,44.93
-69.2,44.4
-68.92,44.5
-69.7,44.7
-69.7,44.8
-69.81,44.63
-69.79,44.94
-68.9,44.5
-70.47,45.11
-70.2,44.8
-70.3,44.7
-70.2,45.3
-69.2,44.6
-69.26,44.68
-69.35,44.6
-69.65,44.43
-70.1,44.7
-76.9,38.6
-76.9,38.59
-76.97,38.63
-76.74,38.25
-77.01,38.66
-76.71,38.58
-76.75,38.27
-76.98,38.46
-76.679,38.512
-76.8,38.7
-76.55,38.41
-77.08,38.65
-76.85,38.53
-76.79,38.28
-76.52,38.29
-76.52,38.23
-76.8,38.33
-76.8,38.5
-76.84,38.74
-76.74,38.33
-76.85,38.26
-76.76,38.22
-76.35,38.15
-76.45,38.34
-76.47,38.17
-76.95,38.43
-76.49,38.24
-76.57,38.35
-76.8,38.5
-76.6,38.61
-77.2,38.6
-76.92,38.3
-77,38.5
-76.6,38.3
-76.4,38.2
-76.45,38.39
-77.17,38.56
-76.7,38.4
-76.6,38.3
-77.2,38.43
-76.9,38.4
-76.441,38.227
-76.42,38.28
-76.5,38.13
-77.02,38.57
-76.54,38.49
-77.05,38.5
-76.59,38.51
-76.37,38.11
-76.41,38.14
-76.53,38.44
-76.4,38.2
-76.34,38.07
-76.47,38.33
-76.58,38.67
-76.53,38.16
-76.51,38.18
-77.09,38.46
-76.99,38.59
-76.79,39.12
-76.9,39.04
-76.86,38.96
-76.88,39.1
-76.81,39.04
-76.93,38.94
-76.65,38.8
-76.97,38.94
-76.54,38.71
-76.74,38.99
-76.71,38.93
-76.79,38.99
-76.79,38.92
-76.95,38.94
-76.87,39.14
-76.79,39.08
-76.54,38.66
-76.53,38.8
-76.9,38.75
-76.62,38.69
-76.91,38.96
-76.93,39
-76.94,38.99
-76.9,38.89
-76.98,38.75
-76.99,38.81
-76.91,38.84
-76.88,38.85
-76.94,38.82
-76.57,38.79
-76.65,38.73
-76.75,39.1
-76.58,38.74
-76.92,39.15
-76.88,38.81
-76.82,39.14
-76.5,38.9
-76.548,38.846
-76.81,38.98
-76.88,39
-76.8,38.8
-76.77,38.89
-76.64,38.86
-76.97,39.17
-76.56,38.84
-76.58,38.76
-76.94,38.94
-76.97,38.97
-76.97,39
-76.9,38.95
-76.89,38.92
-76.8,39.15
-77.142,38.969
-77.11,39
-77.08,38.98
-77.12,38.95
-77.16,39
-77.15,38.96
-77.08,39.15
-77.05,39.21
-77.43,39.12
-77.36,39.23
-77.41,39.18
-77.33,39.18
-77.4,39.2
-77.19,39.09
-77.12,39.08
-77.12,39.05
-77.1,39.1
-77.2,39
-77.13,39.14
-77.03,39.15
-77,39.15
-77.02,39.18
-76.92,39.11
-76.96,39.12
-77.29,39.26
-77.22,39.29
-77.29,39.15
-77.24,39.21
-77.18,39.14
-77.25,39.11
-77.18,39.17
-77.174,39.14
-77.15,39.23
-77.19,39.18
-77.08,39.03
-77.093,39.037
-77.22,39.141
-77.01,39.02
-77.04,39.04
-76.98,39.02
-76.98,39.07
-76.99,39.12
-77.06,39.09
-77.04,39
-77,38.98
-76.2,39.5
-76.14,39.49
-76.29,39.47
-76.3,39.4
-76.5,39.04
-76.48,39.51
-76.35,39.54
-76.3,39.6
-76.24,39.48
-76.23,39.57
-76.95,39.2
-76.66,39.49
-76.657,39.488
-76.61,39.03
-76.22,39.65
-76.64,38.94
-77,39.24
-76.5,38.9
-76.29,39.43
-76.9,39.28
-76.8,39.26
-76.88,39.2
-76.83,39.21
-76.84,39.17
-76.45,39.53
-76.91,39.49
-76.39,39.59
-76.45,39.47
-76.444,39.198
-76.72,39.68
-76.66,39.02
-76.43,39.07
-76.51,39.46
-76.58,39.17
-76.64,39.16
-76.815,39.473
-76.85,39.61
-76.75,39.2
-76.72,39.17
-76.7,39.16
-76.17,39.56
-76.49,39.48
-76.46,39.62
-76.35,39.45
-76.42,39.45
-76.67,39.21
-76.64,39.44
-76.8,39.7
-76.91,39.35
-76.7,39.6
-76.62,39.08
-76.59,39.57
-76.71,39.05
-76.68,39.01
-76.8,39.43
-76.7,39.6
-76.51,39.12
-76.44,39.41
-76.2,39.5
-76.57,39.5
-76.42,39.69
-76.81,39.37
-76.8,39.48
-76.59,38.95
-76.69,39.12
-76.57,39.08
-76.68,39.54
-76.71,39.42
-76.4,39.6
-76.8,39.56
-76.4,39.43
-77,39.6
-77,39.6
-76.32,39.7
-76.57,39.66
-76.4,39.39
-76.89,39.31
-76.62,39.29
-76.61,39.3
-76.63,39.4
-76.57,39.3
-76.54,39.34
-76.71,39.33
-76.72,39.38
-76.68,39.37
-76.63,39.35
-76.64,39.33
-76.62,39.37
-76.57,39.32
-76.56,39.35
-76.69,39.34
-76.67,39.31
-76.64,39.31
-76.6,39.33
-76.43,39.24
-76.4,39.34
-76.44,39.29
-76.5,39.26
-76.65,39.28
-76.53,39.28
-76.61,39.23
-76.56,39.2
-76.67,39.24
-76.75,39.27
-76.69,39.28
-76.62,39.26
-76.59,39.29
-76.53,39.39
-76.49,39.39
-76.49,39.34
-76.59,39.37
-76.78,39.33
-76.715,39.253
-76.584,39.346
-76.605,39.3931
-76.57,39.41
-76.54,38.99
-76.488,38.985
-76.49,38.94
-76.55,39.03
-76.45,39.02
-78.8,39.6
-79.3,39.6
-79.05,39.54
-79.24,39.6
-79.09,39.48
-78.8,39.6
-78.79,39.72
-78.5,39.7
-79.4,39.6
-79,39.6
-79.2,39.6
-79.21,39.4
-79,39.6
-79.061,39.476
-79.36,39.55
-78.9,39.6
-78.9,39.6
-78.86,39.69
-79.4,39.4
-78.6,39.6
-78.93,39.51
-79.2,39.5
-79.03,39.49
-76,38.8
-75.86,39.14
-76.08,39.36
-76.27,38.74
-76.1,38.6
-76,39.1
-76.28,38.94
-76.1,39.2
-76.2,38.4
-75.96,39.13
-76.279,38.837
-75.99,38.87
-76.08,38.33
-76.2,38.3
-75.92,39.23
-75.8,38.8
-75.94,38.59
-75.8,38.7
-76.18,38.29
-75.83,39.32
-75.81,39.02
-76.21,38.94
-75.8,38.96
-75.82,39.07
-75.8,38.9
-75.87,38.64
-75.87,39.11
-75.97,39.32
-76.29,38.8
-76.24,38.49
-75.78,39.14
-75.81,39.32
-75.9,39.3
-76.285,38.725
-76.175,38.754
-76.12,38.69
-75.93,38.75
-75.99,38.96
-76.1,38.9
-75.8,38.6
-75.89,38.96
-76.2,39.1
-76.21,38.72
-76.23,38.8
-75.948,38.608
-76.34,38.75
-76.3,38.9
-76.06,39.34
-75.9,39.2
-76.29,38.46
-76.33,38.7
-76.07,38.27
-76.1,38.7
-76.08,38.29
-76.31,38.79
-76.19,38.49
-76.1,39.31
-76.09,38.92
-77.34,39.46
-77.5,39.5
-77.46,39.36
-77.38,39.34
-77.34,39.46
-77.45,39.29
-78.02,39.66
-77.68,39.51
-77.502,39.42
-77.62,39.32
-77.426,39.337
-77.628,39.391
-77.49,39.7
-77.9,39.7
-77,39.34
-77.34,39.68
-77.76,39.54
-77.7,39.6
-77.01,39.26
-77.03,39.29
-77.7,39.6
-77.65,39.66
-77.7,39.6
-78.2,39.7
-77.31,39.34
-77.56,39.35
-77.7,39.45
-77.25,39.6
-77.66,39.36
-77.246,39.485
-78.4,39.6
-77.748,39.699
-77.57,39.44
-77.25,39.35
-77.2,39.4
-77.56,39.54
-77.29,39.4
-77.1,39.52
-77.53,39.28
-77.33,39.61
-77.66,39.43
-77.47,39.68
-77.76,39.55
-77.8,39.4
-77.56,39.65
-77,39.4
-77.2,39.7
-77.4,39.6
-77.5,39.27
-77.2,39.5
-77.34,39.49
-76.97,39.3
-77.82,39.59
-77.1,39.3
-77.29,39.54
-75.64,38.38
-75.5,38.3
-75.53,38.35
-75.7,38.3
-75.2,38.3
-75.2,38.4
-75.89,38.29
-75.85,37.98
-75.92,38.16
-75.6,38.3
-76.04,37.98
-75.62,38.32
-75.39,38.1
-75.7,38.4
-75.95,38.54
-75.8,38.5
-75.7,38
-75.89,38.26
-75.3,38.25
-75.2,38.2
-75.5,38.4
-75.4,38.4
-75.5,38.1
-75.7,38.2
-75.8,38.32
-75.71,38.55
-75.23,38.4
-75.4,38.2
-75.4,38.04
-75.85,38.29
-76,38
-75.786,38.103
-75.9,38.4
-75.7,38.1
-75.29,38.41
-75.36,38.38
-75.6,38.4
-75.707,38.121
-76,39.6
-76.073,39.554
-76.04,39.58
-76.07,39.63
-76.1,39.7
-75.83,39.43
-75.868,39.406
-75.98,39.57
-75.85,39.5
-75.9,39.6
-76.1,39.67
-76.17,39.68
-75.95,39.42
-75.9,39.6
-75.9,39.6
-75.9,39.4
-72.63,42.07
-72.52,42.38
-72.53,42.39
-72.12,42.42
-72.4,42.3
-73,42.2
-72.31,42.19
-72.2,42.15
-73,42.3
-72.84,42.39
-72.6,42.16
-72.56,42.18
-72.56,42.2
-72.93,42.48
-72.7,42.3
-72.5,42.06
-73.09,42.2
-72.68,42.07
-72.17,42.34
-72.83,42.45
-72.5,42.26
-73,42.1
-72.59,42.36
-72.42,42.07
-72.19,42.38
-72.61,42.39
-72.7,42.37
-72.64,42.22
-72.9,42.3
-72.71,42.35
-72.49,42.47
-72.46,42.19
-72.33,42.1
-72.63,42.33
-72.69,42.33
-72.638,42.318
-72.61,42.39
-72.05,42.35
-72.31,42.19
-72.93,42.52
-72.85,42.17
-72.42,42.46
-72.74,42.23
-72.11,42.42
-72.58,42.26
-72.77,42.05
-72.31,42.19
-72.37,42.18
-72.23,42.06
-72.3,42.3
-72.18,42.22
-72.87,42.37
-72.8,42.2
-72.8,42.2
-72.65,42.39
-72.64,42.12
-72.25,42.21
-72.62,42.46
-72.142,42.35
-72.43,42.13
-72.8,42.4
-72.85,42.17
-72.95,42.4
-72.591,42.103
-72.57,42.13
-72.58,42.1
-72.57,42.05
-72.6,42.12
-72.56,42.08
-72.55,42.12
-72.52,42.1
-72.51,42.12
-72.49,42.1
-72.49,42.12
-72.51,42.15
-73.3,42.5
-73.13,42.63
-73.32,42.06
-73.1,42.3
-73.193,42.516
-73.15,42.56
-73.15,42.48
-73.33,42.3
-73.3,42.2
-73.1,42.4
-73.37,42.28
-73.23,42.56
-73.22,42.3
-73.28,42.37
-73.27,42.37
-73,42.35
-73.3,42.2
-73.23,42.19
-73.1,42.7
-73.1,42.2
-73.37,42.38
-73.12,42.11
-73.02,42.6
-73.37,42.1
-73.46,42.1
-73.24,42.08
-73.2,42.3
-73.31,42.29
-73.21,42.23
-73.37,42.29
-73.3,42.6
-73.05,42.51
-72.59,42.63
-72.81,42.53
-72.2,42.6
-72.58,42.69
-72.8,42.58
-72.9,42.6
-72.7,42.7
-72.7,42.51
-72.62,42.54
-72.99,42.67
-72.43,42.61
-72.83,42.65
-72.48,42.57
-72.49,42.57
-72.95,42.72
-72.51,42.55
-72.51,42.64
-72.3,42.4
-72.45,42.67
-72.3,42.6
-72.2,42.5
-72.92,42.7
-72.19,42.67
-72.8,42.6
-72.61,42.47
-72.55,42.47
-72.54,42.59
-72.34,42.67
-72.41,42.55
-71.81,42.59
-71.92,42.65
-71.84,42.67
-71.57,42.56
-71.61,42.54
-72.09,42.6
-72.07,42.54
-71.99,42.59
-71.58,42.62
-71.58,42.5
-72.01,42.48
-71.77,42.52
-71.49,42.54
-71.72,42.59
-71.59,42.67
-71.64,42.58
-71.6178,42.4921
-72.07,42.54
-71.7,42.66
-71.91,42.56
-71.75,42.67
-72.05,42.66
-71.85,42.2
-71.63,42.38
-71.53,42.04
-71.72,42.35
-72.1,42.2
-71.97,42.13
-71.69,42.41
-72.05,42.21
-71.75,42.05
-72.11,42.11
-71.68,42.2
-71.86,42.34
-72.17,42.06
-71.87,42.39
-71.67,42.47
-71.92,42.24
-71.66,42.12
-71.78,42.19
-71.58,42.04
-72.13,42.32
-71.63,42.32
-71.64,42.14
-72.08,42.27
-71.69,42.23
-71.89,42.17
-71.85,42.12
-71.89,42.46
-71.91,42.2
-71.97,42.38
-71.71,42.29
-72.04,42.07
-71.68,42.18
-71.6868,42.443
-71.99,42.25
-71.78,42.44
-72.08,42.1
-71.6,42.18
-71.64,42.06
-71.85,42.06
-71.94,42.06
-71.61,42.27
-71.78,42.36
-72.18,42.23
-71.66,42.13
-71.76,42.14
-71.85,42.27
-71.84,42.25
-71.76,42.25
-71.8,42.29
-71.8,42.31
-71.79,42.23
-71.8,42.26
-71.83,42.28
-71.81,42.25
-71.88,42.25
-71.93,42.32
-71.43,42.32
-71.44,42.28
-71.429,42.52
-71.52,42.49
-71.44,42.49
-71.47,42.26
-71.28,42.5
-71.28,42.46
-71.6,42.44
-71.35,42.53
-71.36,42.46
-71.5,42.292
-71.44,42.2
-71.54,42.13
-71.53,42.23
-71.54,42.39
-71.55,42.35
-71.45,42.43
-71.54,42.1
-71.52,42.15
-71.35,42.28
-71.37,42.23
-71.54,42.3
-71.32,42.43
-71.51,42.43
-71.42,42.39
-71.36,42.36
-71.16,42.49
-71.2,42.51
-71.17,42.65
-71.26,42.55
-71.35,42.59
-71.31,42.69
-71.5,42.67
-71.06,42.8
-71.13,42.79
-70.98,42.72
-71.01,42.75
-71.09,42.75
-71.16,42.71
-71.16,42.71
-71.16,42.69
-71.19,42.73
-71.08,42.67
-71.3,42.66
-71.34,42.62
-71.3,42.63
-71.35,42.65
-71.01,42.84
-71.29,42.57
-71.39,42.63
-71.08,42.58
-71.1,42.53
-71.23,42.61
-71.43,42.66
-71.07,42.5
-71.44,42.59
-71.17,42.57
-71.15,42.45
-70.946,42.462
-70.94,42.47
-70.97,42.49
-70.97,42.47
-71.01,42.47
-70.91,42.48
-70.92,42.44
-70.95,42.85
-70.86,42.57
-71.03,42.68
-70.92,42.76
-70.96,42.58
-70.78,42.64
-70.69,42.63
-70.95,42.58
-70.8,42.7
-71.03,42.54
-70.76,42.58
-70.84,42.51
-71.01,42.6
-70.87,42.81
-70.85,42.76
-70.86,42.85
-70.97,42.53
-70.61,42.66
-70.89,42.72
-70.91,42.52
-70.86,42.63
-70.94,42.64
-70.87,42.6
-70.97,42.79
-71.47,42.08
-71.12,42.18
-70.82,42.23
-71.18,42.25
-71.29,42.24
-71.22,42.15
-71.23,42.06
-71.41,42.09
-70.88,42.22
-70.89,42.31
-70.691,42.136
-71.22,42.02
-70.7,42.1
-71.31,42.18
-71.43,42.16
-71.36,42.17
-71.33,42.12
-70.82,42.15
-71.2,42.18
-70.77,42.21
-71.19,42.11
-71.27,42.1
-71.1,42.12
-71.26,42.15
-71.2,42.22
-71.37,42.05
-71.064,42.358
-71.054,42.363
-71.054,42.359
-71.061,42.351
-71.055,42.365
-71.066,42.363
-71.1,42.34
-71.08,42.35
-71.07,42.34
-71.08,42.32
-71.1,42.33
-71.08,42.31
-71.05,42.29
-71.07,42.29
-71,42.32
-71.09,42.28
-71.04,42.33
-71.02,42.37
-71.06,42.38
-71.12,42.31
-71.12,42.28
-71.16,42.28
-71.13,42.36
-71.15,42.35
-71.13,42.25
-71.13,42.38
-71.1,42.36
-71.13,42.39
-71.08,42.37
-71.08,42.36
-71.1,42.38
-71.12,42.4
-71.09,42.39
-71.05,42.43
-71.05,42.41
-71.03,42.4
-71,42.42
-70.97,42.37
-71.11,42.42
-71.125,42.369
-71.01,42.24
-71.02,42.27
-71.01,42.29
-71.06,42.46
-71.1,42.47
-71.01,42.2
-71.08,42.24
-70.96,42.21
-70.93,42.21
-70.95,42.17
-70.94,42.25
-71.083,42.347
-71.04,42.35
-71.1,42.34
-71.04,42.08
-71,42.09
-71.05,42.13
-70.98,41.97
-70.8,41.9
-70.71,42.05
-70.94,42.03
-70.86,41.99
-70.85,42.12
-70.87,42.06
-71.01,42.14
-70.9,41.9
-70.97,41.84
-70.96,42.12
-71.12,42.06
-71.08,42.06
-70.8,42.06
-70.6,41.9
-70.75,41.98
-70.744,41.843
-70.81,41.97
-71.06,42.17
-70.91,42.13
-71.11,42.02
-71.02,42.02
-70.94,42.08
-71.22,42.46
-71.23,42.44
-71.13,42.32
-71.12,42.34
-71.26,42.4
-71.22,42.39
-71.23,42.37
-71.27,42.31
-71.19,42.35
-71.19,42.31
-71.21,42.35
-71.21,42.31
-71.26,42.33
-71.22,42.313
-71.23,42.35
-71.25,42.35
-71.16,42.32
-71.23,42.33
-71.18,42.37
-71.16,42.42
-71.18,42.42
-71.18,42.4
-71.26,42.32
-71.3,42.29
-71.25,42.28
-71.3,42.36
-71.22,42.3
-70.59,41.73
-70.61,41.67
-70.7,41.3
-70.56,41.6
-70.43,41.73
-70.65,41.78
-70.53,41.39
-70.63,41.57
-70.57,41.66
-70.67,41.53
-70.613,41.72
-70.1,41.3
-70.63,41.64
-70.562,41.454
-70.662,41.742
-70.62,41.69
-70.541,41.774
-70.53,41.79
-70.48,41.72
-69.965,41.262
-70.63,41.41
-70.7,41.8
-70.64,41.4
-70.76,41.77
-70.099,41.285
-70.3,41.66
-70.3,41.7
-70.07,41.75
-70.35,41.66
-70,41.6
-70.44,41.62
-70.272,41.7
-70.2,41.73
-70.14,41.67
-70.161,41.744
-69.98,41.84
-69.97,41.785
-70.52,41.7
-70.06,41.7
-70.07,41.67
-70.302,41.632
-70.42,41.67
-70.49,41.61
-69.97,41.7
-69.985,41.866
-70.09,42.02
-70,41.7
-70.39,41.63
-70.18,42.05
-70.02,41.68
-70.15,41.71
-70.0267,41.915
-70.19,41.66
-70.08,42.02
-70.02,41.93
-70.34,41.71
-69.991,41.682
-70.17,41.67
-70.11,41.67
-70.327,41.638
-70.24,41.65
-70.23,41.71
-71.06,41.78
-71.29,41.94
-70.8,41.5
-71.15,41.82
-70.97,41.75
-71.02,41.87
-70.87,41.63
-71.1,41.72
-71.15,41.65
-71.13,41.69
-71.18,41.69
-71.18,41.72
-71.15,41.76
-70.76,41.72
-70.81,41.66
-70.94,41.64
-70.9,41.71
-70.92,41.61
-70.94,41.7
-70.94,41.67
-71,41.7
-70.98,41.56
-71.32,41.97
-71.33,42.02
-71.31,41.96
-71.16,41.85
-71.18,41.96
-71.06,41.94
-71.24,41.84
-70.85,41.75
-71.32,41.84
-71.23,41.76
-71.06,41.83
-71.12,41.91
-71.1,41.6
-71.076,41.52
-82.58,42.64
-82.93,42.94
-83.05,42.94
-82.93,42.85
-82.7,43.1
-83.22,42.55
-82.94,43.03
-83.03,42.48
-83.15,42.54
-82.94,42.47
-82.81,43.03
-82.67,42.69
-83.26,42.52
-82.95,42.54
-82.68,42.94
-82.62,42.58
-83.1,42.46
-82.59,43.14
-83.29,42.47
-83.29,42.5
-82.92,42.55
-82.91,42.6
-82.93,42.6
-82.55,42.69
-82.48,42.91
-82.8,42.94
-82.92,42.67
-82.88,42.6
-82.93,42.65
-82.82,42.59
-82.78,42.68
-82.8,42.74
-82.58,43.04
-82.8,42.79
-82.81,42.68
-82.54,42.77
-82.5,43.1
-82.47,42.99
-82.8,42.85
-82.68,42.86
-82.67,42.77
-83.04,42.84
-82.94,42.51
-83.14,42.49
-83.14,42.47
-83.17,42.48
-83.11,42.51
-83.18,42.5
-83.16,42.52
-82.56,42.95
-83.23,42.46
-83.23,42.5
-82.55,42.86
-82.9,42.47
-82.9,42.49
-82.88,42.52
-83.12,42.56
-83.18,42.56
-83.12,42.6
-82.98,42.52
-83,42.47
-83.05,42.47
-83.06,42.51
-83.02,42.51
-83.04,42.74
-83.04,42.78
-82.92,42.76
-82.8,43.1
-83.18,42.6
-83.21,42.26
-83.9,42.3
-83.71,42.27
-83.7,42.3
-83.73,42.22
-83.72,42.28
-83.5,42.2
-83.75,42.58
-83.77,42.5
-83.4,42
-84,42.3
-83.18,42.3
-83.18,42.28
-83.25,42.3
-83.26,42.29
-83.2,42.33
-83.27,42.33
-83.27,42.32
-83.9,42.35
-83.7,42
-83.49,41.79
-83.3,42.11
-83.34,42.33
-84.1,42.5
-83.15,42.14
-83.79,42.41
-83.59,41.89
-83.31,42.29
-83.9,42.5
-83.63,41.75
-83.46,41.85
-83.18,42.25
-83.37,42.37
-83.37,42.42
-83.38,42.4
-83.44,41.82
-84,42.2
-83.6,42
-83.7,42.1
-83.5,41.9
-83.4,42
-83.4,42.13
-83.62,42.5
-83.3,42
-83.5,42.4
-83.53,42.4
-83.9,42.5
-83.5,42.4
-83.23,42.07
-83.35,42.2
-83.8,42.1
-83.59,41.79
-83.7,42.4
-83.26,42.04
-83.27,42.23
-83.59,41.79
-83.22,42.13
-83.39,42.28
-83.37,42.33
-83.37,42.29
-83.49,42.33
-83.49,42.29
-83.79,42.41
-83.601,42.124
-83.57,42.12
-83.16,42.21
-83.21,42.17
-83.2,42.21
-83.62,42.21
-83.6,42.27
-83.06,42.35
-83.08,42.38
-83.1,42.42
-83.14,42.37
-82.98,42.43
-83.11,42.37
-83,42.35
-83.09,42.35
-83.11,42.3
-83.13,42.34
-83.05,42.38
-83.05,42.41
-82.99,42.4
-82.98,42.37
-82.95,42.38
-83.08,42.33
-83.15,42.28
-83.13,42.27
-83.25,42.42
-83.14,42.46
-83.14,42.43
-83.25,42.39
-82.94,42.41
-82.93,42.44
-83.05,42.33
-83.19,42.39
-83.3,42.3
-83.14,42.25
-82.92,42.38
-83.04,42.43
-83.19,42.43
-82.9,42.42
-83.18,42.47
-83.13,42.39
-83.28,42.38
-83.3,42.42
-83.28,42.54
-83.29,42.59
-83.24,42.59
-83.09,42.74
-83.12,42.66
-83.19,42.66
-83.07,42.56
-83.01,42.56
-83.01,42.6
-83.05,42.61
-83,42.67
-83.06,42.69
-83.05,42.64
-83.34,42.61
-83.38,42.54
-83.38,42.57
-83.38,42.59
-83.28,42.67
-83.41,42.65
-83.36,42.65
-83.39,42.69
-83.41,42.5
-83.35,42.51
-83.41,42.46
-83.35,42.46
-83.29,42.67
-83.29,42.63
-83.28,42.64
-83.42,42.72
-83.41,42.76
-83.53,42.74
-83.72,42.64
-83.59,42.65
-83.64,42.65
-83.28,42.72
-83.27,42.74
-83.27,42.78
-83.16,42.77
-83.14,42.84
-83.2,42.84
-83.29,42.85
-83.52,42.47
-83.46,42.46
-83.48,42.5
-83.67,42.58
-83.6,42.56
-83.5,42.58
-83.53,42.66
-83.48,42.66
-83.48,42.55
-83.56,42.51
-82.7,43.4
-83.6,42.9
-83.2,43.1
-83,43.8
-84.08,42.86
-83.8,43.3
-83,43.2
-83.93,43.26
-84,42.8
-82.7,43.4
-83.7,43.2
-83.38,43.14
-82.6,43.3
-83.5,43
-83.1,43.5
-82.7,43.5
-83.15,42.94
-84,42.9
-83.7,42.8
-83,43.9
-83.86,43.08
-82.609,43.662
-83.37,43.25
-83.88,42.87
-83.62,43.11
-83.47,42.92
-83.7,42.9
-83.3,42.9
-82.7,43.8
-83.6,42.8
-83.1,43.1
-83,44
-83.3,43.1
-83.95,43
-82.5,43.3
-83.8,42.8
-83,43.3
-82.83,43.2
-83.3,42.9
-82.7,43.7
-83.9,43.2
-83.7,43.1
-83.99,43.14
-83.2,43.2
-83.43,42.85
-83.52,43.16
-83.42,43.22
-82.7,43.6
-82.81,43.28
-83,44
-82.8,43.9
-82.56,43.45
-82.75,43.74
-82.9,43.4
-83,43.5
-83.8,42.9
-83,43.7
-84.03,42.939
-83.69,43.02
-83.68,43.01
-83.75,43.06
-83.69,43.06
-83.63,43.07
-83.72,42.96
-83.61,43.03
-83.61,42.99
-83.66,42.97
-83.8,43.01
-83.9,43.4
-83.97,43.42
-84.02,43.47
-83.97,43.49
-83.93,43.43
-84.1,43.4
-84.2,44.1
-84.09,43.64
-84.4,43.9
-84.2,44
-84.3,43.2
-84.5,43.4
-84.1,43.2
-84.7,43.9
-84.6,43.7
-84,44.8
-84,44.7
-84.9,43.8
-84.1,43.5
-84.5,44.1
-84.9,44
-84.2,43.4
-84.779,44.491
-84.33,43.8
-84.7,44.3
-84.772,44.328
-84,43.69
-85,43.8
-84.9432,43.9679
-84.1,43.8
-84,44.4
-84.3,44.6
-84.3,43.4
-84.02,43.41
-84.4,43.6
-84.2,43.7
-84.1,44.7
-84.21,43.16
-84,43.8
-84.7,44.3
-84.2,43.9
-84.6,44.5
-84.1,44.5
-84.2,43.3
-84.5,44.3
-84.4,43.7
-83.9,44
-84.1,44.1
-84.2,44.3
-84.4,43.4
-83.6,43.6
-83.6,44.1
-83.7,44.7
-83.9,43.6
-83.83,43.56
-83.34,43.82
-83.35,44.8
-83.83,43.34
-83.4,43.5
-83.93,43.45
-83.2,43.9
-83.2,43.6
-83.18,43.32
-83.8,44.7
-83.2,43.5
-83.5,44.3
-83.1,43.8
-83.78,43.61
-83.6,43.5
-83.74,43.36
-83.3,43.7
-83.7,44.6
-83.34,44.55
-83.8,44.4
-83.4,44.7
-83.2,43.4
-83.4,44.7
-83.88,44.44
-83.4,43.3
-83.5,44.6
-83.5,43.3
-83.76,43.53
-83.7,44.3
-83.9,44.1
-83.5,44.4
-83.2,43.7
-83.3,43.8
-84,44.2
-83.7,43.5
-83.4,43.8
-83.25,43.33
-83.9,44.5
-83.5,44.8
-83.6,44.2
-83.7,44.2
-83.9,44.1
-83.5,43.6
-83.6,43.4
-83.8,44.2
-84.7,43.4
-84.5,43.2
-84.41,43.16
-84.44,42.83
-85.3,43.1
-84.86,43.19
-84.8,42.6
-85.26,42.84
-84.1,42.7
-84,43
-84.9,43.27
-84.28,42.55
-84.6,42.9
-84.66,42.64
-84.76,42.84
-84.44,42.76
-84.496,42.732
-84.7,42.5
-85,43.4
-84.4,43.1
-84.78,43.4
-85.1,43.1
-84.7,43
-84.1,42.7
-84.8,42.8
-85.3,43.2
-84.37,42.77
-84.23,43.13
-84.54,42.63
-83.9,42.6
-84.9,43.1
-85.1,43
-84.6,43.3
-84.4,42.9
-85.1,42.8
-85.3,43.4
-84.94,42.95
-85.043,43.355
-84.69,43.1
-84.5,42.6
-83.9,42.7
-84.73,43.2
-84.14,42.85
-84.8,43.6
-84.91,43.04
-84.93,42.74
-84.4,42.71
-85.11,43.08
-84.37,42.99
-84.2,43
-84.985,43.1104
-84.68,43.16
-84.2,42.8
-84.8,43
-84.68,43.16
-84.9,42.9
-84.73,42.65
-84.8,43.4
-84.76,43.71
-84.6,43
-84.6,43.5
-85.2,42.9
-84.7,43.6
-85.1,43.2
-85.15,43.25
-85.16,43.43
-85.1,43.3
-84.8,43.29
-84.97,42.77
-84.9,43.4
-84.2,42.6
-85,43.7
-84.79,42.93
-84.3,42.7
-84.903,43.524
-85.13,42.7
-84.58,42.78
-84.52,42.7
-84.56,42.68
-84.52,42.74
-84.57,42.74
-84.63,42.73
-84.56,42.73
-85.56,42.27
-85.57,42.2
-85.58,42.35
-85.63,42.3
-85.6,42.3
-85.62,42.27
-85.7,42.3
-85.9,42.5
-85.22,42.09
-85.35,42.36
-86.1,42.3
-85.1,42.3
-85.24,42.27
-85.2,42.4
-85.1,42.4
-86.3,42.1
-85.62,42.2
-85.97,42.38
-86.074,42.347
-85.2,41.9
-85.1,42.14
-85.4,41.8
-86,41.9
-85.5,41.9
-85.08,42.23
-85.34,42.23
-85,41.9
-85.24,42.32
-86.3,42.2
-85.34,41.97
-85.7,41.9
-86.27,42.29
-86,42.1
-85.4,42.5
-86.1,42
-85.49,42.27
-85.24,42.49
-85.23,42.18
-85.32,42.12
-85.4,42.29
-85.9,42.4
-86.1,42.4
-86.2,42.2
-85.3,42.6
-85.4,42.43
-85.8,41.9
-86.07,42.22
-85.83,42.13
-85.35,42.03
-85.8,42
-84.9,42.3
-85.62,42.54
-85.8,42.2
-85.5,42
-85.1,42.6
-85.62,42.3
-85.449,41.918
-84.9,42.4
-85.7,42.5
-85.9,42.2
-85.6,42.5
-84.9,41.9
-85.46,42.38
-86.381,42.185
-86.45,42.06
-85.69,42.12
-85.4,42.2
-85.23,42.01
-86.2,42.4
-85.4,41.8
-85,42.1
-85.7,42
-85.1,42.1
-85.9,41.9
-85,42.6
-85.5,42.1
-86.2,42.2
-85.7,41.8
-86.48,41.95
-86.27,41.95
-86.37,41.95
-86.359,41.963
-86.56,41.94
-86.4,41.8
-86.28,42.02
-86,41.8
-86.5,41.81
-86.63,41.87
-86.67,41.85
-86.74,41.79
-86.5492,41.8759
-86.2,41.8
-86.58,41.89
-86.37,42.02
-86.51,42.01
-86.61,41.82
-86.69,41.82
-85.86,41.78
-84.4,42.2
-84.4,42.28
-84.4,42.22
-84.33,41.99
-84.1,41.9
-84.7,42.3
-84.77,41.95
-83.9,41.8
-83.8,42
-84.2,42.1
-84.6,41.7
-84.36,42.06
-84.37,42.12
-84.21,41.86
-84,42.1
-84.64,42.18
-83.8,41.9
-84.2,42.3
-84.6,42.1
-84.6,41.9
-84.8,42.1
-84.51,42.11
-84.3,41.8
-84,41.77
-84.46,42.04
-84.6,42
-84.4,42.5
-84.77,42.04
-84.27,41.97
-84.32,42.23
-84.9,41.8
-84.2,41.8
-84.26,42.37
-84.24,42.16
-84.48,41.96
-84.183,42.158
-84.56,42.44
-84.17,42.01
-84.5,41.8
-83.73,41.77
-83.93,41.87
-84.6,42.3
-83.68,41.87
-84.5,41.9
-84.35,42.39
-84.8,41.8
-83.79,41.8
-84.45,42.38
-84.11,41.78
-84.41,42.03
-84.57,42.21
-84.7,42.4
-84.2,42.5
-83.9,42
-84.08,42.03
-84.4,41.7
-84.1002,41.7708
-85.5,43
-85.4,42.82
-85.85,43.27
-85.9,43.9
-85.15,43.75
-85.57,43.08
-85.5,43.7
-85.9,43.8
-85.1,43.5
-85.813,43.69
-85.7,42.8
-85.55,42.79
-85.83,43.23
-85.5,43.2
-85.292,43.745
-85.68,43.08
-85.34,43.36
-85.8,42.7
-85.3,42.8
-85.31,43.25
-85.9,43.4
-85.8,42.6
-85.5,43.4
-85.74,43.25
-85.3,43
-85.3,43.6
-85.5,42.7
-85.6,42.7
-85.4,43.5
-85.7,43.4
-85.6,43.8
-85.49,43.34
-85.1,43.6
-85.5,43.1
-85.33,43.69
-85.5,43.3
-85.59,42.59
-85.69,43.15
-85.4,43.6
-85.36,43.32
-85.6,42.7
-85.8,43.6
-85.95,42.98
-86.1,43.9
-85.85,43.13
-85.9,43.1
-86.2,43.9
-86.2,42.64
-86.1,42.6
-86.15,44.01
-86.3,44.1
-85.9,43.5
-86.13,43.15
-86.1,43
-85.78,42.88
-86,42.7
-86.3,43.7
-86.1,43.6
-86.1,42.7
-86.1,42.8
-86.1,43.4
-85.9,42.8
-85.84,42.92
-86.4,44
-86.189,42.768
-85.83,43.03
-86.47,43.69
-86.3,43.5
-86.26,43.24
-86.28,43.18
-86.1,43.2
-86.19,43.18
-86.3,43.3
-86.4,43.6
-86.07,43.1
-86.37,43.8
-86.1,42.5
-86,43.2
-86.27,43.51
-86.18,42.67
-86.3,43.9
-86.3,43.6
-86.2,43.09
-86.2,43.4
-86.098,43.95
-86.1,43.7
-86.12,42.93
-86.3,43.4
-86,42.9
-85.67,42.95
-85.71,42.98
-85.63,43
-85.62,42.94
-85.65,42.93
-85.62,42.86
-85.69,42.9
-85.53,42.88
-85.72,42.9
-85.6,43.01
-85.79,42.97
-85.73,43.05
-85.54,42.93
-85.66,42.87
-85.5,44.3
-84.97,44.975
-85.22,44.88
-86.2,44.51
-86.1,44.4
-85.2,45
-86.08,44.57
-86,44.6
-85.6,44.3
-86,44.3
-85.7,44.5
-85.8,44.9
-85.3,45.1
-85.7,43.9
-85.9,44.4
-86.3,44.24
-85.351,45.108
-86.23,44.62
-85.4,44.91
-86,44.8
-85.3,43.9
-85,44.2
-85.1,44.6
-86.289,44.215
-86.2,44.6
-86.01,44.88
-85.7,44.62
-85.8,44.3
-85.4,43.8
-86.1,44.7
-85.76,43.88
-85.8,44.6
-85.9,44.1
-86,44.4
-85.1,44.7
-85.4,45
-85.5,44.5
-85.88,44.73
-85.1,44.4
-85.7,45
-85.9,45.2
-85.4,44
-85.7,44.1
-85.2,44.2
-85,44.9
-86.2,44.2
-85.4,44.4
-85.9,44.9
-85.1,44.1
-85.5,44.6
-84.9,44.4
-85.7,44.4
-85.6,45.1
-85.6,45.06
-86.22,44.37
-85.3,44.8
-85.5,43.9
-85.1,43.9
-85.25,44.64
-85.6,45
-85.9,44.5
-85.7,44.8
-85.5,44.9
-85.4,44.1
-85.9,44.2
-85.4,44.8
-84.73,45.75
-84.5,45.4
-84.8,45.4
-83.5,45.1
-84.2,45
-84.19,46.27
-85,45.2
-84.8,45.2
-84.8,46.4
-84.75,45.51
-84.8,45.4
-84.9,45.7
-84.3,46
-85.2,45.3
-84.5,45.6
-84.864,45.421
-84.4,46.3
-83.9,46
-83.7,46
-85.1,45.1
-85.1,46.4
-85.3,45.2
-84.9,45.1
-84.7,44.8
-84.6,45
-84.1,46.1
-84.6,44.7
-85,45.5
-83.9,45.3
-83.7,45
-84.5,46
-84,45.1
-83.6,44.9
-85.15,46.353
-84.6,45.4
-84.4,45
-84.9,46.4
-83.8,45
-84.8,45.7
-84.2,44.8
-84.63,45.87
-84.1,45.4
-85,46.1
-85.3,46.1
-84.9,45.3
-84.2,45.4
-83.4,44.9
-85.1,46.6
-84.8,45.6
-84.9,45.3
-84.3,46.2
-84.5,45.8
-83.7,45.3
-83.6,45.3
-83.9,45.4
-84.8,46.2
-84.8,46
-85.6,45.7
-84.3,46.4
-84.47,46.26
-84.588,45.487
-85.026,46.194
-84.6,45.2
-84.928,45.268
-84.5,45.3
-88,45.9
-88.07,45.8
-88.42,47.3
-86.8,46.4
-87.4,45.8
-87.836,46.848
-87.5,45.6
-87.9,46.6
-88,46.2
-86.8,46.3
-86.54,45.93
-87.3,46
-87.44,46.11
-85.69,46.18
-87.6,45.5
-87,46.4
-87.02,46.35
-86.91,46.36
-85.5,46.2
-87.2,45.8
-87.7,46.1
-87.32,46.29
-87.73,45.98
-86.6,45.7
-85.9,46.2
-87.1,45.9
-85.7,46.1
-86.2,46.6
-86,46
-87.5,46.3
-87.6,45.7
-87.64,45.37
-87.8,46.6
-87.817,45.78
-85.8,46.4
-86.3,46.1
-87.3,46.6
-87.6,45.2
-88.2,46.7
-86.6,46.4
-87.5532,45.6111
-86.663,45.84
-87.6,46.5
-85.6,46.5
-87.9,45.8
-87.59,46.441
-87.08,45.97
-87.5,45.9
-87.51,45.7
-87.98,45.78
-87.784,46.103
-86.8,45.9
-88,46.4
-87.2,46.1
-88,46.1
-86.1,46.4
-86.5,46.4
-87.2,46.3
-87.49,45.71
-87.6,45.5
-87,46.3
-87.8,45.8
-87.6,45.3
-87.07,45.78
-86.7,46.2
-87.4,45.7
-88.4,47.31
-88.38,46.05
-88.4475,46.2328
-88.7,47.1
-88.5,46.8
-89.7,46.6
-90,46.5
-89.2,46.5
-88.4,47.2
-88.626,46.062
-88.6,47
-88.39,47.284
-87.89,47.47
-88.4,46.5
-88.4,46.2
-88.58,47.09
-88.502,47.121
-89.4,46.6
-88.58,46.04
-89.096,46.78
-88.5,47.2
-88.6,47.1
-88.43,47.18
-88.7,46.2
-90.2,46.5
-88.417,47.274
-88.4,47.1
-88.3,46.8
-89.6,46.4
-89,46.7
-88.4,47.7
-88.9,46.7
-89.4,46.8
-88.69,47.05
-88.6,46.7
-90.003,46.472
-89.18,46.737
-88.709,46.506
-88.1,46.8
-88.643,47.072
-88.9,47
-88.9,46.5
-89.9,46.5
-89.3,46.2
-88.6,46.5
-89.58,46.76
-92.82,44.91
-92.78,45.02
-93.2,45.39
-93.2,45.7
-93.1,46
-93.3,45.6
-92.9,44.5
-93.2,45.3
-92.8,45.4
-92.9,45.4
-93.13,45.19
-92.93,44.82
-93.43,45.66
-93,44.4
-93.24,44.41
-93.37,44.58
-93.3,44.3
-93.1,44.6
-93,45.3
-92.34,44.52
-92.6,44.4
-93.195,45.636
-93.13,45.84
-93,44.6
-93,45.6
-92.9,44.7
-93.119,45.87
-92.8,46
-93,45.2
-93.3,45.5
-92.3,44.4
-92.9,44.99
-92.77,44.94
-93.3,44.6
-92.8,45.4
-93.4,44.4
-92.82,45.2
-93.2,44.2
-93.3,45.9
-93.44,44.24
-93,44.3
-93.35,44.57
-93,44.87
-92.9,45.5
-93.2,44.5
-93.2,44
-92.9,45.8
-93.02,44.54
-92.5,44.5
-93.1,44.7
-93,45.7
-93.4,45.4
-93,44.82
-92.7,46.2
-92.83,45.26
-92.7,45.4
-93.04,44.88
-93.03,44.83
-93.07,44.83
-93,45.4
-93.2,45.7
-92.8,45.1
-92.7,45.5
-92.96,44.67
-93.39,44.248
-93.4,44.5
-92.7,44.6
-92.957,45.054
-93.1,45.3
-93.09,44.95
-93.12,44.93
-93.13,44.97
-93.17,44.96
-93.16,44.93
-93.05,44.94
-93.09,44.93
-93.18,44.98
-93.03,45.02
-93,45.09
-93.19,45.08
-93.16,45.01
-93.2,44.97
-92.95,45.07
-93.17,44.91
-93.1,45
-93.11,44.89
-93.01,44.94
-93.15,44.88
-93.17,44.84
-93.2,44.81
-93.14,44.8
-93.21,44.73
-92.94,44.92
-93.14,45.08
-93.09,45.08
-92.96,44.99
-92.92,44.91
-93.09,44.97
-93.163,44.887
-93.67,45.24
-94.1,45.3
-93.4,45.3
-93.3,45.3
-93.43,44.95
-93.29,44.73
-94.1,44.6
-93.8,45.4
-93.7,45.4
-94.9,44.8
-93.49,45.12
-94.3,44.7
-93.8,45.2
-94.6,44.8
-93.68,44.72
-93.38,45.18
-93.55,44.86
-93.6,44.8
-94,45.5
-94.1,45.4
-94.2,45.1
-93.8,44.8
-94.4,45.1
-94.3,45.1
-93.47,45.21
-93.8,45
-94.6,45.3
-93.6,45.3
-93.6,44.9
-94.7,44.5
-94.9,44.6
-94.2,44.5
-94.5,44.5
-94.2,44.8
-93.28,44.77
-94,44.7
-93.96,44.73
-93.58,45.08
-93.66,45.16
-94.7,44.7
-93.41,44.91
-93.44,44.86
-93.48,44.92
-93.48,44.88
-93.46,44.83
-94.1,45.1
-94.4,44.9
-93.6,44.7
-94.3,45.3
-94.09,44.89
-94.5,45.1
-93.59,45
-93.66,45.1
-94,45.2
-93.7,45
-93.91,44.91
-93.8,45.3
-93.9,45
-93.68,44.93
-94.19,44.67
-93.97,44.9
-93.9,44.7
-93.46,45.13
-94.05,44.79
-93.6,45.6
-93.4,44.7
-93.72,45.1
-93.59,45.18
-93.74,44.9
-93.7,45.2
-93.37,44.76
-93.5,44.7
-94.19,44.93
-94.2,45.3
-93.63,44.94
-94.5,44.8
-93.66,44.86
-93.78,44.86
-93.84,44.96
-94.5,45.3
-94,45.1
-93.55,44.97
-94.07,44.95
-94.4,44.5
-93.93,44.82
-93.6,45.5
-93.27,44.99
-93.272,44.976
-93.29,44.97
-93.26,44.96
-93.3,44.97
-93.22,44.94
-93.25,44.94
-93.29,44.94
-93.28,44.93
-93.31,44.91
-93.3,45
-93.3,45.03
-93.24,45
-93.23,44.98
-93.26,44.97
-93.34,44.95
-93.23,44.9
-93.24,45.02
-93.29,44.91
-93.27,44.83
-93.25,45.05
-93.34,45.01
-93.28,44.88
-93.34,44.91
-93.23,44.84
-93.38,44.96
-93.38,45
-93.38,45.06
-93.34,45.07
-93.3,45.06
-93.31,44.83
-93.26,45.1
-93.32,45.16
-93.25,45.17
-93.33,44.87
-93.38,44.9
-93.35,44.82
-93.38,44.82
-93.37,44.87
-93.43,45.01
-93.43,45.05
-93.33,45.12
-93.3,45.12
-93.38,45.12
-93.49,45.04
-93.49,45.01
-93.32,45.17
-93.19,45.17
-93.22,44.88
-93.24,44.97
-93.23,44.97
-91.3,47.258
-91.9,47.4
-91.3,47.6
-90.5,48
-89.7,47.9
-90.1,47.9
-91.4,47.8
-91.786,46.95
-90.6,47.7
-90.9,47.6
-91.3,47.4
-90.8,47.7
-91.6,47.3
-92.7,47
-92.8,47.7
-92.7,46.2
-92.2,47.5
-91.9,47.7
-92.6,46.6
-92.33,47.56
-93.4,47.4
-92.7,47.6
-92.7,46.8
-92.5,46.3
-92.778,47.486
-93.27,47.32
-92.4,47.1
-92.4,46.7
-92.9,47.6
-92.5,46.7
-93.7,47.2
-93.43,47.29
-92.9,47.8
-92.4,47.2
-92.3,48.2
-92.8,46.7
-92.1,48
-92.2,47.7
-92.36,46.72
-92.5,47.4
-93,46.2
-92.9,47
-92.7,47.3
-92.4,47.4
-93.1,47.2
-93.5,47.2
-93,47.4
-93.6,47
-92.4,46.5
-92.1,47.5
-92.7,47.4
-93.3,46.9
-93.09,47.41
-92.56,46.4
-92.9,46.5
-92.72,47.51
-93.3,46.6
-92.2,47.3
-93.29,47.33
-92.7,47.1
-92.487,47.194
-92.8,46.5
-92.7,47.5
-93.2,47.5
-93,48.3
-93.2,48.1
-93.2,47.3
-92.4,46.9
-92.7,46.7
-93,47.7
-92.241,47.817
-92.9,46.4
-93.2,47.1
-93.7,47
-93.37,47.32
-93.1,46.7
-92.3,47.8
-92.5,47.6
-93.3,47.1
-92.8,46.3
-92.4,46.6
-92.9,46.7
-92.07,46.75
-92.1,47.1
-91.9,46.9
-92.09,46.8
-92.13,46.77
-92.17,46.73
-92.24,46.68
-92.3,46.8
-92.2,46.8
-92.07,46.81
-92.1,46.788
-92.51,44.08
-92.52,43.96
-92.4,44
-92.4,44.1
-92.74,43.57
-92,44.1
-93,43.7
-93.1,43.9
-92.84,43.74
-91.3,43.6
-92.6,44
-91.4,43.6
-91.9,43.57
-92.2,43.9
-93,44
-91.5,43.9
-92.7,43.7
-92.9,44
-92.1,44
-91.46,43.51
-92.31,44.13
-92.69,43.64
-92.3,44
-92.1,43.8
-92.6,43.7
-92.1,43.6
-92.8,43.9
-91.37,43.72
-91.6,43.8
-92.7,44
-92.1,44.3
-93,44.3
-91.4,43.8
-91.9,43.7
-93,43.7
-92.5,43.5
-91.8,43.9
-93,43.5
-91.8,43.6
-92.74,44.09
-92.5,44.3
-92.3,44.3
-91.8,44.1
-92.54,44.13
-92.47,43.62
-91.8,43.8
-92.7,44.2
-92.1,44.1
-92.1,43.6
-92.53,43.78
-92.15,44.41
-91.87,44.08
-92.8,43.6
-91.8,43.8
-92.1,44
-92.75,43.8
-91.6,43.6
-92.4,43.7
-92.5,43.9
-92.64,43.57
-92,43.9
-92.1,44.4
-92.88,43.82
-92.8,44.3
-92.9,44.2
-91.6,44
-92.3,43.7
-92.4,44.3
-92.7,44.3
-94,44.1
-94.1,44.22
-93.3,43.7
-93.6,43.7
-94.2,43.9
-93.8,44.6
-94.1,43.6
-93.8,43.6
-93.34,43.76
-93.81,44.32
-94.9,44.1
-93.53,43.613
-94.31,44.27
-94.838,44.053
-94,43.8
-93.84,44.14
-93.9,43.8
-93.3,43.9
-94.1,43.5
-93.71,44.23
-93.5,43.5
-94.5,43.6
-93.566,43.766
-93.94,43.56
-94.21,44.03
-93.268,43.824
-93.2,43.6
-94,44
-94.3,43.6
-94.5,44.2
-93.5,43.8
-93.23,43.65
-93.9,44.6
-93.19,43.76
-93.282,43.957
-94.21,43.71
-93.7,44.1
-93.95,44.27
-93.72,43.54
-93.6,44.3
-94.4,44.4
-94.2,44.1
-94.569,44.07
-93.7,44.4
-93.9,44.4
-94.43,43.94
-94.4,44.1
-93.82,44.22
-93.9,43.9
-93.8,43.9
-93.5,44.4
-93.6,44.5
-93.5,43.9
-94.5,44.3
-94.2,44.3
-94.43,43.75
-93.76,44.01
-93.853,44.08
-94.6,44
-94,44.3
-95.1,44.2
-94.7,44.3
-95,44.2
-94.5,43.8
-93.45,43.56
-94.2,44
-93.69,43.92
-93.5,44.1
-93.6,44.2
-93.7,43.7
-94.2,43.8
-95.1,43.9
-96,43.6
-94.9,43.6
-96.15,44.41
-95.6,44
-95.9,44.2
-96.36,43.63
-95.67,43.54
-95,43.9
-95.5,43.7
-94.8,44
-94.6,43.5
-95.95,43.9
-95.6,44.1
-95.548,44.055
-94.77,43.55
-96.1,43.9
-95.98,43.54
-95.6,43.9
-95.7,44.2
-96.22,43.8
-96.4,44.5
-95.3,43.9
-96.38,43.54
-96.2,44.1
-96.4,43.8
-95.8,43.9
-96.2,44.5
-95,43.6
-96.3,43.8
-95.2,44.1
-96.096,43.575
-96.1,43.7
-96.3,44.3
-95.2,43.6
-95.9,44
-95.3,44.2
-96.02,43.84
-95.93,43.78
-96.3,43.7
-96,44.4
-96.1,43.6
-94.9,43.9
-94.8,43.84
-95.3,43.7
-94.67,43.84
-96.3,44
-95.7,43.7
-95.4,44.2
-95.42,43.57
-95.8,43.6
-96,44.3
-96.1,44.2
-94.8,43.7
-95.8,44
-96.24,43.53
-95.31,44.02
-95.7,44.3
-94.7,43.8
-96.2,43.9
-96.1,44.3
-95.5,44.2
-94.6,43.7
-95.4,44
-95.84,43.8
-96.1,44
-95.5,43.6
-95,45.1
-96.19,45.56
-96,45.3
-94.8,45.1
-96.56,45.56
-96.7,45.5
-96.3,45.1
-95.3,44.6
-95.6,45.3
-95.06,44.95
-96,44.8
-96.8,45.7
-96.3,44.8
-96.2,45.5
-95.4,45
-95.8,44.8
-95.05,44.38
-96.5,45.5
-95.69,45.37
-96.2,45.3
-94.66,44.94
-95.7,44.6
-95.1,44.8
-95.8,45.3
-96,45
-96.1,45.7
-96.4,45.7
-95.4,44.6
-95.9,44.49
-96.4,45.5
-95.6,44.8
-94.7,45.1
-95.7,45.5
-95.7,44.7
-96.1,45.8
-95.9,45.3
-94.93,45.15
-95.3,45.2
-94.9,45
-95.42,44.39
-96.2,45
-96.4,45
-95.7,44.4
-95.5,45
-95.9,45.1
-95.54,44.42
-96,44.6
-95.7,45
-94.8,44.4
-96,45.6
-95,44.6
-95.4,45.2
-95,45.3
-96.18,45.9
-96.3,45.2
-95,44.8
-96.4,45.3
-95.2,45.2
-96.1,44.7
-95.18,44.95
-95.2,45
-95.1,44.5
-95.2,44.8
-95.4,44.8
-95.33,44.48
-95,45.2
-95.2,45.3
-96.06,44.58
-95.4,44.5
-95.2,44.4
-95.213,44.316
-95.83,45.04
-96.5,45.8
-95.5,44.6
-94.2,45.5
-94.21,45.58
-94.1,45.5
-94.6,45.6
-95.4,45.9
-95.8,46.1
-94.4,45.6
-95.9,45.9
-95,45.5
-93.553,45.785
-94.4,45.8
-95.6,46
-95.1,45.5
-94.7,45.9
-95.2,46
-94.4,45.5
-94.4,45.6
-95.72,45.64
-95.9,46.2
-94.947,45.564
-95.7,46
-95.6,45.8
-94.532,45.954
-93.9,45.7
-93.8,45.8
-94.7,45.6
-95.5,46
-95.3,45.6
-94.861,45.601
-94.7,45.8
-93.9,46
-95.8,45.8
-94.4,45.7
-93.4,46.2
-95.7,45.8
-94.4,46
-94.9,46
-95.5,45.7
-93.2,46.3
-94.8,45.6
-93.6,45.8
-95.3,46.1
-95.23,45.93
-94.754,45.628
-93.8,45.7
-93.4,45.8
-93.7,46.1
-95.1,45.9
-95.3,46.2
-94.7,45.4
-93.648,45.699
-94,46
-94.2,45.8
-94.5,45.5
-94.344,45.47
-94.63,45.43
-94.2,45.9
-94.4,45.6
-94.27,45.7
-94.667,45.498
-94.23,45.64
-95,45.7
-94.1,45.7
-95.6,45.6
-94.6,45.9
-94.57,45.81
-95.2,45.7
-93.5,46.1
-94.24,45.53
-95.084,45.801
-94.1,46.3
-94.27,46.34
-93.6,46.5
-94.7,47
-94.95,46.34
-94.5,46.8
-94.6898,47.1568
-95,46.2
-94.8,46.2
-95,46.2
-94,46.6
-94.1,46.7
-94.6,46.2
-93.9,46.4
-95.1,46.1
-93.9,46.7
-94.08,46.76
-94.3,46.2
-93.8,46.2
-94.5,46.9
-95.2,46.3
-94,46.45
-94.3344,46.6455
-94.9,47.2
-94.9,47.2
-95.1,46.8
-94.1,46.5
-94.6,46.4
-94.8,47
-94.3,46.5
-93.6,46.7
-95.1,47
-94.3,46.5
-94.5,46.3
-94.4,46.7
-94.5,46.1
-95,46.7
-94.8,46.5
-94.9,46.5
-95.1,46.5
-94.4,47.1
-95.7,46.8
-96.5,47.4
-96,46.8
-96.4,46.7
-95.7,46.3
-96,47.4
-96.6,47.6
-95.24,46.48
-96.5,47.2
-96.5,46.3
-95.9,47
-96.4,46.1
-96.8,47.6
-95.6,46.2
-96.751,46.659
-95.3,46.4
-95.8,46.5
-96.69,46.88
-96,46
-96.16,46.4
-96,46.5
-96.1,47.7
-96.5,47
-96.1,46.3
-96.3,47.6
-96.12,47.16
-95.7,47.6
-96.3,46.3
-95.6,46.7
-96.2,47.4
-96.7,47.1
-96.6,46.9
-96.7,47.4
-96.3,46.9
-96.7,47.3
-95.5,46.3
-96.22,46.99
-96.6,46.4
-96.1,46.9
-95.9,47.7
-95.8,47.3
-96.7,46.8
-96.32,46.06
-95.6,47.2
-95.4,46.6
-96.8,47.5
-95.8,47.1
-95.4,46.9
-95.5,46.4
-96.1,46.6
-95.5,46.6
-96.7,47.2
-95.5,47
-95.7,46.5
-95.818,46.974
-95.6,46.9
-96.3,46.5
-96.6,46.7
-96.76,47.46
-96.4,46
-96.2,47.2
-96.2,47.1
-95.8,46.3
-95.9,46.6
-95.5,46.2
-95.8,47.2
-96.2,46
-96,47.1
-96,47.5
-95.353,46.803
-96.7,46.5
-94.8,47.5
-95.4,47.4
-94.6,48.6
-94.2,47.3
-93.9,48.2
-93.6,47.7
-94.107,48.631
-94.5,47.7
-94.5,47.3
-95.4,47.7
-94,47.4
-93.83,47.62
-93.5,47.9
-94.1,47.3
-95.4,47.9
-95.6,47.8
-94.6,47.7
-93.4,48.5
-94.7,48
-95.6,47.4
-95.3,47.7
-93.8,48.4
-93.9,48.5
-94.2,47
-93.6,47.6
-93.9404,48.0927
-94,47.6
-94.2,48
-94.1,47.8
-94,46.9
-94.5,47.5
-94.9,48
-94.9,47.7
-93.346,48.612
-93.2,48.3
-94.9,47.8
-95,47.8
-94,47
-95.2,48.8
-95.2,47.5
-95.1,47.4
-93.92,47.66
-94.2,47.6
-94.8,47.7
-95.7,47.8
-94.6,48.2
-94.9,48.8
-94.973,47.512
-93.9,47.8
-96.2,48.1
-97,48.24
-95.1,49.2
-96.8,48.4
-96,48.8
-96.1,47.8
-96.5,47.7
-96.9,48.57
-96.9,47.9
-96.7,48
-96.8,47.8
-95.8,48.4
-95.8,48.1
-96.2,48.8
-95.5,48.3
-96.9,48.8
-96.6,48.7
-97.095,48.922
-96.6,48.6
-96.9,48.7
-96.6,48.8
-96.7,48.9
-96.2,47.7
-96,48.4
-96.3,48.3
-94.9,49.3
-95.89,47.81
-97.1,48.2
-95.9,47.9
-96.3,47.9
-95.9,48.8
-96.3,48
-97.1,48.9
-95.5,48.8
-96.9,48.5
-96.5,48.5
-96.1,48.6
-96.4,48.2
-95.6,48.6
-96.8,48.2
-95.3,48.9
-89.5,34.5
-89.2,34.8
-90,34.3
-89,34.7
-89.7,34.8
-90.6,34.2
-90.5,34.4
-90,34.7
-89.8,34.5
-89.9,34.2
-90.2,34.4
-90.1,34.17
-90.27,34.37
-88.8,34.6
-90.4,34.5
-89.3,34.5
-88.97,34.88
-90.6725,34.2644
-90.64,34.36
-90,34.8
-89.2,34.6
-89.5,34.8
-90.05,34.95
-90.5,34.4
-90.2,34.9
-89.3,34.9
-90.3,34.2
-90.478,34.451
-90.5,34.2
-90.3,34.3
-89.2,34.9
-89.1,34.5
-89.99,34.89
-89,34.5
-89.8,34.9
-89.5,34.3
-89.9,34.2
-89.4,34.6
-89.57,34.89
-88.9,34.7
-90.3,34.8
-90.15,34.58
-90,34.4
-89.9,34.6
-90.3,34.4
-90.01,34.95
-89.97,34.95
-89.63,34.3
-88.9,34.88
-90.4,34.7
-89.538,34.365
-90.13,34.95
-88.9,34.9
-89.5,34.6
-91,33.3
-91,33.2
-91.1,33.5
-91,33.2
-90.8,34.2
-90.8,33
-90.88,33.27
-91.047,33.231
-91.1,33.7
-90.92,33.75
-90.8,33.7
-91.11,33.1
-90.7,33.7
-90.5,33.6
-90.5,33.9
-90.6,33.9
-90.8,34
-91,33.1
-90.96,32.97
-90.9,34
-90.9,33.2
-90.7,33.4
-90.7,33.4
-90.6,33.4
-90.6,33.2
-90.9,33.4
-90.7,33.8
-91.02,33.45
-90.5,33.4
-90.74,33.89
-90.86,33.792
-90.867,33.065
-90.7,34.2
-90.6,33.9
-91,33.9
-90.5,33.7
-91.079,33.587
-90.8,33.6
-90.75,33.96
-90.53,33.56
-90.752,33.912
-88.77,34.23
-88.7,34.3
-88.4,34
-88.7,34.5
-88.83,34.3
-88.22,34.55
-88.9,34.4
-88.6,34.6
-88.3,34.8
-88.5,34.9
-88.3,34.5
-89.01,34.34
-88.4,34.3
-88.26,33.84
-88.4,34.85
-88.2,34.4
-88.3,33.9
-88.7,34.5
-89.1,34.1
-89,33.9
-88.2,34.8
-88.5,34.4
-88.4,34.5
-88.59,34.28
-88.6,34.1
-88.38,34.53
-88.7,34
-88.62,34.17
-89,34.2
-89.2,34.2
-88.6,34.8
-88.7,34.4
-88.8,34.1
-88.84,34.357
-88.4,34.1
-89.19,34.33
-88.2,34.7
-88.3,34.2
-89.2,33.9
-88.721,34.187
-89.8,33.8
-89.39,34.13
-89.5,33.9
-89.4,34
-89.3,33.8
-90,33.5
-90.1,33.9
-90.1,34
-89.7,33.9
-90,33.4
-90.2,33.3
-89.6,33.6
-90.02,34.13
-90.3,33.9
-89.55,33.77
-90.1,33.6
-90,33.7
-90.4,33.4
-89.9,33.6
-90.3,33.7
-90.226,33.66
-90.353,33.38
-89.919,33.518
-89.9,34.1
-89.4,34.19
-90.2,33.8
-89.3,34
-90.3,33.6
-89.9,33.9
-90.2,33.4
-90.37,33.97
-90.2,34
-89.9,34
-90.2,34
-90.4,34
-90.38,34.1
-89.6,34.1
-90.346,33.949
-89.7,33.5
-90.5,33.2
-90.2,32.8
-90.4,32.6
-90.5,32.4
-89.9,32.2
-90,32
-89.8,32.8
-90,32.6
-90,32.4
-89.5,32.8
-90.93,32.81
-90.36,32.38
-89.3,32.5
-90.4,32
-90.794,33.073
-89.9,31.99
-89.9,33.1
-90.6,32.3
-89.5,33.2
-91,31.7
-90.3,32.6
-90.1,32.1
-89.5,32.4
-90.2,31.88
-89.9,32.9
-90.1,31.9
-90.4,31.8
-90.8,32
-90.74,32.78
-89.5,33.1
-89.4,32.4
-89.7,32.6
-90.1,33.1
-91.1,31.8
-90.6,33
-89.4,33.1
-90.1,32.5
-89.8,31.9
-91,32.7
-89.8,31.9
-90.6,33
-89.6,31.9
-89.6,32.4
-89.7,31.8
-91.4,31.5
-90,31.8
-90.8,31.8
-89.8,32.3
-90,32.9
-90,31.8
-91,32
-89.57,32.27
-89.5,32.1
-90.4,32.2
-90.8,32.5
-90.16,32.42
-90.8,32.8
-89.8,33
-90.63,32.63
-90.5,33
-90.1,32.1
-89.4,31.8
-90.3,33.1
-90.3,32.1
-90.2,32.4
-90.6,32.1
-89.7,33.3
-90.8,32.6
-90.1,32.8
-90.9,32.2
-90.8,32.5
-89.4,32.6
-90.4,31.7
-89.8,33.2
-90.1,32.26
-90.5,32.8
-90.19,32.29
-90.17,32.31
-90.2,32.31
-90.23,32.28
-90.17,32.37
-90.1,32.25
-90.3,32.4
-90.11,32.37
-90.26,32.24
-90.2,32.4
-90.16,32.33
-90.212,32.298
-90.16,32.24
-90.09,32.33
-90.24,32.19
-88.6,32.3
-88.7,32.5
-88.8,32.3
-88.62,32.55
-88.73,32.52
-88.6,31.6
-88.9,32.4
-88.9,32.5
-88.68,32.55
-89.1,32.4
-88.7,32.7
-88.9,32.2
-89,32.3
-88.5,32.5
-89.3,32.3
-89,32.5
-89.2,32.1
-89.1,33.1
-88.6,33.1
-88.65,32.42
-89.1,32.3
-89.1,33
-88.9,32.1
-89.04,31.99
-89.1,32.8
-88.55,32.76
-88.8,32.9
-88.7,32
-89,32.1
-88.5,32.8
-89.339,32.566
-88.7,31.9
-88.6,33
-88.6,31.4
-88.77,32.12
-88.5,32.4
-89.1,32.6
-88.9,31.9
-88.7,31.7
-89.3,31.3
-89.4,31.3
-89.337,31.328
-89.7,31.5
-89.2,32
-88.9,31.1
-89.1,31
-89.7,30.7
-89.79,31.54
-89.6,31.6
-89.8,31.2
-89.2,31.6
-89,31.9
-89.15,31.7
-89.1,31.7
-88.6,31.1
-88.6,30.9
-89.5,31
-88.8,31.1
-89.3,31.5
-88.7,31.2
-89,31.2
-89.1,31.5
-89.2,31.3
-89.6,30.5
-89.6,30.8
-89.9,31.6
-89.4,31.2
-88.9,31.4
-89,31.9
-89.9,31.1
-89.5,31.5
-89.3,31.7
-89.24,31.87
-89.6,31.4
-89.9,31.2
-89.07,30.39
-89.1,30.5
-89.04,30.4
-89.5,30.3
-89.37,30.38
-89,30.3
-88.96,30.4
-89,30.5
-88.92,30.41
-88.9,30.44
-88.66,30.42
-89.5,30.4
-89.18,30.37
-89.15,30.72
-88.6,30.5
-88.55,30.45
-88.76,30.4
-88.7,30.6
-88.57,30.38
-89.2,30.3
-89.6,30.3
-89.1,30.7
-89.1,30.6
-89.38,30.29
-89.1,30.9
-88.54,30.36
-90.5,31.6
-90.5,31.4
-90.846,31.458
-91.1,31.1
-91.2,31.3
-90.4499,31.186
-91,31.2
-90.2,31.4
-90,31.24
-90.8,31.2
-90.8,31.5
-90.4,31.2
-90.5,31.1
-90.9,31.4
-90.1,31.5
-89.96,31.43
-90.5,31
-91.1,31.5
-90.31,31.39
-90,31.6
-90.7,31.3
-90.2,31.7
-90.5,31.3
-90.1,31.2
-90.8,31.7
-91.4,31.2
-88.5,33.4
-88.4,33.4
-88.4,33.6
-88.5,33.8
-89.2,33.4
-88.643,33.416
-89.33,33.66
-88.6,33.2
-88.3,33.7
-88.8,33.7
-88.6,33.3
-89.3,33.6
-89.5,33.4
-88.4,33.7
-89.5,33.4
-89.2,33.6
-89.02,33.7
-89.2,33.5
-89,33.6
-88.7,33.8
-88.8,33.4
-88.8,33.4
-88.794,33.454
-88.32,33.59
-89.5,33.5
-89,33.3
-89.276,33.609
-89.3,33.3
-88.7,33.7
-89.1,33.8
-90.66,38.64
-90.4,38.42
-90.56,38.61
-90.45,38.33
-91.14,38.4
-91.3,38.6
-90.75,38.39
-90.65,38.35
-90.53,38.67
-90.38,38.23
-90.6,38.1
-90.53,38.56
-90.7,38.3
-90.61,38.48
-90.46,38.5
-90.4,38.1
-90.75,38.14
-90.36,38.81
-90.27,38.8
-90.28,38.85
-90.37,37.99
-91.3,38.4
-90.67,38.58
-90.83,38.5
-90.64,38.57
-90.79,38.26
-90.39,38.79
-90.45,38.73
-90.42,38.77
-90.46,38.77
-90.4,38.1
-90.4,38.26
-90.55,38.48
-90.6,38.3
-90.59,38.4
-90.4,38.4
-90.42,38.39
-90.9,38.6
-91.2,38.4
-90.45,38.33
-90.86,38.27
-90.826,38.27
-91.3,38.6
-90.7,38.5
-90.43,38.29
-90.82,38.14
-90.82,38.36
-90.7,38.5
-90.39,38.73
-91,38.3
-91.2,38.3
-91.1,38.2
-91,38.4
-90.45,38
-90.51,38.54
-90.89,38.46
-91,38.5
-91.4,38.4
-90.193,38.631
-90.19,38.64
-90.22,38.63
-90.22,38.61
-90.32,38.65
-90.21,38.64
-90.21,38.67
-90.25,38.65
-90.3,38.58
-90.27,38.63
-90.23,38.57
-90.28,38.66
-90.25,38.66
-90.37,38.7
-90.24,38.68
-90.27,38.58
-90.33,38.63
-90.22,38.59
-90.32,38.59
-90.25,38.69
-90.3,38.71
-90.42,38.58
-90.32,38.55
-90.38,38.64
-90.3,38.52
-90.38,38.55
-90.41,38.54
-90.38,38.49
-90.33,38.45
-90.32,38.67
-90.45,38.61
-90.38,38.68
-90.3,38.68
-90.35,38.75
-90.3,38.75
-90.26,38.74
-90.21,38.75
-90.18,38.8
-90.29,38.61
-90.32,38.74
-90.45,38.65
-90.31,38.61
-90.35,38.62
-90.46,38.71
-90.22,38.69
-90.5,38.9
-90.54,38.75
-90.6,38.7
-90.81,39.29
-90.88,38.61
-91.31,39.02
-91.2,39.3
-90.9,39.3
-91.4,39.3
-90.8,38.7
-90.9,39.2
-91,39.2
-91.58,39.27
-90.8,39.1
-90.9,38.8
-91.15,38.98
-91.36,38.91
-91.3,38.8
-91.7,39.3
-91.1,39.5
-91.2,38.6
-91.3,39.2
-91.5,39
-90.88,38.93
-91.5,38.9
-90.7,38.9
-90.79,38.77
-90.73,38.75
-90.76,38.93
-91.25,39.08
-90.38,38.93
-90.63,38.8
-91.1,39.1
-91,39
-91.26,38.97
-91.5,39.3
-91.2,38.8
-91.6,39.1
-90.9,38.8
-90.2,38.9
-91.1,39.1
-91.7,38.9
-90.8,39
-91,38.8
-91.4,39.7
-91.5,40.3
-92.3,39.7
-92,40.5
-91.13,39.53
-92,39.9
-91.6,40.2
-91.6,39.5
-92.2,39.7
-91.68,39.96
-91.9,39.8
-91.7,40
-91.3,39.5
-91.88,39.72
-91.7,40.4
-92,40.1
-91.8,40.1
-91.54,40.02
-92.14,39.71
-92.21,39.91
-91.81,40.1
-91.9,40.5
-91.6,39.9
-91.7,39.7
-91.7,40.1
-92.01,40
-91.4,39.6
-92.3,40
-91.5,39.8
-91.7,39.4
-91.75,39.85
-92.11,40.01
-91.65,40.49
-91.4,39.7
-92,39.7
-92,39.8
-91.52,39.9
-91.57,40.43
-91.8,40.2
-91.9,40.3
-92.6,40.2
-92.5,39.9
-92.25,40.28
-92.6,39.8
-92.4,40.2
-92.7,39.8
-92.64,40.57
-92.4,40.5
-92.1,40.2
-92.7,40
-92.8,39.9
-92.39,40.09
-92.63,40.51
-92.02,40.35
-92.9,40.3
-92.9,40.2
-92.5,40.3
-92.26,40.17
-92.51,40.53
-92.5,40
-92.74,40.51
-92.4,39.8
-92.1,40.5
-93.1,40.2
-92.9,40
-92.8,39.7
-92.7,40.3
-93.11,40.33
-92.6,40.5
-92.11,40.32
-92.9,40.5
-92.94,40.03
-92.71,40.41
-90.6,37.8
-90.6,37.4
-90.6,37.5
-90.9,37.8
-90.8,37.7
-90.66,37.75
-91,37.5
-90.65,38.04
-90.2,38.1
-90.5,37.9
-91.2,37.5
-90.7,38
-90.8,37.77
-91,37.4
-90.51,37.34
-90.52,37.71
-91,37.3
-90.4,37.8
-90.3,37.5
-90.7,37.81
-90.7,37.6
-90.59,37.86
-90.8,37.5
-90.2,37.4
-90.71,37.67
-90.71,37.91
-90.1,37.5
-90.64,37.62
-90.9,37.9
-90.92,37.33
-91,37.2
-90.2,37.9
-90,37.8
-90.8,38
-90.71,37.31
-89.6,37.4
-89.54,37.28
-89.9,37.1
-89.57,37.6
-89.8,37
-89.5,37.1
-89.957,37.084
-89.8,37.35
-89.7,37.2
-89.4453,37.1583
-89.83,37.51
-89.735,37.196
-89.658,37.251
-89.694,37.701
-89.81,37.56
-89.6,37.7
-90.1,37.3
-90.06,37.33
-89.6,37.4
-89.55,37.189
-89.9,37.27
-90.2,37
-90,37.3
-89.81,37.44
-89.5,37.1
-89.8,37.5
-89.71,37.6
-89.7,37.1
-89.76,37.1
-89.8,37.7
-89.5,37.1
-89.94,37.54
-90.01,37.07
-89.68,37.61
-89.698,36.998
-89.8,37.3
-90.1,37.1
-89.6,36.9
-89.33,36.82
-90.23,36.06
-90,36.7
-89.5,36.9
-89.6,36.9
-89.9,36.9
-89.85,36.17
-89.88,36.26
-89.67,36.79
-90.31,36.06
-89.7,36.1
-89.7,36.6
-89.3,36.9
-89.99,36.44
-89.8,36.1
-90,36.8
-89.3,36.7
-89.8,36.8
-90.03,36.442
-89.9,36.4
-89.99,36.13
-89.7,36.3
-90.03,36.38
-89.871,36.057
-90.1,36.1
-90,36.2
-89.5,36.6
-89.63,36.6
-90.01,36.56
-89.61,36.53
-89.5,36.8
-89.66,36.75
-89.5,36.6
-89.8,36.6
-89.7,36.4
-89.818,36.55
-90.17,36.14
-89.8,36.1
-89.817,36.505
-89.82,36.36
-90.027,36.332
-89.2241,36.9095
-90.5,36.7
-90.3,36.7
-90.1,36.5
-90.28,37.24
-90.9,36.7
-90.1,36.8
-90.7,37
-90.64,36.66
-90.2,36.8
-91.2,36.9
-91.1,36.6
-90.8,36.8
-90.4,37.1
-90.54,36.64
-90.29,37.14
-90.66,37.04
-90.64,36.56
-90.5,36.6
-90.67,36.6
-90.6,37.2
-90.7,37.2
-90.1,37
-90.3,36.6
-90.5,36.8
-90.4,37.2
-91,37
-90.3,37
-90.5,37
-93.5,39.1
-94.1,39
-94.55,38.79
-94.25,39.01
-94.31,39.02
-94.21,39.12
-94,39.2
-94.73,39.45
-93.9,38.8
-93.6,39
-93.6,39.1
-93.67,39.19
-94.2,39.3
-94.2,39
-94.52,38.88
-94.28,38.85
-93.8,39.3
-93.95,39.21
-93.7,39.1
-94,38.7
-94.35,39.44
-94.42,39.12
-94.45,39.07
-94.46,39.11
-94.44,39.11
-94.41,39.05
-94.31,39.11
-94.31,39.06
-94.31,39.18
-94.4,39.4
-94.1,38.8
-94.2,39.5
-94.35,38.91
-94.32,38.99
-94.35,38.89
-94.131,39.135
-93.8,39.2
-94.4,39.3
-94.14,38.89
-93.8,39
-94.4,39.3
-94.07,39.09
-94.2,39
-93.9,39
-94.1,39.2
-94.47,38.7
-94.8,39.4
-94.3,38.8
-94.39,38.91
-94.4,38.86
-94.45,38.79
-94.1,39.4
-93.9,39.3
-94.3,38.9
-94.19,39.16
-94.6,39.4
-94.3,38.8
-94.75,39.22
-93.7,38.8
-93.7,39.2
-93.98,39.11
-94.9,39.5
-94.599,39.104
-94.59,39.11
-94.57,39.1
-94.58,39.08
-94.57,39.07
-94.57,39.03
-94.59,39.06
-94.59,39.04
-94.59,39.01
-94.6,38.96
-94.57,39.15
-94.52,39.16
-94.58,39.21
-94.51,39.21
-94.52,39.13
-94.52,39.11
-94.54,39.11
-94.49,39.11
-94.49,39.09
-94.55,39.1
-94.54,39.06
-94.5,39.05
-94.54,39.03
-94.57,38.96
-94.55,38.98
-94.47,39.02
-94.48,38.92
-94.4,39.01
-94.54,38.94
-94.47,38.97
-94.41,38.97
-94.59,38.88
-94.57,38.89
-94.55,38.85
-94.46,38.87
-94.63,39.17
-94.63,39.21
-94.75,39.22
-94.74,39.29
-94.63,39.28
-94.57,39.27
-94.52,39.28
-94.47,39.27
-94.48,39.23
-94.45,39.16
-94.7,39.33
-94.63,39.33
-94.58,39.32
-94.53,39.32
-94.48,39.32
-94.57,39.11
-94.71,39.63
-94.3,40.3
-94.3,40.5
-94.93,39.91
-94.48,39.91
-94.9,40.2
-94,40.3
-93.86,40.51
-94.9,40.1
-95.1,40.4
-94.2,39.7
-94.57,39.83
-94.98,40.53
-94.671,40.266
-94.685,40.246
-94.74,40.25
-94.69,39.87
-95.4,40.1
-94.43,40.18
-94.8,39.5
-94.92,39.58
-94.28,40.42
-94,40.5
-94.7,39.7
-94.6,39.5
-95.13,40.52
-95.4,40.3
-94.82,39.61
-95,40
-95.2,40
-94.45,40.33
-94.6,39.6
-95,40.2
-94.4,40.5
-94.68,40.15
-94.2,40.5
-94.65,39.93
-94.8,40.5
-94.5,40.1
-94.3,39.6
-95.1,40.2
-94.2,40.4
-94.9,40.3
-94.4,39.9
-95.2,40.2
-94.2,40.3
-95.1,40
-94.4,39.7
-94.6,40.4
-94.8,40.5
-94.5,39.6
-94.66,40.35
-94.71,40.06
-93.9,40.4
-95.6,40.4
-94.84,40.05
-95,39.6
-94.8,39.9
-94.6,40.5
-95.1,40.3
-94.6,40.3
-94.5,39.8
-95.3,40.4
-94.52,39.48
-94.32,39.64
-94.6,40
-95.63,40.47
-94.2,39.9
-95.3,40.5
-94.45,40.42
-94.84,39.76
-94.85,39.75
-94.9,39.69
-94.84,39.83
-94.8,39.79
-94.8,39.7
-93.5,39.8
-94.1,39.9
-93.5,39.5
-93.3,39.5
-93.8,39.6
-93.8,39.7
-93,39.8
-93.1,40
-92.9,39.8
-93.8,40.5
-93.5,39.4
-93.5,39.9
-93.99,40.11
-93.9,39.6
-93.61,39.64
-93.2,39.4
-93.9,39.9
-93.4,40.2
-93.9,40.2
-93.4,39.6
-94,39.7
-93.31,40.27
-93.3,40.1
-94,40
-93.8,40
-94.1,39.8
-94.1,39.6
-93.18,39.77
-93.44,40.02
-93.2,39.9
-93.776,39.849
-93.2,40.4
-93.69,39.66
-94.3,40.1
-92.9,39.7
-93.3,39.8
-93.1,39.6
-93.5,40.5
-93.7,39.74
-93.3,40.4
-93.7,39.4
-94.1,40.1
-94.1,39.6
-93.2,40.5
-93.6,40.4
-93.1,40
-93.06,39.66
-93.6,40.2
-93.2,39.6
-93.49,39.56
-93.6,40.1
-93.62,39.73
-93.4,39.8
-94.15,39.88
-94.3,38.6
-94.3,38.4
-94.55,38.27
-94.55,38.4
-94,38.1
-94.4,38.5
-93.9,38.5
-94.5,37.7
-94.3,38.3
-93.8,38.6
-94.6,38.7
-93.8,38.4
-93.7,37.9
-94.09,38.51
-93.7,38.2
-94.55,37.81
-94.53,38.52
-94.3,38.6
-94,37.8
-94.54,38.17
-94.49,38.61
-94.2,38.6
-94.1,37.4
-94.13,37.93
-94.5,38
-94.3,37.3
-94.01,37.63
-94.3,37.5
-93.7,38.6
-94.5,37.5
-93.7,38.2
-94.442,37.997
-94.2,37.8
-94.55,37.44
-94,38.3
-94.46,37.77
-94.3,37.8
-93.8,38
-94.5,37.9
-94.4,38
-94.1,38.1
-93.812,37.974
-94.1,38
-94.2,37.7
-94,38.4
-94.2,37.9
-94.5,37.1
-94.5,37
-94.418,37.237
-94.4,36.7
-94.6,37.3
-94.131,37.196
-94.56,37.2
-94.44,37.15
-94.3,37.2
-94.33,37.02
-94.5,37.1
-94.1,36.79
-94.4,36.73
-94.2,36.9
-94.44,36.6
-93.98,37.21
-94.3,37.3
-94.4,36.9
-94.4,36.6
-94.5,37.3
-94.3,36.6
-94.436,37.242
-94.528,36.898
-94.1,37.2
-94.13,36.69
-94.1,37.1
-94.6,36.6
-94.6,36.8
-94.14,36.87
-94.2,36.7
-94.48,37.19
-94.05,37.01
-94.06,36.76
-92,38.26
-92.3,38.8
-92.7,38.4
-91.8,38.3
-91.6,38.3
-91.9,38.6
-92.5,38.1
-92.6,38.6
-92.8,38
-92.4,38.7
-91.8,38.6
-92.7,38.7
-92.6,38.3
-92.4,38.3
-92.8,38.6
-91.9,38.4
-92.9,38.2
-92.3,38.7
-92.3,38.36
-91.4,38.7
-92,38.6
-92.5,38.8
-92.55,38.17
-92.04,38.32
-92.67,38.2
-92.69,38.55
-91.8,38.5
-92.7,38.1
-92.38,38.54
-91.95,38.47
-92.1,38.2
-91.88,38.7
-91.6,38.6
-91.65,38.49
-92.1,38.7
-92.48,38.4
-92.66,38.14
-91.5,38.4
-91.7,38.8
-92.61,38.82
-91.6,38.8
-92.73,38.27
-92.5,38.5
-92.3,38.3
-92.2,38.37
-91.8,38.8
-93,38.4
-92.7,38.1
-91.98,38.64
-92.8,38.6
-92.4,38.2
-92.44,38.14
-92.8,38.4
-92.1,38.4
-92.1,38.5
-92.3,38.6
-92.2,38.9
-92.3,39
-92.4,38.9
-92.319,38.952
-92.7,39.3
-91.9,39
-91.77,39.12
-92.7,38.9
-93.08,39.46
-92.8,38.8
-92.4,39.5
-92.1,39.2
-92.4,39.3
-92.6,39.5
-93.03,39.38
-92.5,39.6
-92.7,39.1
-92.8,39.1
-92,38.8
-92.9,39.2
-92.2,39.1
-92.4,39.1
-92.5,39.3
-92.14,39.48
-92.6,39.5
-92.4,39.6
-92.9,39.5
-91.9,39
-92.2,39.5
-91.69,39.09
-91.9,39.2
-92.4,39.4
-92.7,39
-92,39.5
-92.9,38.8
-92.3,39.3
-92.5,39
-91.74,39.2
-92.8,39.5
-91.8,39.4
-91.8,39.5
-92.32,39.18
-92,39.2
-93.2,39.5
-92.52,38.88
-93.2,38.7
-93.57,38.73
-92.947,39.071
-93.42,39.11
-92.95,38.99
-93.6,38.4
-93,38.1
-93.2,38.4
-93.1,38.2
-93.496,38.985
-92.98,38.61
-92.95,39.22
-93.4,38.6
-93.3,38.9
-93.2,38.8
-93.33,38.52
-93.6,38.8
-93.4,38.8
-93.3,38.4
-93.4,39.2
-93.2,39.1
-93.2,39.3
-93.15,38.54
-93,39
-93,38.7
-93,39.2
-93.1,38.7
-93.4,39
-92.89,38.64
-93.4,38.2
-93.5,38.5
-91.8,37.9
-91.96,37.62
-91.5,36.9
-91,37.7
-91.22,37.64
-91.2,38.1
-92.1,38.11
-92.1,37.4
-91.26,37.8
-91.48,37.86
-92.3,37.9
-91.4,38.1
-91.2,37.8
-92.05,37.84
-92.1,38
-92.03,37.68
-91.9,37.7
-92.79,37.83
-91.9,37.2
-91.4,37.2
-91.81,37.27
-92.4,37.5
-92.1,37.7
-91.69,37.31
-92,37.3
-92.2,37.4
-92.3,38.1
-91.56,37.49
-92,37.92
-92.3,37.7
-91.29,38.07
-92.7,37.7
-91.75,37.65
-91.9,37.5
-92.3,37.5
-91.8,37
-91.9,37.9
-92.2,37.5
-91.8,37.4
-92.4,37.8
-92.09,37.51
-91.6,38
-91.5,37.6
-91.96,37.24
-91.3,37.9
-91.11,37.73
-92.6,37.8
-92.1,37.46
-91.7,37.2
-91.79,38.12
-91.9,38.2
-92.3,37.8
-92.11,37.82
-91.36,37.85
-91.2,37.1
-91.81,37.23
-92.9,37.6
-92.6,38
-93.56,37.52
-93.85,37.51
-93.6,37.3
-93.7,36.9
-91.4,36.7
-92.6,36.9
-92.13,36.56
-93.5,37
-93.36,36.56
-93.56,37.22
-93.4,37.6
-92.9,36.7
-93.2,36.7
-93.34,37.44
-92.4,36.75
-93.4,37.12
-92.95,37.01
-93.1,37.6
-93.93,36.74
-93.54,36.74
-93.8,36.7
-92.1,36.6
-93.02,36.57
-93,36.9
-93.19,36.84
-93.43,37
-92.8,37.5
-93.5,36.9
-93.2,38
-93.7,37.5
-92.2,36.8
-92.4,36.9
-93.54,37.7
-93.76,36.53
-93,37.5
-93.7,37.3
-93.99,36.69
-93.2,37.4
-93.6,37.6
-93.47,37.8
-92.9,37.1
-93.1,36.7
-93.91,37.02
-92.4,36.6
-93.5,36.8
-92.99,36.86
-93.64,36.55
-92.27,37.33
-93.83,37.43
-92.6,37.4
-93.3,37.6
-93.63,37.192
-92.5,37.3
-93.3,37.9
-93.31,36.92
-93.3,36.6
-93.6,37.8
-92.6,36.6
-93.1,36.6
-93,36.63
-93.46,36.56
-93.9,37.4
-93.15,37.75
-93.44,36.63
-92.1,37.2
-91.3,36.6
-91.7,36.6
-92.51,37.1
-92.6,37.2
-93.6,37
-92.9,37.3
-93.8,37.2
-93.9,36.9
-93.42,37.48
-92.3,37.3
-93.8,37.1
-92.7,37.4
-93.32,37.03
-92.6,36.73
-92.4,37.1
-92.98,36.96
-93.2,37.1
-92.8,37.6
-94.1,37
-93.32,37.85
-93.27,37.45
-93.3,37.74
-93.34,36.88
-92.53,36.52
-94.2,36.6
-93.121,36.657
-93.17,37.95
-92.86,36.55
-93.9,36.8
-93.5,38
-93.4,36.7
-93.5,37.1
-93.27,36.52
-93.17,36.71
-93.1,37.1
-92.88,36.61
-94,36.5
-92.8,37.1
-93.6,36.6
-93.82,37.33
-93,37
-93.3,36.85
-92.59,36.85
-93.97,37.1
-93.1,37.3
-93.02,36.75
-92.27,36.59
-92.7,36.6
-92.6,36.7
-93,37.8
-92.23,36.53
-93.11,37.84
-92.2,37
-93.8,36.9
-93.5,37.4
-93.21,36.77
-93.98,36.59
-92.5,36.7
-93.51,37.87
-91.9,36.7
-91.98,36.56
-91.27,36.52
-93.4,38
-93.4,37.3
-92.92,37.71
-92.33,36.71
-93.8,37.7
-93,38
-92.9,38.1
-91.7,36.83
-91.9,36.9
-92.07,36.71
-91.5,36.6
-91.9,37
-93.3,37.2
-93.3,37.3
-93.25,37.15
-93.3,37.21
-93.33,37.17
-93.19,37.17
-93.32,37.12
-109.6,45.5
-108.7,46
-106.3,45.5
-108.1,45.9
-109.1,45.1
-109.1,45.1
-107.2,46
-109.9,45.9
-106.5,45.3
-109,45.5
-108.6,45.2
-108.9,46.1
-106.9,45.5
-110.61,45.88
-109.2,45.6
-109.935,45.02
-107.7,45.6
-107.7,46.2
-106.7,45.2
-108.86,45.46
-110.9,45.2
-109.8,45.3
-108.9,45.4
-110.4,45.1
-107.3,45.5
-108.8,47
-109.7,45.7
-107.7,45.9
-107.9,45.3
-110,46.5
-108.2,45.9
-107.4,46.3
-107.5,46.6
-108.9,45.5
-106.5,45.6
-108.7,45.6
-109,46.4
-110.5,45.5
-107.8,45.2
-110,45.5
-110.5,46.5
-107.87,46.6
-109.9,46.1
-109,45.9
-107.7,47
-108,46.5
-109.8,45.5
-105.9,45.4
-109,45.7
-107.9,46
-110.7,45.3
-107.9,45.3
-109.3,46
-109.5,45.2
-109.6,45.7
-109.2,45.3
-109.49,45.37
-108.6,46.4
-109.4,46.3
-107.7,45.5
-107.08,46.29
-107.2,47.1
-109.6,46.3
-108.3,46
-109.99,45.01
-110.6,45.5
-110,46.5
-110.7,46
-108.3,47.2
-108.1,46.1
-107.8,45.1
-108.4,45.7
-108.58,45.77
-108.5,45.9
-108.7,45.8
-105.6,48.1
-104.4,48.7
-104.2,48.2
-104.8,48.2
-105.9,47.2
-105.7,47.5
-104.26,47.578
-104.5,48.1
-104.2,48.6
-104.2,47.9
-105.2,48.7
-106.6,48
-106,48.3
-104.4,48.3
-106.6,48.3
-106.54,48.4
-106.3,48.8
-106.9,48.6
-104.5,48.4
-104.8,47.8
-106.3,48.6
-104.4,48.5
-106.3,48.3
-106.5,48.8
-104.8,48.9
-105.8,48.8
-104.5,48.8
-105.2,48.1
-104.63,48.94
-104.9,48.8
-104.8,48.6
-105.1,47.6
-106.1,48.7
-107.4,48.6
-104.5,47.5
-105.6,48.8
-104.3,47.6
-105.4,47.8
-104.3,48.9
-105.3,48.9
-105.7,46.2
-104.5,45.2
-106.3,46.7
-104.3,46.3
-105.6,45.2
-104.9,47.5
-105.3,45.4
-107.6,47.3
-106.5,47.1
-106.7,45.9
-104.5,45.8
-104.9,46.7
-106.9,46.4
-104.7,47.2
-104.7,45.4
-106.3,46.2
-105.1,46.4
-107.1,47.6
-105.8,46.6
-105.2,47.2
-105.4,45.7
-104.6,46.4
-106.5,46.2
-105.5,46.9
-105.6,45.9
-104.3,47
-104.4,46.1
-111.27,47.52
-111.4,47.5
-111.2,47.3
-112.4,47.4
-113.3,48.9
-110.9,47.3
-111.27,47.54
-111.6,48
-113.2,48.7
-109.7,46.8
-112.3,48
-111,47.9
-111.7,47.2
-112.4,47.8
-110.04,47.38
-111.9,48.2
-112.6,48.7
-109.8,47.5
-112.499,48.192
-111.7,47.9
-113.3,48.4
-112.1,47.6
-111.1,47.7
-109.1,46.9
-110.6,47.9
-111.8,47.5
-111.4,48.7
-110.1,47.7
-110.4,47.2
-112.7,48.3
-110.7,47.6
-109.3,47.4
-110.2,46.9
-109.6,46.6
-112,48.7
-111.5,48.3
-109.3,47
-110.4,48.1
-111.2,48.6
-109.9,47.1
-110.9,47
-109.6,46.9
-110.7,46.9
-111.7,48.8
-112.3,48.1
-111.7,47.7
-110.7,47.2
-108.8,47.4
-111.15,47.4
-111.7,48.5
-111.7,47.2
-110.2,47.2
-111.1,47.2
-111.8,48.9
-111.7,47.5
-111.8,48.9
-111.7,47.2
-112.6,48.3
-111.6,47.6
-109.2,47.7
-109.9,48.6
-110.1,48
-110,48.3
-111.1,48.5
-109.1,48.6
-108.5,48.1
-110.3,48.6
-108.7,48.7
-108.7,48.2
-110.5,48.5
-108.7,48.8
-110.6,48.6
-110.9,48.6
-110.1,48.6
-109.2,48.1
-108,48.8
-107.8,48.1
-110.5,48.8
-108.6,48.9
-107.5,48.8
-111.2,48.8
-108.5,47.8
-109.04,48.71
-112.1,46.5
-111.9,46.8
-112.264,46.271
-112,46.1
-112.4,46.9
-112.1,46.4
-111.8,46.5
-112.11,46.62
-112.026,46.391
-112.6,46.9
-112.3009,46.7508
-110.8,46.3
-111.6,46.1
-111.4,46.5
-111.1,46.7
-111.67,46.5
-112.5,47.4
-112.4,46.1
-112.5,46
-112.108,45.325
-113,46.1
-112.6,46.6
-111.1,46
-111,45.7
-111.33,45.26
-111.1,45.6
-111.7,45
-111.9,45.8
-112.7,46.4
-113.1,44.8
-112.9,45
-112.8,45.8
-112.426,46.56
-111.9,45.2
-111.2,45.3
-112.6,46.6
-112.9,45.1
-112.9,46.5
-111.7,45.7
-113.5,45.4
-112.2,44.7
-111.74,45.49
-111.4,45.8
-112.686,45.63
-111.71,45.55
-113.123,45.361
-111.8927,45.6602
-112.67,46.01
-112,45.4
-112.7,46
-112.4,45.7
-111.5,45.9
-112.5,45.5
-112,45.3
-112.81,46.18
-111.2,44.8
-112.2,45.9
-111.5,45.9
-113.6,45.7
-113.1,45.8
-113.99,46.86
-113.9,46.9
-114,46.8
-114.2,46.9
-114.1,47
-114.5,46.9
-114.1,47.2
-113.6,47
-114.1,47.4
-113.6,46.7
-113.7,47.4
-114.1,45.8
-114,46.3
-114.3,45.8
-115.346,47.376
-114.4,47.3
-113.3,46.7
-114.1,46.7
-114.2,47.1
-113.2,46.5
-114.2,46.2
-114.1,46.2
-115.416,47.387
-112.9,46.9
-115.9,48.1
-114.5,47.7
-114.5,47.1
-114.4,46.8
-114.8,47.8
-113.9,47
-115.8,48.1
-113.1,47.2
-114.118,47.599
-114.8,47.6
-113.5,46.3
-114.7,47.6
-114.2,47.8
-114.17,47.28
-114.1,47.5
-114,47.3
-115.3,47.4
-115.4,47.4
-113.6,47.3
-114.1,46.5
-113.8,46
-114.9,47
-115.4,47.7
-115.7,47.8
-114.3,46.4
-113.8,48.1
-114.4,47.7
-113.7,47.9
-114.2,48.4
-114.048,48.418
-114.26,47.88
-114.31,47.85
-113.9,48.6
-114.9,48.7
-114.904,48.764
-114.07,48.38
-114.6,48.1
-114.3,48
-115.4,48.2
-114.8,48.1
-114.03,48.38
-114.6,48.5
-114.4,48.7
-114.4,47.9
-115.2,48.8
-114.23,47.92
-114.21,48.08
-114.81,48.691
-114.9,48.7
-115.7,48.6
-114,48
-114.6,48.5
-96.949,41.334
-96.3,41.5
-96.4,41.1
-96.6,42
-95.89,41.14
-96.2,41.37
-96.2,41.5
-96.13,41.26
-96.96,41.28
-96.6,41.4
-96.1,41
-96.6,41.1
-96.61,41.3
-96.4,41.8
-96.3,42
-96.3,41.3
-96,41.5
-96.6,41.4
-96.2,41.1
-96.3,41.7
-96.45,42.33
-96.5,41.6
-96.49,41.17
-96.22,41.45
-97,41.4
-96.1,41
-96.5,42
-96.34,42.12
-96.74,41.28
-96.5,41.26
-96.433,41.097
-96.46,41.54
-96.5,41.8
-96.07,41.12
-96.7,42.1
-96,41
-96.83,41.31
-96.47,42.07
-96.7,41.6
-96.23,41.01
-96.16,41.06
-96.2,41.8
-96.7,42.2
-96.504,41.734
-96.4,41.4
-96.9,41.1
-96.6,41.2
-96.47,42.16
-96.209,41.397
-96.33,41.25
-96.8,41.2
-96.5,42.2
-96.505,41.609
-96.4,41.2
-95.93,41.26
-96,41.3
-95.97,41.24
-96,41.24
-95.95,41.21
-95.93,41.24
-95.91,41.3
-95.97,41.3
-95.9,41.4
-95.91,41.12
-96.05,41.26
-96.17,41.3
-96,41.21
-96.19,41.26
-96.05,41.37
-95.95,41.11
-96.05,41.24
-96.05,41.21
-96.07,41.18
-96.19,41.23
-95.96,41.27
-96,41.26
-96,41.13
-96.05,41.3
-96.19,41.21
-96.19,41.17
-96.12,41.21
-96.13,41.15
-96.1,41.37
-96.12,41.23
-95.96,41.18
-96,41.37
-96.12,41.26
-95.99,41.18
-96.11,41.3
-95.93,41.26
-96.6,40.5
-97.4,40.3
-96.39,40.88
-95.9,40.3
-96.1,40.8
-96.573,40.048
-96.7,40.3
-97.3,40.8
-97.03,41.02
-97.55,40.26
-97.62,41
-96.5,40.7
-96.6,40.1
-97.8,40.9
-96,40.4
-95.7,40.4
-97.6,40.3
-96.3,40.1
-96.28,40.56
-97.7,40
-97.7,40.2
-97.5,40
-96.84,40.47
-96.14,40.53
-96.7,40.47
-96.3,40.3
-96.9,40.6
-97.8,40.31
-96.7,40.95
-95.83,40.13
-97.2,40.3
-96.86,40.73
-97.73,40.13
-96.9,40.4
-96.9,40.1
-97.1,40.6
-96.4,40.57
-96.07,40.06
-96,40.7
-96.43,40.81
-96.1,40.28
-96.31,40.83
-97.08,40.05
-97.4,40.6
-97.2,40.2
-97.6,40.6
-95.6,40.1
-96.5,40.3
-96.6,40.5
-97.3,40.6
-96.96,40.94
-97.6,40.5
-97.46,40.2
-97.219,40.834
-97.75,40.65
-96.5,41
-97.35,41.01
-96.83,40.57
-97.58,40.19
-97.8,40.8
-96.6,40.61
-97.46,40.03
-95.9,40.1
-97,40.2
-96.01,40.42
-95.87,40.52
-96.39,40.22
-96.5,40.1
-96.024,40.597
-97.6,40.7
-96.85,40.91
-96.164,40.922
-96.8,40.6
-97.1,40.8
-97.4,40.5
-96.26,40.92
-95.94,40.91
-95.9,40.6
-96,40.8
-95.8,40.3
-96.8,40.1
-97.43,40.39
-96.09,40.73
-96.4,40.7
-96.5,40.59
-96.1,40.1
-95.8,40.5
-96.7,40.4
-97,40.8
-97,40.3
-96.8,41
-96.65,40.66
-95.39,40.05
-95.73,40.06
-97.1,40.9
-97.73,40.4
-95.7,40.22
-96.8,40.6
-97.21,41
-97.02,40.07
-96.2,40.2
-95.76,40.23
-96.3,40.5
-97.55,40.4
-97.1,40.4
-96.2,40.7
-96.08,40.2
-96,40.6
-96.3,40.3
-97.87,40.39
-97.3,40.4
-96.3,40.7
-95.91,40.82
-97.31,40.92
-95.72,40.14
-96.51,40.23
-97.4,40.9
-96.51,40.76
-96.5,41
-96.14,40.88
-97.2,40.4
-97,40.5
-96.7,40.1
-97.6,40.9
-96.7,40.78
-96.67,40.83
-96.66,40.85
-96.62,40.82
-96.64,40.78
-96.61,40.86
-96.7,40.82
-96.65,40.81
-96.7,40.74
-96.65,40.92
-96.64,40.73
-96.61,40.94
-96.53,40.79
-96.71,40.86
-96.76,40.79
-96.76,40.74
-96.82,40.88
-96.58,40.73
-96.53,40.85
-96.81,40.82
-96.71,40.9
-96.86,40.79
-97.4,41.5
-98.1,41.7
-96.63,41.51
-98.5,41.9
-98.12,41.44
-97.2,41.3
-96.99,41.17
-98.2,41.6
-97.8,41.2
-97.1,41.7
-97.4,41.7
-97.2,41.2
-96.9,41.7
-97.494,41.39
-97,41.1
-98.1,41.9
-98.6,41.8
-98.1,41.4
-97.8,41.4
-97,41.7
-97.5,41.7
-97.3,41.7
-97.7,41.7
-97.6,41.5
-96.79,41.39
-96.8,41.5
-97.6,41.3
-98.1,41.9
-97.49,41.54
-97.8,41.1
-98.26,41.64
-97.3,41.2
-96.93,41.5
-97.9,41.6
-97.1,41.5
-97.4,41.3
-97.68,41.34
-96.788,41.703
-98.4,41.7
-97.6,41.1
-97.31,41.11
-97.2,41.1
-97.5,42
-96.8,42.4
-99,42.2
-99,42.5
-99.5,42.5
-97.6,42
-96.8,41.9
-97.21,42.4
-97.7,42.7
-98.6,42.9
-97.9,42.4
-98.9,42.9
-97.2,42.3
-97.9,42.6
-98.8,42.1
-98.2,42.1
-97.2,42.5
-96.94,42.35
-97.9,42.5
-97.5,42.7
-96.48,42.41
-97,42.5
-96.7,42.3
-98.8,42.4
-98.5,42.2
-97.4,42.7
-97.2,42.6
-97.3,42.2
-96.6,42.4
-98.5,42.3
-96.6,42.5
-97.1,42.5
-98.4,42.9
-97.45,42.4
-97.5,41.8
-97.48,42.45
-96.981,42.691
-97.7,42
-99.4,42.9
-99.1,42.9
-97.9,42.2
-96.9,42.6
-97.8,41.7
-99.4,42.5
-98,42.8
-98,42.1
-98.6,42.5
-98.2,42.4
-97.6,42.3
-98.4,42.4
-97.5,42.2
-97.1,42
-97.8,42.3
-96.7,42.6
-97.4,42.4
-98.1,42.3
-97.31,42.81
-96.45,42.46
-98.7,42.9
-99.8,42.9
-97.2,41.9
-99.1,42.6
-97.8,42
-98.1,42.6
-96.9,42.2
-96.73,42.48
-97.6,42.5
-97,42.2
-96.7,41.9
-98,42.5
-97.2,42.2
-96.9,42
-97.1,42.7
-98.3,41
-98.4,40.9
-98.44,40.86
-99.3,40.9
-99.9,41.6
-99.4,41.3
-99.1,41.5
-98.14,41.17
-98.8,41.3
-98,40.8
-98.7,41.1
-99.9,41.9
-99.5,41.5
-99,41.9
-98.6,41
-100,41.2
-98,41.2
-98.2,41
-99.2,41.6
-98.6,41.1
-98.4,40.8
-100,41.8
-99.7,41
-98.6,41.3
-99.4,40.7
-99.06,41.65
-98.68,41.22
-98.9,40.8
-98.2,40.8
-98.5,41.6
-97.9,40.9
-99.06,41.06
-99.2,40.7
-97.9,41.06
-99,40.8
-99.097,40.702
-99.7,40.9
-99.1,41.2
-99,41.3
-98,41
-99.3,41.2
-99.9,41.4
-99.4,40.9
-98.8,41.5
-99.7,41.2
-99.26,40.69
-98.9,41.6
-99.5,40.8
-98.2,41.2
-98.2,40.9
-99.1,41
-98.9,41
-99.12,40.84
-98.9,41.1
-98.3,41.1
-98.5,41.2
-99.4,41.7
-98.7,41.5
-98.8,40.8
-99.5,41
-99.5,42
-99.382,41.395
-98.4,41.4
-98.6,40.8
-98.4,40.6
-99.3,40.1
-99.9,40.3
-99.5,40.4
-99.1,40.5
-98.43,40.42
-99.8,40.1
-99.6,40.5
-98.6,40.3
-99.06,40.16
-98.4,40.3
-98.8,40.3
-98,40.5
-98.2,40.4
-98,40.4
-99.8,40.3
-99.9,40.6
-98.11,40.43
-99,40.1
-99.3,40.5
-98.3,40.5
-98.33,40.07
-97.9,40
-98.1,40.6
-98.8,40.6
-100,40.1
-99.1,40.3
-100,40.3
-99.3,40.5
-98.7,40.4
-98.7,40.1
-98.23,40.59
-98.5,40.6
-98.7,40.6
-98.2,40.3
-99.5,40.5
-98.9,40.5
-99.1,40.1
-98,40.2
-97.9,40.3
-99.5,40.2
-99.6,40.2
-99.3,40.2
-98.5,40.1
-99.23,40.11
-98.8,40.1
-98.55,40.46
-97.87,40.13
-97.941,40.602
-99.7,40.6
-99.59,40.14
-98.2,40.1
-97.9,40.6
-98.25,40.67
-98.9,40.31
-99.2,40.4
-100.6,40.2
-100.3,40.2
-101.5,40.2
-100.1,40.3
-101.9,40.5
-100.9,40.2
-100.4,40.7
-100.5,40.1
-101.5,40.5
-100.1,40.6
-100.1,40.8
-101.9,40.2
-101.1,40.5
-101.7,40.5
-100.4,40.2
-100.29,40.07
-101.4,40.2
-100.5,40.6
-100.2,40.5
-101.2,40.3
-101.7,40.2
-100.384,40.534
-101.2,40.1
-101,40.2
-101.4,40.5
-100.1,40.1
-100.8,41.1
-100.1,41.5
-101.7,41.6
-102.1,41.1
-100.4,41
-102.8,41.6
-101.9,41.1
-103.9,41.2
-102.4,41.1
-100,40.9
-103,41.4
-101,40.9
-103.5,41.2
-101.3,40.9
-100.3,42.4
-100.2,41
-101.8,40.9
-103,41.3
-100.4,42
-101,41.2
-101.6,41.3
-103.7,41.2
-101.8,41.32
-101.9,41.5
-102.6,41.6
-102.7,41.2
-101.6,40.9
-100.5,41
-101.1,41.9
-101.6,41.1
-102.4,41.6
-101.4,41.2
-103.3,41.2
-100.1,41.9
-100.8,41.9
-103.1,41.1
-100.5,41.5
-101.2,41.2
-100.5,42
-101.1,41.6
-101.9,40.8
-101.1,40.8
-100.8,40.8
-100.067,40.963
-100.8,42.5
-99.9,42.4
-101.4,42.8
-100.9,42.9
-100,42.5
-100.956,42.938
-99.8,42.6
-101.6,42.5
-101,42.8
-100.4,42.9
-100.3,42.7
-103.1,42.2
-103.1,41.9
-102,41.9
-103.3,41.8
-102.1,42.1
-103,41.7
-103,42.8
-103.4,42.7
-102.2,42.2
-103.7,41.8
-102.3,42.7
-103.7,41.5
-103.7,42.5
-102.7,42.6
-103.3,42.3
-101.8,41.9
-102.4,42.2
-103.9,41.8
-103.3,41.7
-103.2,42.5
-103.517,41.782
-103.5,41.9
-103.8,42
-104,42
-102.5,42.7
-103.7,42
-102.555,42.996
-101.6,41.9
-103.3,42.8
-115.4,37.4
-114.95,35.99
-116.7,37
-115.402,36.048
-114.8,35.7
-114.125,36.771
-114.5,37.5
-118,37.8
-114.97,36.08
-115.04,36.01
-117.7,37.7
-115.09,36.06
-114.96,36.05
-115.1,37.8
-115.669,36.578
-115.4,35.7
-116,37
-114.49,36.61
-117.072,38.538
-114.5,36.7
-115.5,35.8
-114.3,36.4
-114.8,35.2
-115.13,36.22
-115.17,36.26
-115.17,36.22
-114.881,35.306
-114.448,36.544
-114.3,37.7
-114.5,38.2
-115.1,35.7
-117.1,38.8
-114.917,35.464
-117.634,37.756
-116,36.2
-116,38
-115.1,35.98
-115.201,35.937
-116.1,36.3
-115.9,36.1
-115.07,36.03
-115.11,36.27
-115.1,36.3
-115.198,36.31
-115.12,36.28
-115.13,36.17
-115.18,36.14
-115.21,36.11
-115.11,36.15
-115.17,36.18
-115.21,36.17
-115.21,36.21
-115.16,36.12
-115.04,36.17
-115.26,36.06
-115.05,36.24
-115.28,36.14
-115.22,36.08
-115.15,36.09
-115.09,36.08
-115.09,36.12
-115.04,36.11
-115.15,36.04
-115.63,36.26
-115.27,36.2
-115.3,36.23
-115.24,36.25
-115.29,36.33
-115.31,36.2
-115.38,36.11
-115.37,36.19
-115.22,36.03
-115.21,35.98
-114.98,36.14
-115.29,36.32
-115.31,36.18
-115.28,36.17
-115.23,36.14
-115.28,36.11
-115.3,36.06
-115.29,36.28
-114.7,36.3
-115.36,36.05
-115.2,36.4
-115.14,36.12
-115.5,35.9
-115.253,35.991
-115.15,35.99
-115.02,36.24
-115,39.4
-117.2,39.7
-114.3,39.1
-115.71,38.93
-116.2,39.7
-115.2,38.9
-114.77,39.4
-114.991,39.278
-120,39.23
-119.4,39.3
-118.7,41.5
-119.7,40.4
-118.3,39.5
-119,39.6
-117.6,38.8
-119.5,38.8
-119.86,39.02
-120,41
-119.93,39.04
-117.4,41
-118.5,38.6
-118.4,40.6
-118.5,40.5
-118.2,38.4
-117.719,41.997
-118.18,38.41
-119.7,39
-119.5,40
-118.1,41.7
-117.4,41.7
-118.7,38.9
-119.64,39.264
-119.2,39.4
-119.3,38.8
-119.74,39.54
-119.77,39.61
-119.5,39.5
-119.71,39.61
-117.3,41
-119.98,39.5
-119.65,39.307
-119.7,39.6
-119.3,39.8
-119.3,38.8
-118,41
-118.2,41.2
-119.1,38.8
-119.93,39
-119.92,38.96
-119.9,39.3
-119.9,39.3
-119.8,38.9
-119.82,39.53
-119.75,39.5
-119.84,39.54
-119.9,39.7
-119.9,39.9
-119.83,39.5
-119.6,39.9
-119.9,39.4
-119.8,39.55
-119.87,39.48
-119.7,39.4
-119.9,39.5
-119.7,39.1
-119.86,39.16
-119.8,39.3
-119.84,39.08
-119.71,39.22
-115.7,41.1
-115.7,40.5
-117,40.5
-116.3,40.5
-116.1,40.8
-115.4,41.4
-115.1,41.7
-115.5,41.5
-115.6,40.6
-114.194,41.263
-116.3,41.6
-116.1,41.948
-115.3,40.3
-116.6,41.2
-115,41
-114.08,40.74
-71.61,42.87
-71.35,42.99
-71.67,42.75
-71.31,43.07
-71.24,42.97
-71.25,43.15
-71.28,42.89
-71.08,43.05
-71.82,42.99
-71.13,42.99
-71.57,43.02
-71.59,43.11
-71.88,42.93
-71.76,42.75
-71.58,42.75
-71.41,42.76
-71.45,42.85
-71.4,42.9
-71.52,42.85
-71.67,42.82
-71.69,42.9
-71.46,42.73
-71.5,42.73
-71.53,42.77
-71.47,42.78
-71.69,42.98
-71.87,42.75
-71.32,42.74
-71.2,43.03
-71.23,42.79
-71.77,42.9
-71.86,42.84
-71.77,42.83
-71.3,42.81
-71.47,42.99
-71.5,43.01
-71.44,42.94
-71.44,43.02
-71.44,43.07
-71.41,42.97
-71.54,42.94
-71.507,43.952
-71.79,43.45
-71.63,43.72
-71.28,43.34
-71.47,43.46
-72,43.3
-71.8,43.6
-71.7,43.9
-71.55,43.35
-71.24,43.36
-71.51,43.71
-71.4,43.8
-71.7,43.2
-71.9,43.5
-71.8,43.45
-71.93,43.43
-71.34,43.22
-71.68,43.45
-71.4,43.4
-71.88,43.95
-72,43.6
-71.83,43.71
-71.82,43.17
-71.76,43.52
-71.9,43.1
-71.6,43.74
-71.48,43.56
-71.4,43.6
-71.6,44
-71.5,43.6
-71.4,43.7
-72.02,43.32
-71.6,43.6
-71.99,43.42
-71.4,43.26
-71.43,43.88
-71.94,43.37
-71.2,43.22
-71.7,44
-71.31,43.31
-71.7,43.7
-71.9,43.8
-71.75,43.39
-71.61,43.54
-71.88,43.29
-71.4,43.2
-71.57,43.43
-71.8,43.3
-71.88,43.94
-72.09,43.19
-71.72,43.08
-71.9,43.9
-72.03,43.49
-71.65,43.93
-71.9,43.4
-71.12,43.13
-71.14,43.18
-71.6,44
-71.5,43.2
-71.7,43.3
-71.55,43.13
-71.4,43.3
-72.3,43
-71.98,43.06
-72.43,42.8
-71.91,43.02
-72.44,42.89
-72.07,42.89
-72.22,43.01
-72.31,42.86
-72.15,42.76
-72.25,43.03
-72,42.98
-72.08,42.94
-72.5,42.79
-72.06,42.83
-72.19,42.9
-72.21,43.13
-72.12,43.01
-71.9,42.9
-72.01,42.75
-72.41,42.89
-72.12,43.07
-72.19,42.83
-72.5,42.89
-72.45,42.97
-72.3,42.8
-71.8,44.3
-71.2,44.5
-71.6,44.2
-71.447,44.256
-71.3,44.9
-71.1,44.9
-71.8,44.2
-71.1,44.3
-71.4,44.6
-71.46,44.4
-71.5,44.5
-71.9,44.2
-71.8,44.22
-71.2,44.6
-71.5,44.7
-71.3,45.1
-71.32,44.39
-71.4,44.2
-71.531,44.995
-71.6,44.4
-72.3,43.23
-72.3,43.1
-72.4,43.2
-72.3,43.1
-72.18,43.23
-72.28,43.21
-72.41,43.09
-72.44,43.14
-71.99,44.18
-72,43.7
-72.3,43.3
-72.31,43.47
-72.33,43.47
-72.1,43.6
-72.18,43.7
-72.09,43.39
-72.11,43.29
-72.14,43.51
-72.2,43.4
-72.2,43.7
-72.05,44.03
-72.24,43.63
-72.12,43.81
-72.28,43.53
-72,44.27
-72.2,43.4
-71.99,44.1
-72.1,43.9
-72.04,43.97
-71.96,44.03
-72.3,43.5
-72.09,43.39
-72.3,43.64
-71.9,44.1
-70.8,43.07
-71.2,43.5
-71.28,43.51
-71.16,42.84
-71.3,44.1
-71,44.1
-71.18,43.77
-71.3,43.7
-71.23,43.87
-71.2,44
-71.12,42.93
-70.89,43.19
-70.93,43.17
-70.92,43.12
-71,43.2
-71.13,42.89
-70.97,42.91
-71,43.63
-71.08,43.914
-71,43
-71.08,43.36
-71.09,43.85
-71.3,43.4
-71.23,44.17
-70.98,43.26
-70.85,43.03
-71.18,42.88
-70.81,42.91
-70.87,42.93
-71.14,44.12
-71.18,44.19
-71.09,44.03
-71.06,42.91
-71.11,43.9
-71.299,43.687
-71.02,43.44
-70.98,43.51
-71.3,43.64
-70.72,43.06
-71.1,43.5
-70.96,43.04
-70.95,43.07
-71.04,42.86
-71.2,44
-71.02,43.13
-70.83,42.98
-71.11,43.69
-71.1,42.84
-70.99,43.3
-70.94,43.33
-70.85,43.22
-70.76,43.01
-70.765,42.977
-71,43.6
-71.18,42.93
-70.86,42.88
-71.2,43.88
-70.88,43.26
-71.06,43.74
-71.29,43.81
-71.2,43.3
-70.9,43.01
-71.28,43.87
-71.06,43.48
-71.23,43.81
-71.2,43.6
-74.27,40.58
-74.11,40.67
-74.19,40.81
-74.3,40.88
-74.42,40.92
-74.29,40.85
-74.23,40.58
-74.23,40.86
-73.99,40.82
-74.14,40.88
-74.16,40.85
-74.17,40.87
-74.14,40.83
-74.3,40.66
-74.21,40.77
-74.22,40.76
-73.98,40.82
-74.28,40.82
-74,40.82
-74.39,40.64
-73.97,40.85
-74.11,40.88
-74.32,40.65
-74.21,40.81
-74.14,40.74
-74.03,40.75
-74.13,40.79
-74.12,40.75
-74.29,40.68
-74.38,40.88
-74.3,40.92
-74.25,40.62
-74.33,40.79
-74.27,40.73
-74.3,40.73
-74.22,40.82
-74.2,40.85
-74.24,40.83
-74.37,40.91
-74.44,40.89
-74.02,40.79
-74.24,40.77
-74.26,40.79
-74.4,40.86
-74.13,40.86
-74.11,40.85
-74.34,40.86
-74.51,40.63
-74.43,40.62
-74.4,40.63
-74.45,40.61
-74.25,40.57
-74.28,40.61
-74.32,40.62
-74.31,40.59
-74.31,40.82
-74.44,40.64
-74.1,40.82
-74.11,40.79
-74.07,40.82
-74.1,40.83
-74.06,40.84
-74.09,40.85
-74.37,40.64
-74.25,40.55
-74.33,40.74
-74.26,40.75
-74.41,40.57
-74.33,40.7
-74.35,40.92
-74.27,40.69
-74.02,40.77
-74.03,40.77
-74.29,40.72
-74.35,40.65
-74.36,40.68
-74.01,40.79
-74.06,40.78
-74.28,40.55
-74.17,40.74
-74.19,40.74
-74.17,40.77
-74.15,40.72
-74.23,40.74
-74.19,40.77
-74.2,40.72
-74.16,40.79
-74.16,40.82
-74.23,40.73
-74.21,40.71
-74.17,40.7
-74.18,40.67
-74.22,40.65
-74.26,40.65
-74.27,40.67
-74.23,40.69
-74.17,40.67
-74.23,40.68
-74.05,40.72
-74.07,40.71
-74.07,40.7
-74.07,40.74
-74.05,40.75
-74.04,40.73
-74.034,40.719
-74.14,41.03
-74.33,41.03
-74.38,40.99
-74.12,40.91
-74.12,40.94
-74.59,41.1
-74.21,41.01
-74.48,41.24
-74.58,41.16
-74.3,41.03
-74.37,41.14
-74.43,41.18
-74.1,41
-74.21,40.88
-74.18,41.08
-74.14,40.99
-74.5,41
-74.24,41.03
-74.51,41.01
-74.6,41.08
-74.3,40.95
-74.29,41
-74.3,40.97
-74.15,41.06
-74.11,40.98
-74.12,40.96
-74.28,41.11
-74.31,40.99
-74.1,41.05
-74.49,41.11
-74.6,41.2
-74.49,41.19
-74.12,41.01
-74.29,41.05
-74.24,40.95
-74.38,41.08
-74.16,41
-74.17,40.91
-74.19,40.92
-74.15,40.9
-74.14,40.91
-74.174,40.917
-74.16,40.96
-74.19,40.95
-74.22,40.9
-74.15,40.91
-74.14,40.93
-74.18,40.92
-74.16,40.93
-74.05,40.89
-74.03,40.88
-74.07,40.86
-73.99,40.86
-74.05,40.86
-74.06,40.9
-74.06,40.85
-73.93,40.94
-74,40.92
-73.97,40.97
-73.95,40.94
-73.96,40.95
-73.99,40.95
-74.02,40.97
-73.97,40.89
-73.95,40.88
-73.98,40.99
-74,40.96
-74.05,41.01
-74.04,40.84
-74.08,40.88
-74.05,41.05
-74.02,40.93
-73.94,41.01
-73.94,40.97
-74.03,40.96
-74,40.85
-74.07,40.94
-74.04,41.03
-74.01,40.83
-74.01,40.86
-74.04,40.93
-74.08,40.91
-74.1,40.9
-74.01,40.89
-73.96,40.92
-74,41.01
-74.06,40.99
-74.05,41.03
-74.07,40.36
-74.06,40.33
-74.05,40.31
-74.04,40.36
-74.01,40.24
-74.05,40.25
-74.04,40.4
-74.017,40.191
-74.09,40.42
-74.07,40.17
-74.013,40.202
-74.23,40.44
-74.16,40.29
-74,40.25
-74.07,40.3
-74.35,40.28
-74.17,40.2
-74.3,40.2
-74.18,40.42
-74.19,40.15
-74,40.43
-74.17,40.38
-74.13,40.44
-74.19,40.44
-74.06,40.41
-74.12,40.34
-74.04,40.34
-73.99,40.3
-74.25,40.32
-74.23,40.41
-74.11,40.4
-73.99,40.33
-74.26,40.36
-74.07,40.22
-74.02,40.26
-74.008,40.212
-74.02,40.32
-74.1,40.43
-74.01,40.37
-74.04,40.15
-74.02,40.29
-74.55,40.89
-74.6,40.88
-74.83,40.87
-74.7,41
-74.7,41.14
-75.03,40.83
-75,41
-74.8,41.2
-74.8,41.3
-74.75,40.88
-74.81,40.72
-75,41
-75,41
-74.49,40.88
-74.71,40.85
-74.91,40.89
-74.84,40.87
-74.5,41
-74.66,40.94
-75,41
-74.62,40.89
-74.68,41.1
-74.6,40.97
-74.67,40.91
-74.9,41.2
-74.66,40.88
-74.8,40.79
-74.64,40.92
-74.71,40.9
-74.8,41.1
-74.96,40.81
-74.9,40.79
-74.5,40.94
-74.59,40.85
-74.83,40.87
-74.62,41.05
-74.74,40.92
-74.65,40.85
-74.476,40.869
-74.83,40.87
-75,41
-75,40.8
-74.59,40.93
-74.36,40.71
-74.54,40.68
-74.68,40.66
-74.42,40.68
-74.59,40.73
-74.49,40.78
-74.46,40.82
-74.41,40.72
-74.68,40.78
-74.66,40.72
-74.4,40.77
-74.47,40.69
-74.68,40.72
-74.46,40.73
-74.37,40.82
-74.557,40.667
-74.42,40.76
-74.59,40.78
-74.51,40.68
-74.48,40.84
-74.5,40.78
-74.49,40.78
-74.58,40.84
-74.4,40.7
-74.48,40.73
-74.66,40.716
-74.719,40.716
-74.5,40.68
-74.42,40.82
-75.35,39.55
-75.02,39.93
-74.97,39.89
-74.82,39.75
-74.3,39.8
-74.12,39.76
-75.05,39.86
-74.2,39.6
-74.93,39.76
-74.92,40.06
-74.65,39.96
-75.05,39.78
-75.36,39.81
-74.54,39.93
-74.84,40.07
-74.5,39.8
-75.22,39.8
-75,39.8
-74.7,40.08
-75.45,39.71
-74.97,39.83
-75.29,39.82
-75.12,39.7
-75.07,39.84
-75.12,39.89
-75.09,39.87
-75.04,39.9
-75,39.91
-75.07,39.88
-74.83,39.97
-74.8,39.6
-75.461,39.507
-75.267,39.685
-74.68,40.03
-74.69,40.03
-74.96,39.84
-75.03,39.87
-74.89,40.03
-74.81,39.96
-75.04,39.85
-74.3,39.7
-75.18,39.79
-74.99,39.95
-74.91,39.85
-74.92,39.96
-74.81,39.86
-75.25,39.79
-74.94,39.98
-75.09,39.89
-74.79,40.01
-75.21,39.81
-75.21,39.71
-75.18,39.87
-74.65,39.96
-75.03,40
-75.22,39.83
-75.42,39.73
-74.65,39.95
-75.45,39.71
-75.51,39.63
-75.14,39.73
-75.4,39.5
-74.869,40.01
-75.21,39.71
-74.95,40.03
-75,40
-75.08,39.85
-75.4,39.5
-75.12,39.76
-74.97,39.74
-75.03,39.84
-75.02,39.83
-75.3,39.8
-75.18,39.86
-74.4,39.6
-74.7,39.8
-74.82,39.72
-75.15,39.8
-74.93,39.8
-74.29,39.66
-75.13,39.86
-75,39.6
-74.8,39.6
-75.13,39.83
-75.15,39.82
-75.3,39.6
-75.12,39.95
-75.11,39.93
-75.11,39.93
-75.09,39.95
-75.07,39.89
-75.08,39.91
-75.06,39.91
-75.06,39.95
-75.06,39.97
-74.5,39.42
-74.74,39.09
-74.38,39.43
-74.9,38.97
-74.47,39.49
-74.8,39.1
-74.968,38.935
-74.6,39.6
-74.6,39.6
-74.57,39.34
-74.66,39.24
-74.4,39.6
-74.55,39.37
-74.61,39.26
-74.72,39.21
-74.51,39.39
-74.6,39.4
-74.6,39.6
-74.48,39.53
-74.89,39.02
-74.68,39.16
-74.59,39.32
-74.8,39.1
-74.78,39.05
-74.66,39.21
-74.93,39.03
-74.83,38.99
-74.8,39.3
-75.3,39.4
-74.9,39.53
-75.21,39.33
-75.09,39.66
-74.94,39.22
-74.96,39.27
-74.83,39.4
-75.2,39.5
-74.81,39.36
-75.3,39.4
-75.171,39.24
-75.02,39.62
-75.37,39.39
-75.01,39.22
-74.94,39.53
-74.99,39.25
-75.06,39.58
-74.996,39.285
-74.7,39.5
-75,39.4
-74.88,39.43
-74.95,39.52
-75.18,39.64
-74.99,39.56
-75.16,39.29
-74.86,39.56
-74.972,39.311
-75.1,39.2
-74.87,39.49
-75.3,39.4
-75.3,39.46
-75,39.5
-74.96,39.45
-74.45,39.39
-74.51,39.34
-74.54,39.32
-74.48,39.34
-74.55,40.15
-74.65,40.44
-74.7,40.1
-74.42,40.18
-74.54,40.02
-74.53,40.32
-74.49,40.14
-74.65,40.11
-74.81,40.12
-74.54,40.25
-74.78,40.4
-74.4,40.1
-74.62,40.39
-74.9,40.37
-74.49,40.04
-74.79,40.33
-74.45,40.23
-74.58,40.34
-74.7,40.4
-74.66,40.35
-74.62,40.28
-74.84,40.44
-74.64,40.4
-74.79,40.11
-74.47,40.22
-74.7,40.41
-74.97,40.43
-74.88,40.31
-74.6,40.2
-74.6,40.07
-74.77,40.22
-74.74,40.23
-74.71,40.2
-74.74,40.18
-74.79,40.25
-74.7,40.24
-74.65,40.17
-74.82,40.27
-74.73,40.22
-74.76,40.26
-74.62,40.01
-74.59,40.02
-74.72,40.28
-74.66,40.24
-74.6,40.2
-74.21,40.07
-74.11,40.13
-74.2,39.9
-74.2,39.93
-74.11,40.05
-74.11,40.1
-74.07,40.1
-74.3,39.9
-74.15,39.94
-74.32,40.02
-74.17,39.86
-74.07,39.98
-74.07,40.12
-74.06,40.03
-74.14,39.93
-74.16,39.93
-74.06,40.08
-74.05,40.13
-74.08,39.95
-74.1,39.9
-74.16,39.99
-74.23,40
-74.26,39.97
-74.26,39.8
-74.4,39.9
-74.88,40.63
-75.02,40.68
-75.1,40.65
-74.54,40.57
-74.62,40.59
-75.01,40.76
-74.93,40.64
-74.5,40.37
-74.48,40.61
-74.42,40.43
-74.4,40.52
-74.37,40.58
-74.7,40.5
-74.9,40.5
-74.56,40.44
-74.55,40.42
-75,40.51
-74.9,40.71
-74.97,40.66
-74.42,40.38
-74.89,40.67
-74.31,40.57
-74.4,40.3
-74.31,40.51
-74.82,40.64
-74.59,40.54
-74.55,40.6
-74.34,40.52
-74.35,40.54
-74.7,40.5
-74.5,40.57
-75.1,40.59
-74.44,40.45
-74.54,40.39
-74.75,40.53
-74.46,40.55
-74.33,40.4
-74.74,40.67
-74.31,40.45
-74.28,40.52
-74.31,40.54
-75.1,40.7
-74.97,40.58
-74.64,40.57
-74.34,40.46
-74.52,40.5
-74.66,40.59
-74.27,40.47
-74.53,40.55
-74.38,40.45
-74.39,40.39
-75.1,40.7
-74.79,40.52
-74.76,40.61
-74.5778,40.5369
-74.44,40.48
-74.48,40.44
-74.43,40.5
-106.4,35.4
-106.7,34.6
-106.6,35.3
-108.2,35.1
-106.8,34.5
-107.4,35.1
-106.38,35.13
-106.1,35.4
-105.9947,34.2595
-106.71,36.16
-107.3,35.7
-108.1,34.9
-106.2,35.1
-106.1,34.7
-106.6,36.2
-107.465,36.214
-107.8,35.2
-107.892,35.171
-106.8,34.9
-106.76,34.59
-106.8,35.8
-106.6,35.8
-107.3,34.9
-107.3,36.1
-106.9,34.4
-106.9,36.4
-106.8,34.8
-106.055,34.866
-107.9,34.9
-105.8,34.9
-106.2,34.5
-107.9,36.2
-107.3,35
-107.9,34.9
-106.4,35.7
-106.69,34.83
-106.4,35.3
-106.6,35.7
-108.1,35.3
-106.95,36.185
-106.3,35.2
-106.62,35.24
-107.8,35.3
-107.88,35.113
-106.36,35.52
-106.8,35.5
-105.9,35.2
-106.4,35
-106.1,34.7
-106.7,34.5
-106,34.6
-106.55,36.17
-106.66,34.87
-105.667,35.01
-106.351,35.609
-106.5,35.7
-106.64,35.07
-106.67,35.1
-106.7,35
-106.6,35.06
-106.65,35.14
-106.58,35.07
-106.57,35.15
-106.58,35.11
-106.52,35.14
-106.51,35.09
-106.59,35.18
-106.68,35.19
-106.55,35.06
-106.553,35.055
-106.8,35.1
-106.9,35
-106.5,35.2
-106.48,35.05
-106.7,35.3
-106.8,35.4
-108.6,35.4
-108.6,35.4
-108.58,35.81
-108.602,35.536
-108.42,35.47
-107.9,35.7
-108.8,34.8
-108.6,35.4
-108.6,35.4
-108.6,35.4
-108.826,35.793
-108.5,35.2
-108.64,35.53
-107.7,35.6
-108.6,36
-108.6,35.4
-108.8,35.1
-108.9,35.9
-108.45,35.47
-108.2,35.1
-108.7,36.2
-108.6,35.4
-108.3,36.5
-108.13,36.78
-108,36.9
-107.7,36.7
-107.9,36.6
-108.11,36.84
-108.42,36.77
-108.34,36.79
-108.2,36.9
-107.6,36.9
-108.7,36.8
-108.46,36.81
-108.8,36.4
-108.8,36.5
-108.1,36.5
-105.9,35.7
-105.9,35.6
-106,35.8
-106.1,35.6
-105.9,35.5
-106.2,36.1
-106.055,36.089
-105.45,36.95
-105.67,36.55
-105.552,36.52
-106.439,36.481
-106.442,36.186
-105.81,36.4
-106.4858,36.5363
-105.65,36.71
-106.56,36.91
-105.735,36.169
-105.8,36
-105.8,36
-105.5,36.9
-105.45,36.59
-105.9,36.2
-107.1,36.6
-105.6,36.5
-106.3,36.4
-106.01,36.12
-106.1,36
-106.1,36
-105.7,35.6
-106.19,36.06
-105.58,35.45
-106.1,36.3
-105.9,35.4
-105.6,36.1
-106.3,35.9
-106.2,36.1
-105.8,36.6
-106.6,36.6
-105.6,35.6
-105.6,36.1
-106.013,36.509
-105.5,36.8
-105.6,36.3
-105.36,36.69
-105.5,35.3
-105.2,35.58
-105.65,36.65
-105.4,35.5
-106,36.1
-106.01,35.99
-105.5,35.3
-105.5,36.5
-105.6,35.7
-106,35.8
-106.6,36.7
-105.9,36.6
-105.8,36
-105.68,36.17
-105.587,36.534
-106.3,36.7
-106,36.1
-105.359,35.265
-105.1,35.5
-105.27,36.38
-105.1,35.1
-105.4,36.1
-105.39,36.2
-105,36.6
-105.48,36.03
-105.3,36.6
-105.12,36.11
-105.392,36.04
-105,35.2
-104.6,36.6
-104.8,36.3
-104.2,36.1
-105.47,35.73
-105.4,36.1
-103.7,35.7
-105,36
-105.1,36
-105.4,36.1
-104.5,36.7
-105.34,35.82
-104.1,35.9
-105.2,35.8
-104.1,35.9
-104.4,36.4
-105,36.6
-104.93,35.82
-104.6,36
-104.92,35.79
-106.5,34
-108.6,34
-108.2,33.9
-106.93,34.16
-108.9556,33.8184
-107.3,34
-108.3,34.3
-106.92,34.2
-108.7,34.3
-108.7,33.7
-106.923,34.206
-106.84,33.94
-106.8,33.1
-107.2,32.9
-107.4,33
-107.14,32.8
-107.23,33.19
-107.2,32.7
-107.15,32.67
-107.5,33.3
-107.11,32.67
-107.17,32.68
-107.4,33.1
-107.8,33.2
-106.75,32.29
-106.488,32.385
-106.75,32.28
-106.778,32.307
-106.8,32.3
-107,32.4
-106.9,32
-108.6,31.7
-106.7,32.3
-106.7,32.7
-108.6,31.8
-106.9,32
-108.18,32.8
-107.9,32.7
-106.621,32.068
-108.7,32.9
-108.15,32.8
-106.6866,32.0342
-108.6132,32.9635
-107.64,31.828
-107.8,32.2
-106.815,32.39
-106.842,32.306
-107.86,32.67
-108.59,32.95
-108.7,33.3
-108.323,31.918
-108.06,32.86
-107.6,32.9
-108.2,32.3
-106.8,32.1
-108.8,32.4
-106.792,32.273
-106.71,32.21
-106.66,32.14
-107.9,32.9
-108.7,32.9
-106.602,32.426
-108.3,32.9
-108.7,32.9
-109.04,31.83
-108.4,32.9
-106.58,31.82
-108.303,32.711
-106.63,32.1
-106.4,32.1
-103.3,34.5
-103.32,34.38
-103.2,34.9
-103.1,33.8
-103.3,33.5
-103.32,33.93
-103.7,33.8
-103.7,34.3
-104.3,34.4
-103.4,34.8
-103.9,34.8
-103.6,34.5
-103.2,33.7
-103.3,33.7
-103.3,34.2
-103.2,33.9
-104.1,34.3
-103.1,34.5
-104.6,34.3
-104.3,33.6
-104.7,33.2
-104.3,32.7
-104.3,32.4
-104.4,33.2
-103.2,32.4
-104.2,33.1
-103.4,32.6
-103.2,32.8
-105,32.9
-103.4,32.2
-104.6,32.9
-104.39,32.65
-103.98,32.85
-104,32.2
-103.4,32.9
-103.3,33.15
-104,32.2
-103.77,32.86
-103.27,32.62
-103.4,33.3
-104.377,32.175
-105.9,33.7
-106.1,32.8
-106.1,32.8
-105.7,33.5
-105.9,33.2
-105.3,33.8
-105.6,32.5
-105.4,34.2
-105.6,34.7
-105.51,33.51
-105.49,33.4
-105.835,32.95
-106.08,32.84
-105.26,33.41
-105.9,33
-105.4,33.5
-105.5,32.9
-105.6,33.2
-105.7,33.5
-105.6,32.5
-105.1,33.3
-105.2,32.7
-105.6,33.4
-105.5,33.3
-105.6,32.8
-105.36,33.41
-105.818,32.791
-105.66,32.63
-105.2,33.4
-106.1,33.2
-105.1,34.7
-105.5,32.7
-105.6,33.4
-103.8,35
-103.2,35.9
-103.17,35.08
-103.97,36.75
-103.4,36.3
-104.16,35.37
-104.4,35
-103.9,36.7
-103.7,36.9
-104.4,35.5
-103.8,36.3
-103.4,36.7
-103.3,35.4
-103.7,34.8
-103.2,35.6
-104,35.4
-103.3,35.1
-104.8,34.9
-103.1,36.3
-71.98,41.27
-73.99,40.75
-73.99,40.72
-73.99,40.73
-74.02,40.7
-74.005,40.705
-74.013,40.708
-74.008,40.714
-73.98,40.73
-73.98,40.73
-74,40.74
-73.998,40.726
-74.01,40.72
-74.01,40.74
-73.97,40.74
-73.973,40.75
-73.99,40.76
-73.99,40.77
-73.96,40.77
-73.97,40.76
-73.98,40.78
-73.97,40.81
-73.97,40.8
-73.953,40.801
-73.96,40.81
-73.95,40.78
-73.95,40.79
-73.943,40.818
-73.95,40.83
-73.94,40.84
-73.94,40.84
-73.93,40.86
-73.93,40.8
-73.99,40.76
-73.937,40.814
-74.003,40.71
-73.94,40.83
-73.93,40.86
-73.95,40.77
-73.965,40.765
-73.988,40.778
-73.96,40.77
-73.978,40.761
-73.992,40.751
-73.95,40.78
-73.966,40.791
-73.966,40.791
-73.966,40.791
-73.966,40.791
-73.9965,40.7522
-74.017,40.707
-74.015,40.716
-74.1,40.63
-74.11,40.63
-74.16,40.63
-74.09,40.61
-74.08,40.61
-74.13,40.57
-74.24,40.51
-74.14,40.55
-74.22,40.54
-74.12,40.63
-74.18,40.55
-74.15,40.6
-73.92,40.82
-73.92,40.84
-73.91,40.85
-73.92,40.81
-73.91,40.81
-73.91,40.83
-73.9,40.85
-73.89,40.86
-73.89,40.83
-73.88,40.84
-73.84,40.84
-73.85,40.84
-73.91,40.89
-73.79,40.86
-73.82,40.83
-73.84,40.89
-73.87,40.88
-73.9,40.87
-73.85,40.87
-73.86,40.9
-73.9,40.9
-73.86,40.83
-73.86,40.82
-73.89,40.81
-73.83,40.87
-73.76,41.3
-73.84,41.01
-73.86,41.04
-73.69,41.13
-73.744,41.341
-73.63,41.19
-73.69,41.23
-73.6,41.42
-73.83,41.14
-73.95,41.26
-73.7,41.4
-73.77,41.18
-73.91,41.45
-73.864,41.297
-73.6,41.27
-73.663,41.348
-73.87,41.21
-73.87,41.01
-73.82,41.05
-73.93,41.37
-73.66,41.29
-73.76,41.32
-73.72,40.98
-73.8,41.02
-73.8,41.09
-73.86,41.04
-73.8,41.34
-73.69,41.27
-73.88,41.34
-73.76,40.93
-73.75,41.38
-73.73,40.95
-73.84,41.19
-73.8,41.2
-73.85,41.31
-73.94,41.25
-73.72,41.2
-73.83,40.91
-73.83,40.92
-73.82,40.91
-73.61,41.33
-73.82,41.19
-73.92,41.29
-73.91,41.28
-73.79,41.13
-73.68,41.02
-73.57,41.21
-73.71,41.04
-73.67,41.31
-73.83,41.4
-73.69,40.98
-73.79,40.99
-73.83,41.33
-73.69,41.33
-73.54,41.25
-73.84,41.08
-73.77,41.12
-73.77,41.09
-73.958,41.252
-73.6,41.3
-73.79,41.29
-73.76,41.03
-73.77,41.06
-73.73,41.05
-73.74,41.01
-73.78,41.02
-73.81,41.04
-73.88,40.95
-73.88,40.96
-73.86,40.92
-73.89,40.92
-73.86,40.99
-73.82,40.96
-73.83,40.94
-73.81,40.96
-73.85,40.97
-73.78,40.91
-73.81,40.9
-73.79,40.95
-73.78,40.89
-74.12,41.14
-74.13,41.24
-74.09,41.25
-73.96,41.07
-74.17,41.43
-74.3,41.6
-74.26,41.44
-74.12,41.32
-74.26,41.35
-74.38,41.52
-73.94,41.15
-74.37,41.33
-73.982,41.335
-74,41.2
-74.4,41.4
-74.31,41.2
-74.15,41.3
-73.96,41.19
-74.05,41.34
-74.09,41.36
-74.169,41.128
-74.468,41.483
-74.47,41.39
-74.5,41.4
-74.35,41.49
-74.2,41.3
-74.09,41.12
-74.0805,41.4048
-74.01,41.1
-73.99,41.15
-74.44,41.37
-73.93,41.08
-73.96,41.04
-74.55,41.46
-73.92,41.02
-74.02,41.06
-73.91,41.04
-74.49,41.29
-74.1,41.17
-74.48,41.39
-74.2,41.15
-74.14,41.25
-73.93,41.03
-74.05,41.12
-74.31,41.21
-74.04,41.26
-73.95,41.03
-74.02,41.21
-74.33,41.57
-74.01,41.28
-74.22,41.21
-74.563,41.3
-73.94,41.13
-74.4,41.3
-74.17,41.42
-73.98,41.21
-73.97,41.1
-73.97,41.4
-74.55,41.33
-73.71,40.72
-73.71,40.7
-73.71,40.75
-73.714,40.759
-73.67,40.7
-73.71,40.77
-73.73,40.79
-73.73,40.8
-73.74,40.82
-73.69,40.79
-73.68,40.74
-73.7,40.76
-73.69,40.84
-73.75,40.62
-73.94,40.74
-73.93,40.77
-73.91,40.76
-73.92,40.74
-73.91,40.78
-73.94,40.76
-73.956,40.744
-73.99,40.7
-73.93,40.65
-73.99,40.62
-73.97,40.7
-73.94,40.7
-73.9,40.67
-73.87,40.67
-74.03,40.62
-73.95,40.63
-73.95,40.71
-73.92,40.66
-73.94,40.67
-74.01,40.6
-73.98,40.67
-73.95,40.68
-73.98,40.68
-73.98,40.65
-74,40.63
-74.02,40.64
-73.93,40.69
-73.95,40.73
-73.97,40.6
-73.99,40.58
-73.96,40.66
-73.96,40.65
-74.01,40.62
-73.94,40.6
-73.97,40.62
-74,40.68
-74.02,40.64
-73.92,40.68
-73.89,40.61
-73.95,40.58
-73.9,40.64
-73.92,40.7
-73.96,40.68
-73.87,40.65
-73.82,40.77
-73.83,40.75
-73.85,40.78
-73.81,40.79
-73.8,40.76
-73.78,40.78
-73.77,40.76
-73.74,40.76
-73.74,40.77
-73.76,40.75
-73.79,40.74
-73.79,40.73
-73.83,40.73
-73.85,40.75
-73.87,40.76
-73.89,40.78
-73.88,40.75
-73.88,40.74
-73.86,40.72
-73.85,40.72
-73.91,40.75
-73.91,40.73
-73.88,40.72
-73.88,40.7
-73.74,40.69
-73.76,40.7
-73.75,40.67
-73.85,40.66
-73.83,40.71
-73.85,40.69
-73.84,40.67
-73.83,40.7
-73.82,40.69
-73.82,40.68
-73.86,40.69
-73.77,40.65
-73.77,40.72
-73.72,40.74
-73.75,40.73
-73.74,40.72
-73.74,40.71
-73.82,40.66
-73.79,40.72
-73.79,40.7
-73.77,40.67
-73.81,40.7
-73.8,40.67
-73.64,40.75
-73.65,40.77
-73.73,40.59
-73.61,40.65
-73.61,40.75
-73.73,40.63
-73.67,40.63
-73.58,40.64
-73.64,40.73
-73.62,40.87
-73.59,40.83
-73.645,40.829
-73.63,40.82
-73.602,40.714
-73.62,40.7
-73.65,40.69
-73.59,40.71
-73.55,40.72
-73.594,40.718
-73.69,40.64
-73.65,40.61
-73.71,40.61
-73.59,40.88
-73.64,40.6
-73.67,40.66
-73.67,40.67
-73.55,40.66
-73.6,40.79
-73.58,40.59
-73.64,40.67
-73.64,40.63
-73.59,40.68
-73.65,40.79
-73.64,40.78
-73.64,40.84
-73.7,40.68
-73.72,40.65
-73.58,40.76
-73.64,40.76
-73.71,40.63
-73.76,40.6
-73.8,40.59
-73.82,40.61
-73.85,40.58
-73.91,40.56
-73.41,40.69
-73.3,40.7
-73.33,40.73
-73.36,40.71
-73.06,40.75
-73.24,40.71
-73.55,40.9
-73.52,40.67
-72.94,40.78
-73.48,40.74
-73.03,40.75
-73.12,40.77
-73.25,40.78
-73.26,40.72
-72.91,40.78
-73.08,40.87
-73.37,40.89
-73.19,40.78
-73.45,40.86
-73.28,40.84
-73.39,40.68
-73,40.88
-73.32,40.76
-73.18,40.72
-73.32,40.86
-73.54,40.84
-73.11,40.93
-73.43,40.73
-73.04,40.84
-73.15,40.73
-73.37,40.87
-73.07,40.8
-73.04,40.81
-73.41,40.87
-73.36,40.82
-73.4,40.79
-73.17,40.81
-73.21,40.73
-73.18,40.76
-73.54,40.79
-73.25,40.89
-73.12,40.86
-73.52,40.72
-73.38,40.69
-73.46,40.68
-73.45,40.68
-72.99,40.83
-72.98,40.94
-73.56,40.88
-73.02,40.93
-73.15,40.85
-73.33,40.91
-73.13,40.74
-73,40.7
-73.53,40.87
-73,40.7
-73.04,40.91
-73.06,40.95
-72.94,40.95
-73.12,40.82
-73.18,40.89
-73.15,40.65
-73.49,40.68
-73.04,40.87
-72.88,40.94
-73.21,40.86
-73.21,40.82
-72.97,40.96
-73.13,40.91
-73.5,40.83
-72.83,40.94
-73.51,40.64
-73.12,40.91
-73.29,40.71
-73.1,40.73
-73.47,40.82
-73.37,40.75
-73.53,40.77
-73.47,40.78
-73.45,40.76
-72.6,40.9
-72.09,40.99
-72.638,40.941
-72.31,40.94
-72.75,40.91
-72.8,40.8
-72.48,41.02
-72.2,41
-72.34,41.13
-72.75,40.81
-72.72,40.83
-72.59,40.85
-72.38,41.1
-72.53,40.87
-72.587,40.947
-72.56,40.97
-72.8,40.87
-72.85,40.81
-72.84,40.77
-72.54,40.99
-72.94,40.89
-71.94,41.04
-72.82,40.81
-72.46,40.97
-72.2,41.2
-72.46,41.04
-72.55,40.82
-72.71,40.81
-72.88,40.89
-72.27,40.93
-72.32,40.99
-72.34,41.07
-72.33,41.07
-72.88,40.79
-72.42,40.91
-72.576,40.938
-72.43,41.06
-72.708,40.816
-72.879,40.868
-72.25,40.94
-72.34,40.93
-72.68,40.83
-72.68,40.82
-72.92,40.83
-73.93,42.46
-73.91,42.85
-74,42.7
-74.2,42.9
-73.83,42.29
-73.46,42.32
-73.5,42.6
-73.9,42.9
-73.9,43
-73.33,42.67
-74.2,42.6
-73.53,42.48
-74.1,43.1
-73.91,42.92
-73.44,42.94
-73.43,42.4
-74.46,42.77
-74.5,43.2
-73.72,42.52
-74.38,42.73
-74.67,42.55
-73.55,42.33
-73.33,42.67
-73.98,42.54
-73.9,42.39
-74.5,42.7
-73.793,42.474
-73.93,42.49
-73.72,42.79
-73.85,42.35
-73.48,42.76
-74.2,42.8
-73.87,42.61
-74.1,42.77
-73.35,42.97
-73.92,42.34
-74.08,42.62
-73.5,42.4
-73.7,42.59
-73.5,42.53
-73.64,42.56
-74.65,42.61
-73.79,42.85
-74.31,42.78
-73.92,42.55
-74.4,42.9
-74.282,42.942
-74.25,42.99
-74.41,42.53
-74.4,42.9
-74,43
-73.62,42.3
-74.4,42.4
-73.79,42.59
-74.4,43.1
-74.04,42.43
-73.91,42.7
-73.965,42.705
-74.07,43.01
-73.9,42.44
-73.327,42.862
-73.37,42.89
-74.39,42.7
-74.6,42.5
-73.5,42.9
-74.4,43
-73.7,42.39
-74.6,43.6
-73.78,42.75
-73.59,42.47
-74.89,42.54
-74.24,43.16
-73.7,42.9
-74.14,42.46
-73.6,42.84
-74.3,42.6
-73.59,42.53
-73.79,42.447
-73.41,42.47
-73.657,42.445
-74.47,42.46
-73.636,42.473
-74.2,43.3
-73.57,42.43
-74.12,42.86
-73.4,42.7
-74.6,43.3
-73.57,42.69
-73.84,42.49
-73.74,42.64
-74.16,42.51
-73.83,42.84
-74.6,42.6
-74.05,42.87
-73.78,42.93
-73.47,42.65
-73.6,42.9
-74.9,42.6
-73.72,42.48
-74.3,42.7
-73.84,42.53
-73.88,42.65
-74.36,42.76
-73.84,42.54
-74.37,43.5
-73.49,42.32
-74.5,42.8
-74.6,42.4
-73.38,42.56
-73.45,42.59
-73.66,42.99
-73.741,42.289
-73.8,42.4
-73.7,42.39
-74.55,42.54
-73.97,42.39
-74.279,42.956
-73.6,42.7
-73.62,42.79
-73.69,42.74
-73.7,42.4
-73.5,42.9
-74,42.6
-74.45,42.61
-73.68,42.79
-73.72,42.73
-74.3,43.46
-73.83,42.41
-74.04,42.51
-74.46,42.53
-73.5,42.4
-73.62,42.63
-74.7,42.6
-73.64,42.68
-73.76,42.63
-73.83,42.68
-73.73,42.68
-73.83,42.72
-73.79,42.68
-73.75,42.65
-73.81,42.65
-73.79,42.64
-73.76,42.66
-73.76,42.7
-73.75,42.66
-73.99,42.88
-73.92,42.75
-73.9,42.78
-73.94,42.81
-74.04,42.8
-73.94,42.8
-73.92,42.82
-73.85,42.79
-74.1,41.9
-74.2,41.8
-74.1,42.32
-74.5,42.1
-74.314,42.239
-74.18,42.05
-74.5,42.1
-74.04,41.88
-74.28,42.01
-74.03,42.31
-73.9,42.2
-74.3,42.1
-73.99,41.91
-74.17,42.36
-74.1,41.86
-74.3,41.6
-74.53,42.25
-74.2,42.39
-74.11,42.38
-74.13,42.23
-74.13,42.15
-74.4,41.7
-73.96,41.81
-74.51,42.21
-74.02,42.36
-74,42.1
-74.16,42
-74.48,42.36
-74.53,41.73
-74.096,42.194
-74.601,42.205
-74.19,42.29
-74.15,41.8
-74.5,42.14
-74.26,42.23
-74.08,41.94
-74.28,42.26
-74.3,41.8
-74.21,42.07
-73.99,42
-74.24,42.16
-73.94,42.29
-74.362,42.24
-74,42.1
-74.15,42.29
-74.7,42.2
-74,42.03
-74.26,42.05
-74.4,41.8
-74.65,42.2
-74.16,42.42
-74.27,41.91
-74.02,42.19
-74.3,42
-74.47,42.15
-73.98,41.91
-74.4,42.3
-74.25,42.45
-74,42.27
-74.042,41.836
-74.07,41.84
-74.05,42.26
-74.6,42.3
-74.1,41.9
-74,42.1
-74.4,42.1
-74.22,41.98
-73.96,42.27
-74.5,41.7
-74.17,41.87
-74.15,42.21
-74.07,41.83
-74,41.86
-74.3,41.8
-74,42.1
-74.14,41.97
-74.34,42.18
-73.961,41.797
-74.29,41.96
-74.23,42.08
-74.25,42.33
-74.11,42.05
-73.57,41.86
-73.66,42.07
-73.59,42.03
-73.92,42
-73.93,42
-73.94,41.49
-73.88,41.59
-73.71,42.22
-73.76,41.88
-74.06,41.69
-73.56,42.1
-73.51,42.12
-74.03,41.42
-74,41.44
-73.65,42.18
-73.58,41.72
-73.76,42.09
-73.9,41.53
-74.19,41.69
-73.86,42.13
-73.9,41.53
-74,41.7
-73.5,42.2
-73.692,42.208
-73.67,41.53
-73.8,41.5
-73.7,42.2
-73.89,41.79
-73.72,41.67
-74,41.61
-74.22,41.49
-73.7,41.8
-73.5,42
-73.99,41.66
-74.11,41.66
-74.3,41.5
-74.05,41.54
-74.07,41.45
-74.1,41.8
-73.59,41.48
-73.59,41.58
-73.647,42.252
-74.3,41.6
-73.6,42
-73.8,41.73
-73.68,41.62
-73.8,42
-73.87,41.93
-73.87,41.93
-74.16,41.5
-74.11,41.43
-73.8,41.8
-73.88,41.82
-73.69,41.91
-73.73,41.55
-73.87,42.06
-73.7,41.72
-74.18,41.56
-74.2,41.6
-73.9,41.6
-73.56,41.8
-73.58,41.67
-73.9,41.7
-73.86,41.67
-73.891,41.686
-74.7,41.7
-74.92,41.49
-74.89,41.67
-74.43,41.56
-74.4,41.6
-75.03,41.78
-74.946,41.839
-74.6,41.9
-74.98,41.68
-74.6,41.5
-74.87,41.55
-74.61,41.74
-74.75,41.74
-75.02,41.84
-74.8,41.5
-74.59,41.66
-74.5,41.9
-75.07,41.84
-74.73,41.72
-74.84,41.55
-75.02,41.78
-74.65,41.45
-74.66,41.77
-74.91,41.78
-74.832,41.688
-74.95,41.74
-74.66,41.7
-74.99,41.68
-74.73,41.8
-74.7,41.9
-74.66,41.78
-75.1,41.9
-74.79,41.66
-74.52,41.69
-75,41.6
-74.62,41.85
-74.98,41.82
-75.007,41.85
-74.72,41.86
-74.5,41.6
-74.86,41.45
-74.65,41.37
-74.58,41.61
-74.9,42
-74.71,41.55
-74.812,41.661
-74.63,41.7
-74.74,41.44
-74.5,41.6
-74.84,41.74
-74.7,41.7
-74.5,41.6
-74.87,41.65
-74.86,41.82
-74.59,41.8
-74.57,41.71
-74.5,41.6
-74.89,41.8
-74.94,41.523
-73.64,43.31
-73.63,43.28
-73.7,43.4
-73.72,43.74
-73.5,43.2
-73.88,43.48
-74.035,43.622
-74.3,43.9
-73.6,43.6
-73.71,43.69
-73.4,43.1
-73.8,43.6
-73.5,43.6
-73.4,43.46
-73.9,43.3
-73.41,43.17
-73.71,43.53
-73.5,43.4
-73.6,43.2
-73.7,43.2
-73.3,43.4
-73.85,43.14
-73.5,43.1
-74,43.3
-73.55,43.74
-73.3,43.5
-73.4,43.34
-73.54,43.34
-73.507,43.643
-74.3,43.7
-74,43.6
-73.63,43.49
-73.7,43.4
-73.8,43.3
-74.6,43.9
-73.3,43.45
-74,43.1
-74.1,43.9
-74.1,44
-74,43.6
-73.8,44
-74.06,43.74
-73.9,43.8
-73.66,43.87
-73.92,43.18
-73.8,43.72
-73.42,43.75
-73.9,43.65
-73.93,43.06
-74.3,43.8
-73.3,43.2
-73.8,43.1
-73.7,43.9
-73.6,43.1
-73.72,43.88
-73.32,43.12
-73.56,43.68
-74,43.4
-73.5,43.9
-73.5938,43.0882
-73.8,43.5
-73.92,43.65
-73.4,43.6
-73.5,44.7
-73.47,44.65
-73.6,44.9
-73.47,44.52
-73.8,44.4
-74,44.4
-74.6,44.9
-74.5,44.8
-74.2,44.9
-73.7,44.7
-73.44,44.96
-74.1,44.8
-73.45,44.88
-74.7,44.3
-73.95,44.94
-73.6,44.47
-74.32,44.95
-74.84,44.24
-73.5,44
-73.716,44.721
-74.54,44.74
-73.6,44.2
-73.9,44.8
-73.9,44.9
-73.8,44.9
-73.4,44.27
-74.49,44.95
-74.19,44.42
-73.7,44.3
-73.8,44.2
-73.8,44.2
-73.5,44.4
-74.2,44.3
-74,44.2
-73.6,44.3
-73.93,44.71
-74.3,44.7
-73.95,44.78
-73.51,44.09
-74.57,44.84
-73.59,44.96
-73.69,44.96
-73.54,44.02
-73.57,44.05
-73.6,44.7
-73.64,44.12
-74.68,44.71
-74.4,44.8
-74.7,44.8
-74.1,44.7
-74.3,44.5
-73.6,44.6
-74.57,44.24
-73.48,44.05
-73.409,44.526
-74.17,44.48
-74.09,44.3
-73.8,44.62
-73.38,44.98
-74.5,44.6
-73.8,44.6
-74.3,44.4
-73.7,44.6
-74.4,44.3
-73.77,44.35
-74.1,44.5
-73.5,44.8
-73.5,44.2
-73.42,44.38
-73.8,44.4
-73.57,44.09
-76.1,42.8
-76.6,42.9
-76.6,42.9
-76.65,42.74
-76.4,43.2
-75.9,43.3
-76.15,43.22
-75.96,43.16
-76.3,43.05
-75.8,43.1
-76.6,43.2
-76.7,42.9
-75.8,42.9
-76.2,43.3
-75.9,43.1
-76.07,43.18
-75.9,42.6
-76.2,43.19
-75.83,43.27
-76,43.3
-76.2,42.6
-75.93,42.9
-75.9,42.7
-76.27,42.48
-75.67,43.16
-76.05,43.09
-76.41,43.02
-75.75,42.84
-76.386,42.486
-75.97,42.86
-76.7046,43.3163
-76,43.04
-76.4,42.5
-76.4,43.3
-76.54,42.67
-75.77,42.76
-76.4,42.6
-76.5,43.3
-76.16,43.36
-76.2,42.7
-76.06,42.97
-76.47,43.09
-76.62,42.67
-75.95,43.1
-76,43.6
-76.1,42.9
-76.2,42.7
-76.2,43.11
-76.21,43.15
-76.4,42.7
-76.07,42.6
-76.291,42.551
-76.113,43.324
-76,43
-76.33,42.97
-76.29,42.88
-76.62,43.26
-76.41,43.1
-76.532,43.165
-76.2,43.5
-76.481,43.402
-76.01,43.07
-76.703,43.01
-76.4,42.7
-76.18,42.95
-75.85,42.83
-75.749,43.23
-75.82,42.65
-76.5,43.4
-76.08,43.43
-76.25,43.26
-75.67,42.93
-76.34,43.26
-75.84,42.59
-76.014,42.9
-76.7,43.1
-76.2,42.8
-76.1,43.6
-76.7,43.2
-75.98,43.57
-76.12,43.65
-76.8,43.1
-76.57,42.77
-76.8,42.9
-76.4,42.9
-76.457,42.99
-75.77,42.66
-76.67,43.34
-75.7276,43.2028
-75.99,42.72
-76.1,42.8
-76.65,42.82
-75.7297,43.1911
-75.711,43.081
-76.31,43.09
-76.9,42.9
-76.55,43.08
-76,43.3
-76.15,43.04
-76.14,43.06
-76.19,43.05
-76.14,43.01
-76.11,43.07
-76.17,43.01
-76.15,43.07
-76.25,43.09
-76.13,43.03
-76.13,43.11
-76.13,43.13
-76.07,43.04
-76.23,42.97
-76.22,43.05
-76.1,43.03
-75.22,43.43
-75.97,43.5
-75.5,43.4
-75.16,43.24
-75.426,43.8863
-75.6,43.2
-75.3,43.5
-75.57,42.89
-75.291,43.689
-75.251,42.876
-75.354,42.816
-75.1,42.7
-75.8,43.4
-74.6,42.9
-75.26,42.92
-75.27,43.03
-74.8,42.8
-75.372,43.091
-75.21,42.96
-75.39,43.04
-74.9,43.4
-75.5,43.6
-74.9,42.7
-75.3,43.9
-75.42,42.98
-74.7,43.1
-74.9,43.9
-75.6,42.8
-74.83,42.84
-75.65,42.84
-75.3,42.7
-74.99,42.75
-75,43.5
-74.7,42.9
-75.1,43
-75.38,43.05
-75.19,42.65
-75.3,43.7
-75.2,43.7
-75.54,42.82
-75.1,42.7
-74.98,43.07
-75.114,43.313
-74.747,43.372
-75.3,43.3
-75.42,42.82
-75.08,42.97
-74.7,43.7
-74.9,42.9
-75.49,42.96
-75.51,43.33
-75.252,42.81
-74.9,43.1
-75.5,43.8
-75.33,43.64
-75.5,42.9
-75.27,43.17
-75.471,43.735
-74.89,43.14
-74.9,43
-75.7,42.9
-75.59,42.98
-74.54,42.92
-75.3,42.6
-75.27,43.06
-75.19,42.6
-74.96,43.19
-75.29,43.1
-75.38,42.84
-75,43.9
-75.6,43.1
-75.36,43.15
-75.48,42.96
-74.55,42.92
-75.1,43.2
-75.3,43.6
-75.152,43.304
-74.63,43.765
-75.8,43.6
-75.1,43.3
-75,42.9
-75.5,43.2
-75.41,43.22
-74.81,42.71
-74.6,43
-74.75,43.18
-75.26,43
-74.58,42.78
-75.5,42.7
-75.6,43.07
-75.63,42.67
-74.86,42.85
-75.3,43.22
-74.7,43.2
-75.6,43.4
-74.992,43.699
-75.44,43.65
-74.86,42.87
-75.51,43.09
-75.52,43.03
-75.59,43.15
-75.4,42.9
-75.82,43.39
-75.65,42.83
-75.3,42.8
-75.35,43.34
-74.76,42.68
-75.53,43.47
-75.42,43.12
-75.2,42.9
-75.32,43.12
-75.9,43.4
-75.16,43.54
-75.28,43.11
-75.23,43.08
-75.2,43.2
-75.9,44
-75.74,44.06
-75.81,44.04
-76.1,43.8
-76,43.87
-75.93,44.32
-75.5,44.4
-75.77,43.99
-74.7,44.9
-75.69,44.54
-75.984,44.005
-75.86,44.03
-75.2,44.6
-76.3,44.1
-75.6,44
-75.46,43.89
-75.1,44.8
-76.1,44.1
-75.769,44.479
-76.1,44.2
-74.9,44.5
-75.7,43.8
-75.683,44.038
-75.3,44.5
-75.48,44.5
-76.1,44
-75.27,44.3
-76.12,43.74
-75.8,44.1
-75.75,44.02
-75.12,44.25
-75.98,44.33
-76.007,44.277
-75.5,44.3
-75.7181,44.034
-75.7,44.5
-74.969,44.607
-75.3,44.2
-76.2,43.8
-76.2,43.86
-75.2,44.4
-75.5,44.6
-74.65,44.98
-76,44.2
-75.3,44.7
-75.9,43.7
-75.1,44.8
-76.1,43.7
-74.9,44.9
-75.64,44.59
-75.5,44.1
-74.989,44.211
-74.9,44.8
-75,44.8
-75.5,44.7
-75,44.2
-74.7,44.5
-75.7,44.2
-76.06,43.736
-75.83,44.29
-74.9,44.6
-75.185,44.516
-74.9,44.8
-75.7,44.3
-75.4,44.6
-75.37,44.43
-75.91,43.85
-75,44.4
-76.2,43.9
-74.8,44.5
-75.1,44.1
-75.8,44.2
-76.026,44.288
-76.25,44.03
-75.17,44.85
-74.924,44.136
-74.89,44.72
-74.8,44.8
-75.5,42.2
-74.8,42.1
-76.17,42.05
-75.5,42.3
-76.41,42.08
-76.2,42.3
-74.8,42.37
-74.75,42.27
-76.4,42.2
-75.89,42.26
-75.8,42.3
-75.81,42.05
-74.83,42.48
-74.88,42.46
-74.9,42.2
-74.9,42.3
-75.4,42.1
-75,42.1
-75.1,42
-74.9,42.4
-76.1,42.1
-75.17,41.98
-75.2,42.3
-75.34,42.45
-76,42.24
-75.7,42.3
-75.47,42.41
-75,42.2
-75.3,42
-76.2,42.4
-74.71,42.45
-75.7,42.2
-74.64,42.35
-76,42.16
-76.015,42.399
-75.79,42.06
-75.16,42.54
-76,42.3
-75.8,42.5
-76.06,42.24
-76.1,42.5
-75.37,42.2
-74.98,42.38
-74.99,42.6
-75.26,42.52
-75.4,42.4
-75.11,42.6
-76.2,42.2
-76.37,42.04
-75.53,42.17
-75.6,42.5
-75.1,42.5
-75.2,42.4
-75.64,42.1
-76.3,42.1
-75.6,42.4
-75.66,42.65
-75.77,42.2
-74.96,42.54
-76.2,42.4
-75.39,42.29
-75.3,42.2
-75.84,42.42
-74.73,42.38
-75.4,42.5
-75.7,42.6
-76.4,42.08
-75.04,42.36
-75.3,42.2
-75.3,42.3
-76.03,42.06
-75.2,42.2
-75.25,42.38
-75,42.5
-75.13,42.48
-75.9,42.3
-75.91,42.45
-76.39,42.3
-75.6,42.1
-75.9,42.2
-75.88,42.16
-75.9,42.05
-75.8,42.1
-76,42.2
-78.5,43
-78.5,42.9
-78.27,42.92
-79.03,42.63
-78.63,43.31
-78.4,42.6
-78.3,42.8
-78.54,43.33
-78.4,43.08
-78.2,43
-78.2,42.6
-78.72,42.62
-78.69,42.94
-78.72,43.31
-78.5,42.57
-78.61,43
-78.63,43.05
-78.69,42.66
-78.88,42.5
-78.87,42.49
-78.39,42.97
-78.47,42.81
-78.17,42.84
-78.39,42.89
-78.98,42.4
-78.5,42.5
-78.71,42.89
-79,42.69
-79.3,42.5
-78.7,43.04
-78.6,42.8
-78.12,42.9
-78.61,42.55
-78.88,42.64
-78.17,43.1
-78.63,42.83
-78.31,42.43
-79.088,42.593
-79.2,42.4
-79.3,42.4
-78.3,42.5
-78.2,42.6
-78.6,43.2
-78.77,43.03
-78.64,42.61
-78.9,42.4
-78.96,43.01
-78.8,42.7
-78.55,42.64
-79.06,42.56
-78.39,42.66
-78.93,42.71
-78.64,42.91
-78.9,42.5
-78.99,43.17
-78.7,43.2
-78.38,43.32
-78.54,42.39
-78.56,42.84
-78.4,43.2
-78.5,43.2
-78.72,43.26
-79.038,43.138
-78.9,42.6
-78.945,42.698
-78.34,42.66
-78.82,43.07
-78.27,43.09
-78.72,43.34
-78.7,42.7
-79,42.48
-78.2,42.6
-78.9,43.24
-78.87,43.15
-78.51,42.53
-79.237,42.4849
-79.17,42.53
-79.1,42.4
-78.54,42.71
-78.7,42.5
-78.08,42.98
-78.42,42.73
-78.88,42.99
-78.31,42.74
-78.991,42.52
-78.532,42.768
-78.67,42.69
-78.6,42.4
-78.83,43.27
-78.476,42.532
-79,43.24
-78.89,42.89
-78.89,42.89
-78.87,42.87
-78.87,42.88
-78.81,42.88
-78.9,42.94
-78.85,42.91
-78.87,42.92
-78.83,42.86
-78.82,42.91
-78.82,42.89
-78.89,42.92
-78.84,42.94
-78.81,42.93
-78.87,42.95
-78.88,42.98
-78.82,42.83
-78.83,42.79
-78.82,42.85
-78.73,42.99
-78.88,42.92
-78.85,42.97
-78.75,42.84
-78.75,42.93
-78.79,42.98
-78.75,42.89
-78.78,43.04
-78.793,43.001
-79.04,43.1
-79.056,43.095
-79.04,43.09
-78.96,43.1
-79.02,43.11
-78.2,43.2
-77.74,42.89
-77.023,42.757
-78,43.1
-77.22,42.61
-77.9,43.2
-78.07,43.08
-77.8,42.9
-77.3,42.8
-77.32,42.99
-78.05,42.63
-77.9,43.1
-77.1,43
-76.9,43.1
-77.67,42.72
-77.7,42.6
-76.96,42.71
-77.49,43.11
-77.43,43.1
-77.8,42.8
-77,42.9
-77.75,42.68
-77.93,43.32
-77.59,42.77
-77.61,43.04
-77.8,43.3
-77.47,42.87
-78.1,43.2
-77.5,42.8
-77.6,43
-77.5,42.93
-78.04,43.33
-78.14,43.33
-77.12,42.57
-78.31,43.24
-77.7,42.83
-77.91,42.74
-78,43
-77.6,42.88
-77.92,42.89
-77.62,42.81
-77,43.1
-77.3,43.1
-77.23,42.97
-77.17,43.16
-77.5,43
-77.3,42.7
-77.9,42.7
-77.863,42.991
-77.4,42.7
-77.1,43.1
-77.8,43.09
-76.92,43.21
-77.9,42.6
-77.31,43.23
-76.8,42.7
-77.23,43.06
-78,42.9
-77.43,43.15
-77.1,42.6
-77.631,42.538
-78,42.7
-77.02,42.96
-77.89,42.84
-77.53,43.06
-78.08,42.54
-77.151,43.038
-77.88,42.834
-76.84,42.76
-76.877,43.153
-77.68,42.99
-77.24,42.76
-77.711,42.667
-77.78,43.04
-77.23,42.98
-78,42.7
-78.1,42.68
-77,43.2
-76.98,43.26
-77.82,43.19
-77.6,42.7
-77.1,42.8
-77.42,42.98
-77.29,43.14
-78.2,42.7
-78.25,43.34
-77.6,42.6
-77.45,43.22
-77.553,42.905
-77.69,43.05
-76.8,42.7
-77.17,43.24
-76.8,43.2
-78.1,42.83
-77.89,42.84
-77.605,43.157
-77.6,43.17
-77.69,43.17
-77.59,43.15
-77.62,43.15
-77.56,43.18
-77.55,43.15
-77.64,43.14
-77.67,43.25
-77.64,43.18
-77.615,43.156
-77.65,43.21
-77.66,43.23
-77.59,43.23
-77.56,43.11
-77.65,43.14
-77.61,43.13
-77.6,43.2
-77.56,43.22
-77.65,43.09
-77.74,43.13
-77.51,43.15
-77.72,43.21
-77.63,43.129
-79.3,42.1
-78.5,42.1
-78.068,42.082
-78.05,42.01
-78,42.3
-79.4,42.1
-78.14,42.33
-79.37,42.17
-78.24,42.29
-78.2,42.1
-79.44,42.39
-78.18,42.36
-79.28,42.34
-78.9,42.3
-79.278,42.109
-78.27,42.02
-79.468,42.209
-79.14,42.31
-79.7,42.1
-79.03,42.26
-78.3,42.2
-79.41,42.29
-78.74,42.4
-78.7,42.3
-79.1087,42.217
-79.18,42.14
-78.1,42.5
-79.74,42.13
-78.4,42.3
-79,42.1
-78.2,42.2
-79.18,42.22
-78.6,42.2
-79.31,42.118
-78.4,42.2
-78.2,42.43
-79.09,42.15
-78.64,42.13
-79.32,42.08
-79.324,42.352
-78.6,42.1
-78.2,42.03
-78.8,42.2
-79.424,42.197
-79.5,42.2
-78.4,42.1
-79.5,42.1
-79.48,42.38
-78.3,42.06
-78.9,42.2
-78.153,42.085
-79.7,42.2
-78.25,42.39
-78.477,42.078
-78.8,42.2
-79.6,42.2
-79.3,42.3
-78.901,42.107
-79.39,42.32
-79.6,42.3
-78.4,42.1
-77.3,42.1
-77.79,42.25
-77.8,42.25
-77.8,42.3
-76.7,42.4
-77.8,42.1
-77.7,42.4
-77.46,42.57
-77.4,42.4
-77.4,42.4
-77,42.3
-78,42.2
-76.95,42.16
-77.1,42.37
-76.73,42.19
-76.35,42.37
-76.81,42.44
-77.44,42.21
-77.38,42.19
-77.2,42.2
-77.8,42.4
-77.6,42.2
-76.7,42.26
-76.61,42.06
-77.5,42.5
-77.14,42.181
-77,42.1
-77.9,42.5
-77,42.5
-76.67,42.18
-77.6,42.1
-77.2,42.5
-76.84,42.52
-76.96,42.59
-77.6,42.3
-76.8,42.2
-78.01,42.54
-76.73,42.6
-76.5,42.4
-76.48,42.45
-76.7,42.5
-77.51,42.15
-77.4,42.4
-77.1,42
-76.53,42.12
-76.83,42.59
-76.7,42.1
-76.84,42.28
-76.84,42.35
-76.6,42.3
-76.77,42.37
-77.1,42.2
-76.9,42.1
-76.87,42.24
-77.3,42.5
-77.16,42.54
-77.69,42.07
-76.95,42.45
-77.2,42.3
-78,42.2
-76.34,42.4
-76.6,42.6
-76.5,42.2
-77.89,42.48
-77.56,42.05
-76.7,42.5
-76.55,42.2
-77,42.4
-76.55,42.06
-77,42.5
-76.76,42.03
-77.9,42.1
-77.79,42.04
-77.43,42.07
-76.7,42.1
-76.87,42.12
-76.8,42.07
-76.84,42.09
-80.4,35.9
-80.59,36.38
-80.08,36.22
-80.69,36.21
-80.37,36.01
-80.7,35.8
-80.6,35.9
-80.22,36.45
-80.8,36.4
-80.5,36.2
-80.2,36.3
-80.8,36.1
-80.34,36.32
-80.23,36.53
-80.44,36.09
-80.83,36.52
-80,36.4
-79.98,36.45
-80.6,35.9
-80.6,36.5
-80.38,36.17
-80.5,36.4
-80.06,36.33
-80.5,36.3
-80.3,36.24
-80.09,36.48
-80.58,36.32
-79.9,36.5
-80.4,36.24
-80.16,36.18
-80.2,36.3
-80.4,36.5
-80.61,35.79
-80.6,36.1
-80.2,36.12
-80.32,36.06
-80.32,36.1
-80.24,36.16
-80.33,36.15
-80.2,36
-80.2,36.12
-80.224,36.09
-80.29,36.02
-79.5,36
-79.77,35.74
-79.8,35.6
-79.4,35.6
-79.54,35.58
-79.8,35.3
-79.28,36.46
-79.7,36.2
-79.5,36
-79.4,36.2
-79.8,35.2
-79.17,36.2
-79.7,35.89
-80,36.1
-80.1,35.6
-79.64,35.33
-79.2,36.1
-79.5,36.2
-79.72,35.78
-79.6,36.2
-79.35,35.56
-79.3,36
-79.32,36.04
-79.99,35.96
-80.04,35.95
-79.95,35.91
-80,36
-79.1,36.1
-79.6,35.2
-79.93,36
-79.63,35.95
-80.1,36.1
-79.7,36.5
-79.17,36.4
-80.2,35.7
-80.3,35.9
-79.6,35.9
-80.39,35.76
-79.7,36.1
-79.3,36.1
-79.2,36.5
-80,35.2
-80,36.17
-79.47,36.46
-79.2,35.8
-79.75,35.93
-79.2,36.29
-79.38,36.5
-79.6,35.7
-79.8,35.8
-79.7,36.3
-79.5,35.5
-79.6,36.4
-79.2,35.5
-79.1,35.4
-79.3,36
-79.7,35.5
-79.1,36.5
-79.4,35.7
-79.4,35.9
-79.9,35.8
-79.57,35.79
-79.8,35.4
-79.98,36.27
-79.9,36.2
-80.1,35.9
-80,35.8
-80,35.4
-79.53,35.25
-79.61,36.04
-79.3,36.4
-79.77,36.07
-79.82,36.06
-79.74,36.12
-79.8,36
-79.87,36.01
-79.82,36.1
-79.94,36.11
-79.89,36.12
-79.82,36.18
-78.7,35.5
-78.9,35.7
-78.88,36.15
-78.5,35.4
-79,35.4
-78.5,36.5
-78.25,35.96
-78.77,36.13
-79.08,35.91
-78.78,35.76
-78.8,35.8
-79.04,35.97
-79.2,35.9
-79,35.8
-78.77,35.73
-78.89,35.81
-78.5,35.6
-78.66,35.41
-78.7,36.1
-78.9,35.8
-78.4,35.4
-78.5,36.1
-78.8,35.5
-78.38,35.66
-78.6,35.7
-78.1,35.4
-77.97,35.35
-77.9,35.4
-78.41,36.33
-78.4,36.4
-78.8,35.7
-78.87,35.61
-79.1,36.3
-78.1,35.6
-78.5,36.2
-78.47,35.8
-78.9,35.4
-78.2,36.1
-78,36.4
-78.31,36.48
-78.2,35.6
-78.324,36.398
-78.2,35.8
-79.1,35.6
-78.83,35.87
-79,35.6
-78.2,36.4
-78.6,36.3
-78.2,35.6
-78.2,35.4
-78.46,35.92
-78.9,36.3
-78.98,36.4
-78.9,36.4
-78.2,35.6
-78.4,35.5
-78.73,36.21
-78.7,36.4
-78.9,36.3
-78.6,36
-78.1,36.4
-78.4,35.8
-78.66,35.57
-78.5,36
-78.3,35.8
-78.63,35.77
-78.7,35.7
-78.56,35.82
-78.65,35.79
-78.72,35.74
-78.71,35.81
-78.65,35.81
-78.63,35.84
-78.5,35.7
-78.72,35.85
-78.72,35.93
-78.61,35.95
-78.63,35.9
-78.54,35.87
-78.77,35.9
-78.9,35.99
-78.8,35.94
-78.8,36
-78.98,36.03
-78.95,35.95
-78.86,35.9
-78.91,36.09
-78.92,35.89
-77.7,35.9
-77.87,35.9
-77.85,35.99
-77.1,36.2
-76.8,35.3
-78.08,35.8
-76.77,35.47
-77.8,36
-76.5,35.5
-77.4,35.8
-77.934,35.635
-76.9,35.4
-78.1,36.1
-77.1,35.4
-77,36.5
-77.459,35.816
-77.24,36.41
-76.87,35.33
-77.9,35.8
-77.7,36.2
-76.1,35.5
-77.1707,35.8347
-76.2,35.5
-77.513,35.699
-77.6,35.6
-77.6,35.7
-78,35.6
-77.5,36.5
-77.72,36.51
-77.4,35.7
-77.2,35.5
-77.6,36.3
-77.22,35.94
-77.276,35.908
-77.86,36.52
-77.4,36
-78,36.3
-77.4,36.4
-76.9,35.8
-77.18,36.18
-77.2,36.1
-77.9,36.4
-78.03,35.64
-77.6,35.8
-77.3,36.5
-77.1,36.4
-78,36
-77.3,36
-77.3,35.5
-76.7,35.7
-77.3,35.8
-77.2,36.5
-78,35.5
-77.65,35.81
-76.8,35.6
-77.54,36.51
-77.3,36.3
-77.71,36.43
-77.2,35.8
-77.24,36.2
-77.8,35.6
-77.4,36.1
-76.49,35.45
-77.39,36.49
-77.832,35.861
-77.275,35.571
-78.08,35.74
-77.457,35.818
-78.1,35.9
-77.8,35.6
-77.28,35.71
-76.3,35.4
-77.5,35.9
-77.7,35.6
-77,35.6
-77.59,36.42
-77.8,36.1
-77,35.8
-77.9,35.7
-77.98,35.79
-77.21,36.32
-76.3,36.3
-77,36.3
-75.51,35.35
-75.92,36.33
-75.99,36.36
-76.51,36.32
-75.53,35.26
-76.2,36.3
-76.84,36.32
-75.94,36.36
-76.8,36.2
-76.2,35.8
-76.59,36.5
-75.8,36.4
-76.5,35.8
-76,36.43
-76.6,36.1
-76.86,36.43
-75.6,35.2
-76.8,36.5
-76.73,36.4
-75.88,36.23
-75.81,36.09
-76.78,36.3
-75.69,35.22
-76.4,36.2
-76.6,36.3
-75.85,36.18
-75.69,36.02
-75.7,36.1
-76,36.5
-75.9,35.8
-75.68,35.91
-76.01,36.4
-76.77,36.06
-76.2,36.5
-75.6,35.9
-75.9,35.1
-76.7,35.8
-75.8,36.09
-75.91,36.28
-75.83,36.12
-76.933,36.228
-75.6,35.5
-76.5,35.9
-75.5,35.51
-76.1,36.4
-76.01,36.23
-76.3,36.5
-75.8,35.7
-76.6,36.4
-76.62,36.24
-75.64,35.85
-75.464,35.577
-76.9,36
-76.4,36.2
-76.92,36.39
-80.2,35.3
-81.09,35.41
-80.1,35.1
-80.2,35.3
-81.04,35.22
-81.3,35.3
-81.6,35.2
-81.8,35.5
-81.8,35.4
-81.64,35.53
-81.4,35.4
-80.59,35.57
-80.5,35.4
-80.7,35.4
-80.89,35.47
-81.08,35.24
-81.34,35.42
-81.18,35.35
-80.8,35.48
-81.04,35.5
-80.434,35.683
-81.8,35.4
-81.9,35.3
-81.24,35.23
-81.15,35.26
-81.1,35.2
-80.32,35.51
-80.4,35.6
-81.47,35.2
-80.64,35.3
-81.9,35.3
-81.2,35.409
-80.9,35.4
-80.6,35.1
-81.11,35.45
-80.68,35.49
-80.57,35.49
-81.4,35.3
-80.62,35.54
-81.655,35.32
-81.6,35.5
-79.9,35
-81.3,35.5
-80.4,35.3
-81.1,35.27
-81.075,35.256
-80,34.9
-80.3,35
-80.7,35.1
-80.7,35.11
-80.52,35.24
-80.7,34.9
-80.3,35.5
-80.5,35.1
-80.5,34.9
-81.7,35.3
-80.8,35.6
-80.89,35.57
-80,34.9
-81.01,35.33
-80.4,35.4
-80.71,35.66
-80.2,35.5
-80.2,35.2
-80.32,35.24
-80.2,35
-80.9,35.08
-80.2,35.1
-80.3,35.5
-80.45,35.52
-82,35.3
-80.45,35.71
-80.4,35.6
-80.6,35.7
-81.6,35.4
-81.6,35.2
-80.43,35.69
-81.93,35.36
-80.44,35.21
-81.05,35.38
-80.88,35.68
-82,35.5
-81.4,35.6
-81.428,35.365
-80.1,35
-80.7,34.9
-80.4,35
-80.84,35.23
-80.86,35.21
-80.83,35.22
-80.79,35.22
-80.82,35.25
-80.82,35.2
-80.91,35.24
-80.85,35.18
-80.85,35.13
-80.79,35.17
-80.75,35.19
-80.73,35.28
-80.96,35.28
-80.69,35.25
-80.9,35.31
-80.92,35.17
-80.83,35.11
-80.64,35.18
-80.74,35.33
-80.79,35.34
-80.76,35.11
-80.93,35.12
-80.81,35.05
-81,35.1
-80.84,35.23
-78.89,35.07
-78.96,35.09
-78.99,35.02
-78.91,35.06
-78.9,34.9
-79,35.16
-79.01,35.17
-79.04,35.12
-78.9,35.17
-78.7,35
-79.02,35.07
-79.4,35.1
-78.6,35
-78.8,34.6
-78.8,35.3
-78.1,35.2
-79.2,35.3
-79.4,35.4
-78.3,35
-79.8,34.9
-78.727,34.658
-78.01,35.28
-78.6,35.3
-78.6,34.7
-79.8,35.1
-78.73,35.32
-79.2,34.4
-78.2,35.1
-78.6,35.2
-79.58,34.77
-78.6,35.2
-79.7,34.9
-79.56,35.03
-78.92,34.93
-77.93,34.98
-79.303,35.245
-79.6,34.8
-79.5,34.8
-78.8,35.2
-79.08,34.91
-79,34.6
-79.1,34.7
-79.5,35
-79.3,34.7
-78.1,35.2
-78.4,35.2
-79.8,35.1
-79,34.4
-78.99,34.91
-79.17,34.7
-79.51,35.09
-79.47,35.2
-79.038,34.479
-79.2,35.1
-79.2,34.8
-79.8,34.9
-78.5,35
-79.3,34.6
-79,34.8
-78.5,35.1
-79.1,34.8
-79.38,35.17
-79,35.2
-78.7,35.02
-78.8,34.8
-78.2,35
-79.2,35.2
-78.7,35.1
-79.4,34.9
-78.1,35
-78.7,34.7
-77.97,34.26
-77.87,34.22
-77.86,34.27
-77.86,34.13
-77.79,34.3
-77.92,34.13
-78.5,34.1
-78.19,34.51
-78.2,34
-78.4,34.3
-78.6,34.3
-77.9,34.6
-77.9,34.04
-77.9,34.34
-78.93,34.3
-78.9,34.3
-78.8,34.17
-78.7,34.5
-78.5,34.5
-78.1,34.4
-78.28,34.28
-78.9,34.4
-79.02,34.28
-78.4,34.8
-78.6,34.3
-77.6,34.4
-78.3,34.7
-77.5,34.5
-78.3,34.6
-78.3,34.5
-77.92,33.97
-78.5,34.3
-78.1,34.2
-78.55,33.98
-78.1,34.9
-77.7,34.6
-78.6,34.1
-78.3,34.4
-77.9,34.5
-78.1,34.8
-77.43,34.52
-78,34
-78.3,34
-78.8,34.1
-78.01,34.78
-78.1,33.9
-77.9,34.8
-78.59,33.91
-78.5,33.9
-78.46,33.94
-78.4,33.97
-78.6,34.3
-78.1,34.6
-78.1,34.1
-77.79,34.23
-77.5,35.3
-77.7,35.2
-77.82,35.1
-76.8,35
-76.38,34.92
-76.8,34.7
-77.4,35.4
-76.7,35.2
-76.5,34.9
-77.8,34.9
-77.019,35.12
-76.32,34.98
-77.7,34.8
-77.3,35.2
-76.46,34.799
-77.7,35.1
-77.4,35.3
-77,35.3
-76.54,34.74
-76.9,35.1
-77.4,35.4
-76.55,34.7
-76.9,34.9
-76.898,34.893
-76.53,35.27
-77.56,35.42
-77.3,34.7
-77.5,34.7
-77.39,34.73
-77.32,34.71
-77.4,34.8
-77.35,34.69
-77.8,35.3
-76.58,35.29
-76.52,34.73
-77.56,35.42
-77.2,34.9
-76.7,35.1
-76.76,34.74
-77,35.1
-77.1,35.1
-76.9,34.8
-76.7,35.1
-77.7,35
-77.2,35
-77.6,34.9
-76.877,34.689
-76.39,34.87
-77.9,35.2
-76.5,34.81
-77.7,35.4
-76.3,34.8
-77.14,34.76
-76.745,35.13
-77.1,34.74
-77.4,35.1
-77.2,35.3
-76.67,35.19
-76.506,34.787
-77.42,35.52
-77.01,34.66
-81.3,35.8
-81.4,35.7
-81.8,36.2
-81.7,36.1
-81.33,36.05
-81.6,36.2
-81.1,35.7
-81.1,35.7
-81.8,36
-81.5,35.7
-81.2,35.7
-81.6,36.5
-81.9,36
-81.38,36.49
-81.51,36.21
-81.7,35.8
-80.9,36.3
-81.95,36.21
-80.97,36.52
-81.4,36.1
-80.9,35.9
-81.5,36.3
-81,36.44
-81.7,35.8
-81.37,36.33
-81.5,35.8
-81.4,36.55
-80.8,36
-81.1,36.3
-81.1,35.9
-81.42,35.72
-81.48,35.85
-81.4,36.4
-80.84,36.22
-81.5,36.5
-81.3,36.4
-81.5,36
-81.85,36.08
-81.9,36
-81.22,36.32
-81.2,35.6
-81.3,36.3
-81.9,36
-81.1,36.1
-81.7,35.8
-82,36
-81.2,35.6
-81.1,36.2
-80.86,35.97
-81.8,36.1
-81.3,36.53
-81.4,36.2
-81.6,35.7
-81.5,35.8
-81.01,36.39
-81,36.2
-80.94,36.2
-81.6,35.7
-81.33,36.49
-81,35.61
-81.2,36.5
-80.86,36.34
-80.9,35.7
-81.06,35.84
-81.85,36.26
-81.2,35.9
-80.96,35.58
-80.91,36.38
-81.62,36.33
-81.04,36.36
-80.9,36
-81.58,35.73
-81.8,36.3
-81.55,36.46
-81.5,36.4
-81.2,36.1
-81.74,36.35
-82.64,35.7
-83.62,35.39
-82.57,35.46
-82.2,36
-83.082,35.426
-82.9,35.3
-82.41,35.75
-82.3,35.6
-82.8,35.2
-83.6,35.4
-82.3,35.9
-82.7,35.5
-82.8,35.5
-83.1,35.08
-82.62,35.16
-83.3,35.6
-82.247,35.439
-83,35.7
-82.1,35.2
-83.1,35.3
-83.2,35.3
-82.42,35.28
-82.6,35.32
-82.39,35.52
-82.38,35.28
-82.48,35.46
-83.79,35.43
-83.4,35.2
-82.36,35.48
-83.08,35.17
-82.5,35.3
-82.3,36
-83.19,35.08
-82.6,35.4
-82.9,35.8
-82.97,35.53
-82.18,35.46
-82.91,35.13
-82.8,35.6
-82.1,35.7
-83.1,35.5
-82,35.7
-82.7,35.9
-82.5,35.9
-82.2,35.4
-82.3,35.6
-82.59,35.38
-81.9,35.7
-82.2,35.6
-83.5,35
-82.62,35.24
-82.7,35.3
-83.8,35.3
-82.82,35.11
-82.3,35.3
-83,35.1
-83.3,35.02
-82.1,35.9
-82.4,35.63
-83.2,35.3
-83.65,35.21
-82.2,35.3
-83,35.3
-83.1,35.7
-83,35.4
-82.5,35.7
-83.3,35.4
-82.49,35.2
-82.51,35.36
-82.5,35.3
-82.56,35.59
-82.52,35.54
-82.55,35.65
-82.49,35.62
-82.6,35.6
-83.8,35.2
-83.95,35.03
-83.7,35.1
-83.93,35.16
-84.1,35.1
-83.92,35.01
-96.7,46.3
-97.39,46.98
-97.3,47
-97,47.1
-97.2,47.1
-97.5,47
-97,46.3
-97.25,47.33
-97.5,46.9
-97.2,47
-97.4,46.1
-96.81,46.59
-97.5,47.4
-97.8,46.1
-96.9,46.4
-97.1,46.7
-97.6,46.6
-97.4,47.1
-96.7,46
-97.7,46.8
-97.6,46.1
-97.9,46.4
-97.4,47.3
-97,47.2
-97,47.2
-97.7,46.2
-96.9,46.1
-97,47
-97.5,46
-97,47.4
-97.7,47.3
-96.9,46.7
-97.2,47.2
-98,46.7
-97,46.6
-97.3,46.6
-97.2,46.1
-97.6,46.4
-97.9,47.3
-97.3,46.4
-96.97,46.17
-97.1,46.8
-97.5,46.3
-96.9,46.3
-97.8,46.6
-97.8,47
-97.7,47.1
-97.76,47.19
-97.5,46.1
-97.4,46.5
-97.8,46.2
-97.7,46.9
-98,46.9
-96.7,46.3
-96.607,46.273
-96.9,46.5
-96.93,46.87
-97.3,46.9
-97.1,46.3
-96.83,46.93
-96.82,46.85
-96.84,46.79
-96.81,46.9
-97.2,47.9
-97.08,47.92
-97.2,48
-97.38,47.96
-97.4,47.96
-98.1,48.4
-98,47.7
-97.5,47.9
-97.4,48.9
-97.1,47.6
-96.87,47.47
-97.8,48.8
-97.7,48.6
-97,47.5
-97.95,48.17
-97.2,48.6
-97.9,48.5
-97.4,47.9
-98.2,48.5
-97.8,47.5
-97.8,48.2
-97.5,48.2
-97.5,48.1
-97.4,48.4
-97.4,48.8
-98.7,48.9
-97.5,47.6
-97.7,48.7
-97.7,48.5
-97.64,48.13
-98.3,48.8
-98,48.3
-97.7,48
-98.1,47.8
-97.2,48.1
-97.3,47.5
-97.3,48
-98.1,48
-98.1,48.6
-97.3,48.2
-97.87,48.68
-97.6,48.9
-97.8,48
-97.6,47.8
-98.2,48.7
-97.8,48.4
-97.3,48.9
-98,48
-97.7,48.3
-97.5,47.5
-97.1,47.7
-97.4,48.6
-97.8,47.6
-97.1,47.8
-98.6,48.8
-98,48.9
-98.9,48.1
-98.6,48.7
-99.8,48.8
-99.4,48.6
-100.4,48.8
-98.3,48.2
-98.9,48.8
-99.2,48.5
-99.1,48.3
-98.6,48.1
-100.1,48.9
-98.5,48.5
-99.1,48.6
-99.7,48.1
-98.99,47.97
-98.6,48.5
-99.34,48.95
-99.8,47.8
-99.7,48.3
-98.3,48
-98.4,48.3
-99.4,48.3
-99.5,48
-99.3,48.1
-98.9,48.7
-99.6,48.6
-98.37,48.59
-99.1,47.7
-99.1,47.9
-98.4,47.8
-99.1,48.2
-99.5,48.8
-99.3,48.8
-99.9,48.7
-99.5,48.9
-100.1,48.3
-99.8,48.9
-98.9,47.9
-99,48.9
-99.2,47.8
-98.9,48.5
-98.817,47.923
-98.5,47.8
-98.7,47.8
-98.8,48.3
-100.3,48.6
-99.6,48.5
-99.5,48.3
-98.7,46.9
-98.8,46.9
-98.7,46.914
-99.3,46.1
-98.5,46.4
-98.3,47.5
-99.7,47.4
-98.9,47.1
-99.1,47.5
-99.4,47.6
-99.8,47.5
-99.1,46.9
-98.1,47.5
-98.6,47.2
-99.7,46.9
-98.2,47.2
-100.3,47.5
-98.5,46.5
-98.7,46.4
-98.6,46.1
-99.6,47.7
-98.8,46
-99.2,46.4
-98.4,46.2
-99.2,46.6
-98.6,47.5
-100.1,47.5
-98.8,47.5
-98.2,47.3
-99.9,47.5
-98.24,47.541
-98.9,46.6
-98.7,47.3
-98.9,46.3
-98.3,46.4
-99.3,46.3
-98.2,46.6
-100.5,47.5
-98.6,47.6
-98.4,46.6
-99.3,46.9
-98.7,46.6
-98.1,46.1
-99.5,47.2
-99,47.2
-100.5,47.2
-99.7,47.2
-98.2,47.1
-98.3,46.9
-98.4,46.9
-99.9,46.9
-99.4,46.6
-98.5,47.4
-99.4,47.4
-99.6,46.8
-100,47.2
-98,46.4
-98.4,47.2
-100.3,47.1
-99.6,46.3
-99.3,47.2
-98.5,46.8
-100.7,46.8
-100.7,47
-100.8,46.8
-100.781,46.819
-101.5,46.7
-100.7,47
-101.8,47.2
-100.1,46.6
-100.6,46.3
-101.6,46.3
-101.1,47.1
-101.2,47.6
-100.1,46.9
-101.8,46.4
-101.3,46.5
-100.7,46.1
-101.7,47.7
-102.1,47.3
-100,46.1
-100.3,46.5
-101.6,47.3
-100,46.5
-100.2,46.3
-100.9,46.7
-100.5,46.8
-100.7,47.5
-100.4,46.7
-99.7,46.5
-102,46.4
-101.5,46.9
-101.4,46.2
-101.37,47.5
-100.9,46.6
-101.4,46.1
-101.2,46.2
-100.8,46.3
-101.4,47.3
-100.3,46.9
-100.3,46.1
-100.9,47.5
-101.2,47.4
-101,47.3
-100.8,47.2
-102,47.3
-99.7,46.1
-102.8,46.9
-103.4,46.5
-103.8,47
-103.2,46.9
-103.4,46.2
-102.2,47.3
-102.6,47.4
-103.3,47.1
-102.5,47
-101.9,46.8
-103.9,46.7
-103.4,47.5
-102.4,47.4
-102.1,46.9
-102.5,46.1
-102.9,47.5
-102.5,46.7
-102.9,47.2
-103.9,46.2
-103.5,46.8
-102.3,46.4
-103,46.5
-102.9,46.1
-102.6,46.4
-103.7,46.3
-102.3,46.9
-103.1,46.2
-103.8,46.8
-103,46.8
-102.4,46.9
-101.3,48.1
-101.3,48.3
-101.32,48.43
-101.34,48.41
-101.3,48.246
-100.2,47.9
-101.3,48.9
-100.6,48
-100.61,48.53
-101,47.8
-101.8,48.3
-102.3,48.8
-101.5,48.3
-100.6,47.8
-101.7,48.5
-102.8,48.9
-103.2,48.8
-101,48.4
-101.6,48.2
-102,48.5
-101.5,47.9
-100.4,47.9
-102.4,48.9
-101.3,48.5
-100.8,48.3
-100.6,48.1
-102.2,48.8
-100.6,48.7
-101.4,48.6
-102.5,48.8
-103,48.6
-101.8,48
-102.5,47.8
-100.1,47.8
-101.2,47.9
-101.2,48.7
-101.5,48.8
-100.9,48.7
-102.5,48
-103,48.9
-101,48.2
-102.2,48.3
-102.2,47.9
-101.9,48.1
-102.6,49
-102.6,48.6
-101.9,47.7
-102.6,48.3
-100.9,47.8
-101.8,47.9
-101.1,48
-101.7,48.9
-100.7,48.9
-102.4,48.4
-101.1,48.3
-101.8,48.8
-100.5,48.4
-100.8,48.6
-100.9,48
-100.7,48
-101.1,48.9
-102.8,48.3
-103.2,48.6
-103.7,48.3
-103.5,48.6
-103.6,47.9
-103.5,48.9
-103.5,47.8
-103.8,47.7
-103.4,48.2
-103.8,48.9
-103.9,48.7
-102.9,47.9
-103.2,48.3
-103,48.4
-103.834,48.071
-103.1,47.8
-103.7,48.6
-82.6,40.09
-83.18,40.074
-82.97,40.41
-82.8,40.02
-82.281,40.288
-82.14,40.46
-82.49,39.929
-83.6,40.2
-83.621,39.997
-82.7,40.3
-82.69,40.24
-82.3,40.5
-83.1,40.3
-83.14,40.1
-83.14,40.12
-82.6,40.5
-82.87,40.21
-82.35,40.34
-82.5,40.1
-82.52,39.97
-83.18,40.02
-82.3,40.4
-83.45,40.11
-82.417,39.959
-82.7,40.2
-82.9579,40.3296
-82.6,39.96
-83,40.19
-83.262,40.353
-82.32,40.28
-83.4,40.3
-83.6,40.1
-83.45,40.17
-82.55,39.9
-82.5,40.4
-82.81,40.09
-82.4,40.1
-82.4,40
-83.58,40.21
-83.2,40.3
-82.7,40
-83.3,40.1
-83.1,40.17
-83.16,40.4
-83.47,40.35
-82.77,39.95
-83.959,40.218
-82.37,40.19
-84,40.1
-82.8,40.3
-82.4,39.9
-83.34,40.138
-83.8,40.1
-82.4,40.2
-82.9,40.1
-82.87,40.16
-83.54,40.15
-83.01,40.1
-82.745,39.466
-82.8,39.6
-82.9,39.7
-82.61,39.87
-83.41,39.64
-82.41,39.69
-82.832,39.915
-82.8,39.8
-82.243,39.502
-82.72,39.8
-82.9,39.6
-83.2,39.5
-83.067,39.766
-83.1,39.8
-83.21,39.94
-83.1,39.9
-82.89,39.84
-83.171,39.811
-82.32,39.48
-83.57,39.66
-82.6,39.7
-82.7,39.5
-82.81,39.81
-82.98,39.81
-82.4,39.5
-83.4,39.9
-83.588,39.594
-83.3,39.7
-82.169,39.509
-83.25,39.56
-83.1,39.8
-82.75,39.89
-82.51,39.83
-82.6,39.5
-82.41,39.77
-83.476,39.733
-82.6,39.4
-83.6,39.7
-82.83,39.61
-82.54,39.63
-82.776,39.556
-82.546,39.843
-82.4,39.5
-83.4,39.5
-83.31,39.94
-83.1,39.6
-83,39.99
-83.02,40.02
-82.97,39.97
-83.09,39.96
-82.96,39.96
-82.97,39.94
-82.96,39.88
-82.93,39.95
-83.02,40.01
-82.97,40.01
-83.04,39.99
-82.87,39.97
-83.02,40.05
-83.03,39.97
-82.93,39.82
-82.92,40.01
-83.07,40.05
-83.08,40.03
-83.04,39.96
-83.05,39.93
-82.96,40.04
-82.89,39.94
-83.14,39.96
-82.98,40.08
-82.87,40.03
-82.94,40.08
-82.88,39.92
-83.06,40.1
-82.98,40.15
-83.1,40.6
-83.8,40.5
-83.7,40.4
-83,40.7
-82.8,40.5
-83.4,41
-82.682,40.479
-83.9,40.3
-83.6,40.31
-82.9,40.59
-82.829,40.463
-83.21,40.532
-83.3,40.7
-83.8,40.44
-83.6,40.6
-83.419,40.813
-83.92,40.52
-83.4,40.6
-83.93,40.44
-82.8,40.4
-83.58,40.31
-83.3,40.7
-82.8,40.6
-83.49,40.55
-83.31,40.59
-83.19,40.48
-84,40.3
-83.3,40.4
-83.58,40.52
-83.65,40.49
-83.89,40.47
-83.3,40.8
-83.05,40.47
-83.7,40.3
-83.5,40.4
-83.45,40.86
-83.6,40.3
-83.7,41.4
-83.63,41.38
-83.44,41.34
-83.24,41.28
-83.362,41.564
-83,41.3
-83.3,41.6
-83.7,41.2
-83.27,41.48
-83.1,41.4
-83.37,41.53
-83.3,41.4
-83.25,41.57
-82.872,41.506
-83.444,41.695
-83.33,41.33
-83.598,41.257
-82.7,41.6
-83.043,41.517
-82.77,41.53
-83.21,41.43
-83.47,41.47
-83.3,41.58
-82.82,41.68
-83.43,41.57
-83.1,41.6
-83.48,41.39
-83.62,41.31
-83,41.5
-82.82,41.65
-83.42,41.26
-83.214,41.534
-83.56,41.6
-83.72,41.28
-83.507,41.509
-82.92,41.41
-83.5,41.56
-83.52,41.3
-83.492,41.244
-83.34,41.599
-83.36,41.46
-84.46,41.67
-84.3,41.5
-83.84,41.7
-84.731,41.524
-84.5,41.5
-83.8,41.3
-84.4,41.3
-84,41.6
-83.9,41.2
-84.71,41.45
-84.7,41.6
-84.4,41.3
-84.3,41.7
-83.84,41.43
-84.02,41.31
-84.04,41.22
-83.701,41.467
-84.7,41.3
-84.16,41.24
-83.75,41.63
-83.7849,41.1904
-84.4923,41.6361
-84,41.4
-84.08,41.68
-83.94,41.35
-84.02,41.31
-84.64,41.31
-83.68,41.57
-83.95,41.69
-83.83,41.301
-83.76,41.57
-84.6,41.6
-84.1,41.4
-83.84,41.42
-84.17,41.2
-84.52,41.37
-83.6,41.5
-84.228,41.532
-84.6,41.6
-84.1,41.4
-84.56,41.32
-84.38,41.49
-83.9,41.6
-83.73,41.69
-83.7408,41.4175
-83.76,41.5
-84.1,41.6
-83.8,41.35
-84.44,41.59
-83.81,41.51
-83.54,41.65
-83.51,41.65
-83.6,41.67
-83.61,41.65
-83.53,41.68
-83.58,41.62
-83.56,41.68
-83.48,41.7
-83.54,41.71
-83.61,41.7
-83.67,41.6
-83.67,41.65
-83.44,41.67
-83.73,41.67
-83.49,41.6
-83.55,41.66
-83.66,41.71
-82,40
-81.5,39.7
-81.2,40
-81,39.8
-81.554,39.789
-81,40
-81.1,40
-81.9,39.8
-82.257,39.947
-81.52,39.916
-81.53,39.96
-81.5,39.7
-81.6,40
-81.8,39.9
-81.9,39.49
-82.1,39.6
-82,39.7
-81.6,39.8
-81.54,39.88
-81.9,39.89
-82.122,39.85
-81.3,40
-82.1,39.8
-82.3,39.92
-82.216,39.952
-82.17,39.97
-81.14,39.85
-82.3,39.7
-81.6,40.2
-81.6,40
-81.2,39.8
-81.5,40
-81.8,39.7
-81.9,39.6
-81.071,40.063
-82.2,39.9
-82.1361,39.6634
-81.8,40
-82.2,39.7
-82.3,39.6
-81.8,40
-81.448,40.04
-81.94,39.83
-81.54,39.88
-81.3,40
-82.1,39.8
-81.4,40
-81.43,39.82
-81.44,39.92
-82.21,39.63
-82.3,39.8
-81.277,39.715
-81.8,39.5
-81.3,39.8
-81.1,39.8
-81.86,40.09
-81.74,40.45
-81.98,40.4
-81.93,40.19
-81.9,40.3
-82,40.1
-82.2,40.2
-81.8,40.4
-82.1,40.1
-81.6,40.3
-81.718,40.205
-81.5,40.3
-81.62,40.41
-82.013,40.141
-82.2,40.3
-82,40.3
-81.71,40.25
-80.9,40.2
-80.97,39.89
-80.94,40.47
-80.9,40.1
-80.8,40.02
-81,40.3
-80.88,40.51
-80.8,40.4
-80.79,40.09
-80.64,40.26
-80.9,39.8
-80.9,39.8
-80.8,40.2
-80.59,40.68
-80.862,40.45
-80.626,40.513
-80.9,40.1
-80.8893,40.0078
-80.78,40.57
-80.8727,39.6684
-80.75,40.53
-80.89,39.94
-80.79,40.1
-80.76,40.12
-80.68,40.3
-80.798,40.177
-80.8,40
-80.87,39.87
-80.71,40.23
-80.77,40.43
-80.8,40.6
-81,39.6
-80.8,39.93
-80.781,40.27
-80.9,40.1
-81.1,40.2
-80.68,40.39
-80.69,40.36
-80.628,40.522
-80.89,40.67
-80.69,40.18
-80.7,40.5
-81,40
-80.68,40.64
-80.94,40.47
-80.72,40.16
-80.9,40.1
-81.3,40.2
-80.882,40.183
-80.91,40.37
-81.1,40.2
-81.21,40.15
-81.132,40.162
-80.99,40.39
-81.1,40.4
-82.26,41.37
-80.6,41.6
-80.8,41.9
-80.85,41.76
-82.02,41.45
-82.02,41.5
-81.87,41.37
-81.1,41.4
-81.4,41.45
-81.3,41.4
-81.2,41.6
-81.32,41.53
-81.95,41.31
-80.6,41.9
-80.68,41.68
-82.1,41.4
-82.02,41.37
-81.41,41.53
-80.9,41.8
-82,41.3
-81.279,41.737
-81.07,41.54
-80.7,41.7
-80.66,41.85
-82.22,41.29
-82.13,41.25
-82.16,41.45
-82.22,41.43
-82.1,41.46
-82.13,41.43
-81.5,41.31
-81.1,41.8
-81.33,41.69
-81,41.5
-81.05,41.6
-81.24,41.46
-81.54,41.31
-81.92,41.42
-81.33,41.47
-82.23,41.29
-80.8,41.5
-81.2,41.71
-81.2,41.4
-81.14,41.77
-80.57,41.76
-80.91,41.68
-80.9,41.6
-81.06,41.68
-81.44,41.32
-82.38,41.38
-82.2,41.2
-81.47,41.6
-80.62,41.54
-81.37,41.64
-81.44,41.66
-80.97,41.55
-81.691,41.505
-81.74,41.47
-81.65,41.52
-81.63,41.48
-81.63,41.45
-81.6,41.51
-81.8,41.48
-81.61,41.54
-81.7,41.45
-81.57,41.57
-81.79,41.46
-81.57,41.54
-81.7,41.48
-81.67,41.52
-81.67,41.49
-81.85,41.47
-81.53,41.57
-81.57,41.51
-81.55,41.58
-81.58,41.47
-81.53,41.53
-81.51,41.47
-81.53,41.6
-81.47,41.5
-81.63,41.4
-81.85,41.44
-81.64,41.47
-81.54,41.44
-81.73,41.39
-81.79,41.39
-81.64,41.39
-81.51,41.61
-81.74,41.31
-81.71,41.39
-81.82,41.42
-81.81,41.31
-81.56,41.4
-81.92,41.38
-81.44,41.39
-81.92,41.49
-81.61,41.3
-81.83,41.4
-81.48,41.56
-81.74,41.44
-81.92,41.44
-81.54,41.39
-81.67,41.31
-81.85,41.31
-81.2,41
-81.35,41.32
-81.63,41.02
-81.84,41.23
-82,40.9
-81.9,41.07
-81.57,40.94
-81.91,40.95
-81.47,41.14
-81.53,41.17
-81.45,41.18
-81.7,40.96
-81.08,41.31
-81.74,41.24
-81.16,41.34
-82.11,41.04
-81.46,41.25
-81.33,41.14
-81.35,41.24
-81.342,41.147
-81.4301,41.0255
-81.93,41.03
-82.04,41.16
-82.02,41.04
-81.23,41.29
-81.9,41.1
-81.33,41.03
-81.42,41.14
-81.55,41.23
-81.2,41
-81.2,41.2
-81.77,40.96
-81.2,41.1
-81.89,41.03
-81.75,41.06
-82.11,41.1
-81.83,40.94
-81.42,41.1
-81.93,41.23
-81.8,41.1
-81.2,41.2
-81.64,41.24
-82.1,40.9
-81.07,41.24
-81.52,41.05
-81.54,41.09
-81.53,41.1
-81.51,41.09
-81.46,41.08
-81.48,41.04
-81.55,41.07
-81.52,41.08
-81.5,41.11
-81.52,41.07
-81.44,41.01
-81.57,41.15
-81.56,41.04
-81.52,40.98
-81.58,41.08
-81.65,41.1
-81.63,41.16
-80.93,41.03
-80.86,41.39
-80.58,41.24
-80.56,41.32
-80.59,41.08
-80.78,41.01
-80.7,40.9
-80.7,41.4
-81.05,41.03
-81.04,41.1
-80.56,40.85
-80.66,41.42
-80.61,41.31
-80.67,41.18
-80.9,40.76
-80.58,41.17
-80.95,40.71
-80.6,41.4
-80.98,41.1
-80.91,41.24
-80.76,40.85
-80.8,40.7
-80.55,41.06
-80.73,41.15
-80.54,41.24
-80.96,41.46
-80.8,41.15
-80.57,40.75
-80.55,40.97
-80.6,40.93
-80.97,41.18
-80.61,40.85
-80.74,41.19
-81.04,40.98
-80.8,41.5
-80.88,41.08
-80.66,40.95
-80.54,40.92
-80.61,40.78
-80.9,40.9
-80.96,41.29
-80.59,41.05
-80.67,41.25
-80.9,41.2
-80.82,41.25
-80.76,41.23
-80.85,41.24
-80.76,40.9
-80.98,41.37
-80.9,40.76
-80.64,41.09
-80.647,41.1
-80.66,41.12
-80.62,41.13
-80.62,41.09
-80.66,41.07
-80.69,41.11
-80.67,41.12
-80.7,41.07
-80.67,41.02
-80.61,41.01
-80.76,41.1
-81.1,40.9
-81.79,40.74
-81.0089,40.6481
-81.6,40.64
-81,40.9
-81.798,40.56
-82.1,40.6
-81.46,40.63
-81.6,40.71
-81.6,40.88
-81.1,40.6
-81.7,40.8
-81.22,40.58
-81.29,40.43
-81.5,40.6
-81.6,40.6
-80.98,40.75
-81.38,40.68
-81.8,40.7
-82.2,40.5
-81.45,40.35
-81.31,40.96
-81.93,40.63
-81.05,40.83
-82,40.5
-82.1,40.7
-81.147,40.982
-81.2,40.9
-81.31,40.65
-81.18,40.68
-81.72,40.91
-81.5,40.8
-81.58,40.81
-80.95,40.63
-81.32,40.89
-81.379,40.441
-81.9,40.5
-81.34,40.57
-81.1,40.7
-81.703,40.695
-82.112,40.596
-81.6,40.7
-81.5,40.5
-81.63,40.84
-81.75,40.83
-81.16,40.8
-81.16,40.8
-81.368,40.642
-81.02,40.92
-81.26,40.5
-82,40.7
-81.86,40.87
-81.34,40.58
-81.54,40.6
-81.7,40.5
-81.409,40.398
-81.3,40.4
-81.43,40.96
-81.7,40.5
-81.26,40.68
-81.635,40.657
-81.696,40.616
-82,40.8
-81.188,40.308
-81.17,40.44
-81.46,40.63
-81.3,40.3
-81.37,40.8
-81.38,40.81
-81.35,40.8
-81.34,40.83
-81.42,40.76
-81.35,40.76
-81.44,40.81
-81.39,40.84
-81.43,40.79
-81.36,40.83
-81.44,40.84
-81.43,40.9
-81.32,40.89
-81.26,40.77
-83.43,41.04
-83.54,41.12
-82.3,40.9
-82.9,41.1
-83.286,41.134
-82.9,41.3
-82.5,40.6
-82.48,41.32
-83.23,41.25
-82.361,41.33
-83.55,41.21
-83,41
-83,40.8
-82.4,40.5
-82.81,41.38
-82.942,40.952
-82.49,41.23
-82.8,40.8
-82.86,41.235
-83.4,41.2
-82.8,40.7
-83,41.2
-82.5,41
-82.262,40.771
-82.5,41.4
-82.19,40.79
-83.31,41.25
-82.2,40.7
-82.41,40.7
-83.25,40.99
-82.6,41.32
-82.7,41.2
-83.1,40.8
-82.68,40.99
-82.4,41.1
-83.3,41.06
-82.86,40.95
-82.59,41.11
-82.856,40.792
-82.6,41.2
-82.33,41.01
-83.149,41.239
-82.3,40.7
-82.67,40.98
-82.2,40.92
-83,41.1
-82.7,41.4
-82.365,40.966
-82.6,40.9
-82.5,40.9
-82.22,41.04
-83,40.8
-83.1,40.9
-83.2,41.1
-82.8,40.9
-82.4,41.2
-82.7,41.1
-82.51,40.76
-82.5,40.76
-82.5,40.8
-82.6,40.7
-82.46,40.78
-82.59,40.76
-82.52,40.72
-84.71,39.14
-84.74,39.2
-84.77,39.59
-84.31,39.53
-84.5,39.4
-84.6,39.4
-84.6,39.3
-84.54,39.36
-84.73,39.24
-84.1,39.5
-84.73,39.21
-84.26,39.35
-84.2,39.5
-84.24,39.33
-84.3,39.35
-84.705,39.214
-84.4,39.5
-84.38,39.44
-84.36,39.45
-84.645,39.096
-84.75,39.14
-84.78,39.36
-84.06,39.46
-84.7,39.5
-84.5,39.4
-84.6,39.6
-84.21,39.38
-84.22,39.54
-84.48,39.49
-84.1,39.5
-84.42,39.34
-84.555,39.59
-83.74,38.69
-84.2,39.01
-84.2,39.1
-84,38.9
-84,39.3
-84.29,39.2
-84.1399,38.7931
-83.99,39.39
-83.704,38.815
-83.93,39.18
-84.1,38.8
-83.9,38.9
-84.12,39.23
-83.4,39.3
-84,38.9
-83.967,38.789
-83.599,39.344
-83.5,39.2
-83.5,39.4
-84.24,39.26
-83.8,39.2
-83.6,38.7
-84,39.1
-83.79,39.31
-84.24,39.26
-83.88,39.29
-84.23,39.16
-84.11,39.35
-84.18,38.87
-83.9,39.1
-83.749,39.038
-84.213,38.811
-84.23,38.96
-84.0861,39.1822
-83.7,39.3
-84.134,39.125
-84.08,39.26
-83.785,39.553
-83.6756,39.4818
-83.8,38.8
-83.76,38.84
-83.7,39.5
-83.8,39
-83.39,39.076
-84.31,39.16
-84,39.1
-83.8,39.5
-84.49,39.11
-84.53,39.1
-84.58,39.1
-84.58,39.11
-84.48,39.13
-84.47,39.15
-84.43,39.13
-84.43,39.15
-84.59,39.16
-84.45,39.16
-84.42,39.18
-84.55,39.12
-84.46,39.24
-84.48,39.2
-84.5,39.17
-84.52,39.27
-84.51,39.13
-84.52,39.15
-84.55,39.17
-84.53,39.2
-84.55,39.14
-84.44,39.11
-84.37,39.16
-84.49,39.15
-84.38,39.07
-84.53,39.26
-84.51,39.18
-84.67,39.11
-84.4,39.21
-84.45,39.19
-84.61,39.11
-84.58,39.2
-84.53,39.28
-84.4,39.27
-84.35,39.25
-84.34,39.18
-84.33,39.12
-84.28,39.07
-84.47,39.29
-84.66,39.22
-84.66,39.17
-84.33,39.27
-84.6,39.27
-84.63,39.27
-84.34,39.06
-84.03,39.72
-84.2,40.4
-84.65,40.22
-84.5,40
-84.07,39.63
-84.2,40.5
-83.7,39.6
-84.45,40.12
-84.4,39.8
-84.643,40.354
-84.6,39.6
-84.08,40.06
-83.8,39.7
-84.34,39.85
-83.826,39.796
-84,40.2
-84.34,40.12
-83.947,39.919
-84.7,39.7
-84.68,39.87
-84.33,39.89
-83.92,39.86
-84.01,39.83
-84.41,39.69
-84.09,40.14
-84.4,39.6
-84.494,40.114
-84.526,39.647
-84.6,40.1
-84.78,40
-84.34,40.25
-84.05,40.45
-83.7,39.6
-84.264,40.439
-84.42,39.99
-84.57,39.84
-84.35,40
-84.06,40.36
-84.02,39.88
-84.27,39.64
-84,40
-84.4,39.74
-84.7,39.98
-84.8,39.9
-84.6,40.3
-83.938,39.991
-84.574,40.325
-84.494,40.34
-84.745,40.049
-84.033,40.294
-84.401,39.905
-84.2,40.2
-84.488,39.988
-84.35,40.05
-84.091,40.33
-84.43,39.98
-84.63,40.29
-84.4,40.25
-84.2,40.3
-83.7,39.8
-83.59,39.96
-84.02,39.61
-84.2,39.9
-83.837,40.012
-84.2,40
-84.23,39.89
-84.489,39.903
-84.51,40.25
-84.5,39.7
-84.61,39.89
-84.34,39.96
-83.877,39.715
-83.9,39.7
-83.9,39.8
-84.47,40.32
-84.026,40.057
-84.8,40.2
-84.21,39.76
-84.15,39.77
-84.16,39.79
-84.22,39.79
-84.24,39.78
-84.19,39.72
-84.16,39.75
-84.21,39.83
-84.25,39.84
-84.26,39.81
-84.29,39.73
-84.26,39.69
-84.17,39.71
-84.13,39.72
-84.11,39.84
-84.32,39.8
-84.267,39.74
-84.16,39.68
-84.08,39.72
-84.08,39.77
-84.08,39.74
-84.07,39.81
-84.03,39.73
-84.22,39.7
-84.1,39.67
-84.24,39.66
-84.17,39.6
-84.17,39.65
-83.8,39.9
-83.78,39.97
-83.88,39.96
-83.75,39.91
-83.87,39.89
-83,39.3
-83.3,39.2
-82.9,39
-82.3,38.9
-83.3,38.8
-83,39.3
-83.6,39
-82.46,38.48
-82.14,38.95
-82.612,39.111
-82.5,39.35
-82.3,38.6
-83.349,39.172
-83.2,39.4
-82.79,38.65
-83.095,38.698
-82.3,38.8
-82.49,39.18
-82.83,38.6
-82.7,38.6
-82.6,39
-83.1,39
-82.86,39.44
-82.54,38.57
-83.32,39.08
-82.7,39.3
-83,38.9
-83.42,38.74
-82.5,39.3
-83.07,38.82
-82.83,38.89
-82.38,39.37
-82.6,38.9
-83.2,38.9
-82.4,38.8
-82.6,38.7
-83.4,39
-83.1,39
-82.92,38.79
-83.1,38.7
-82.36,38.5
-83.25,38.97
-82.67,39.21
-82.81,39.2
-82.385,38.884
-82.4,38.6
-83.57,38.97
-82.55,38.47
-83.23,39.3
-82.71,38.81
-83.3,38.7
-82.4,38.9
-82.4,39
-82.53,38.72
-83,39.1
-82.6,39.1
-83.5,38.8
-82.8,38.7
-82.38,39.15
-82.4,38.6
-83.7,38.9
-82.4,39.28
-82.1,39.3
-82.2,39.2
-81.9,39.4
-81.63,39.32
-81.62,39.61
-82.179,39.463
-82.13,39.4
-81.5812,39.5678
-81.9,39.2
-81.8,39.4
-81.49,39.64
-81.61,39.41
-82.1,39.5
-81.18,39.65
-81.93,39.25
-82.081,39.477
-82.24,39.07
-81.73,39.28
-81.85,39.07
-81.5,39.5
-81.3,39.6
-81.45,39.6
-81.4,39.4
-82.12,39.01
-82.09,39.41
-82.3,39.5
-82.26,39.33
-81.1,39.5
-81.27,39.41
-82.1,39.1
-81.8,38.98
-81.9,39
-81.83,39.13
-81.27,39.46
-82.15,39.09
-82.02,39.19
-81.91,39.34
-81.973,39
-82.12,39.36
-82.076,39.484
-81.7,39.4
-81.6,39.5
-81.6343,39.4654
-81.36,39.51
-81.26,39.56
-84.03,40.79
-84.06,40.72
-84.17,40.73
-84.1,40.7
-84.1,40.8
-83.97,40.83
-84.18,40.85
-83.8,40.8
-83.81,40.68
-84.73,41.19
-83.62,40.91
-83.795,41.003
-83.9,40.9
-84.261,40.625
-84.082,40.832
-84.6,41.2
-84.6,40.5
-84.495,40.436
-84.3,41
-84.67,40.48
-84.1,40.9
-84.2,41.1
-84.7,40.9
-84.3,40.8
-83.7,40.76
-83.65,40.78
-84.478,40.74
-83.7,41
-83.73,40.87
-83.5,40.8
-84.3,40.9
-84.38,40.33
-84.7,40.4
-84.47,41.01
-83.9,40.7
-84.6,41
-84.199,40.982
-83.949,40.759
-84.583,41.088
-84,41.1
-83.8,41.1
-83.786,40.693
-84.52,40.4
-84.42,41.091
-84.52,40.67
-84.46,40.91
-84.132,41.103
-84.37,40.39
-84.549,40.489
-83.54,40.91
-83.84,40.97
-84.39,40.46
-83.953,40.556
-84.3,40.49
-83.69,41.19
-84.4,41.1
-84.7,40.8
-84,41
-84.34,40.93
-83.94,40.95
-84.6,41.1
-84.7,41.1
-83.77,40.94
-84.6,40.7
-84.63,40.39
-84.1,40.6
-84.4,40.6
-84.59,40.99
-84.4,40.7
-84.1,40.6
-83.64,41.14
-83.5,40.97
-84.6,40.9
-84.47,40.76
-84.1,40.6
-83.93,40.61
-83.66,40.83
-84.75,40.72
-84.7,40.8
-97.74,34.95
-97.49,35.67
-97.8,35.1
-98.2,35.1
-98.4,34.9
-97.32,35.69
-97.64,35.51
-98.3,35.3
-97.7,35.1
-97.75,34.84
-97.59,35.67
-97.5,35.6
-98.2,35.6
-98.5,35.1
-97.65,35.81
-98.2,34.9
-97.9,35
-97.3,35.5
-98.68,35.33
-98.8,35.4
-97.58,35.74
-97.3,35.2
-97.3,36
-97.6,36
-98.21,34.89
-97.2,34.5
-97.052,34.4
-98.557,35.307
-97.43,35.72
-98,35.5
-98.4,35.1
-98.4,35.7
-98.9,35.1
-98.32,35.21
-98.37,35.73
-97.4,35.9
-97.1,35.5
-98.2,35.5
-98.5,35.4
-97.3,35.6
-97.2,35.9
-97.3,35
-97.6,34.9
-98.4,35.4
-97.2,35.7
-97.9,34.6
-97.6,36.2
-97.4,34.8
-97.22,35.81
-98,35.3
-97.1,36.3
-98.8,35
-97.4,36
-97.76,35.38
-97.6,35.26
-97.3,35.4
-97.9,34.9
-97.3,35.1
-97.46,35.25
-97.42,35.23
-97.5,35.2
-97.4,36.1
-97.27,34.83
-97.2,34.8
-97.3,36.3
-97.75,35.67
-98,35.2
-97.5,35
-97.9,34.8
-97.35,35.53
-97,34.5
-97.8,35.3
-97.9,35.4
-98.06,35.11
-97.48,35.11
-97.3,34.9
-98.7,35.6
-97.64,35.38
-97.2,34.6
-97.8,35.5
-97.52,35.47
-97.52,35.49
-97.5,35.48
-97.5,35.52
-97.54,35.48
-97.57,35.48
-97.57,35.45
-97.52,35.43
-97.4,35.46
-97.48,35.52
-97.57,35.52
-97.52,35.58
-97.44,35.44
-97.56,35.54
-97.46,35.48
-97.53,35.52
-97.57,35.42
-97.57,35.58
-97.44,35.52
-97.62,35.52
-97.65,35.48
-97.65,35.45
-97.49,35.43
-97.34,35.46
-97.46,35.58
-97.64,35.53
-97.57,35.61
-97.42,35.4
-97.52,35.38
-97.39,35.52
-97.64,35.61
-97.4,35.41
-97.49,35.39
-97.33,35.41
-97.41,35.57
-97.57,35.39
-97.48,35.33
-97.64,35.58
-97.35,35.34
-97.62,35.38
-97.56,35.33
-97.63,35.33
-97.65,35.42
-97.2,34.2
-97.567,34.448
-97.3,34
-96.4,34.3
-97.4,34.6
-97.5,34.62
-97.45,34.36
-97.5,34.3
-96.8,33.9
-96.91,33.983
-97.4,33.9
-97.66,34.33
-97.3,34.15
-97.33,34.51
-96.8,34.1
-96.8,34.2
-97.1,34
-96.54,34
-96.51,34.19
-97.09,34.04
-96.757,34.24
-97.6,34.1
-97.3,34.4
-97.13,33.79
-96.6,34.3
-96.5,34.4
-97.4,34.2
-97.5,34.42
-97.4,34.49
-97.66,34.46
-98.3,34.6
-98.41,34.67
-98.49,34.57
-98.5,34.7
-97.965,34.243
-99.3,34.6
-99.3,34.8
-98.62,34.58
-98.7,34.4
-97.9,34.4
-98.9,34.3
-98.6,34.2
-99.6,34.6
-97.9,34.5
-99.6,34.4
-98.3,34.7
-99.3,34.4
-98.56,34.48
-98.2,34.8
-99,34.5
-98.4,34.5
-99.8,34.7
-98.7,34.2
-99.4,35
-98.1,34.22
-99.1,34.6
-99.9,34.8
-98.89,34.36
-98.7,34.6
-98.7,34.4
-99.5,34.9
-98.982,34.507
-99.387,34.726
-98.6,34.7
-99,34.7
-99.5,34.5
-98.4,34.2
-98.9,34.8
-97.9,34
-99,34.6
-98.168,34.749
-98.3,34.2
-97.8,33.9
-99.1,34.5
-99.8,34.9
-98.4,34.4
-97.9,34.2
-99,35.6
-98.93,35.6
-99,35.39
-99.19,35.34
-99.3,35.6
-99.27,35.39
-99.5,35.2
-99.7,35.6
-98.9,35.2
-99.8,35.9
-99,35.7
-99.2,35.3
-99.9,35.8
-99.5,35.4
-99.9,35.2
-98.66,35.84
-99.1,35.4
-99.5,35.8
-99.1,35
-99.3,35.9
-99.3,34.9
-98.73,35.91
-98.94,35.84
-99.9,35.7
-99.03,35.14
-99.7,35.3
-98.8,36.1
-99.2,35.2
-99.9,35.4
-99,35.9
-98.7,35.7
-99.7,35
-97.8,36.4
-98,36.4
-97.902,36.341
-98.5,36.5
-98.8,36.8
-98.2,36.2
-98.2,36.9
-97.9,36.2
-98.4,36.9
-98.56,35.99
-98.5,36.6
-98,36.5
-98.4,36.8
-98.4,36.4
-97.5,36.3
-98.59,36.64
-97.7,36.2
-97.91,35.98
-98.04,36.28
-97.7,36.3
-98.6,36.3
-97.6,36.4
-98.15,36.54
-98.3,36.6
-97.9,36
-97.992,36.562
-98.3,36
-98.6,36.66
-98.31,36.22
-98.2,36.7
-98,36
-97.9,36.6
-98.09,36.4
-98.55,36.11
-98.118,35.973
-97.45,36.25
-98,37
-97.7,36.8
-98.2,36.4
-98,36.7
-97.9,35.7
-98.3,36.1
-98.17,35.85
-97.8,36.7
-98.3,36.4
-98,36.9
-98.4,35.8
-97.9,36.3
-99.4,36.5
-99.7,36.1
-99.5,36.8
-99.25,36.04
-98.8,36.3
-99.7,36.4
-99.57,36.54
-99.2,36.8
-99.75,36.29
-100.2,36.9
-100,36.7
-99.67,36.65
-99.1,36.5
-99.1,36.3
-99.9,36.9
-99.4,36.3
-99.9,36.4
-99.2,36.1
-98.8,36.6
-101.076,36.757
-100.6,36.6
-100.6,36.8
-102.6,36.8
-102.8,36.6
-100.5,36.9
-101.8,36.7
-101.4,36.7
-101.1,36.6
-101.2,36.8
-102.9,36.9
-102.2,36.8
-102,36.6
-100.9,36.8
-101.03,36.95
-96.06,36.49
-96.2,36.5
-96.1,36.7
-95.9,36.7
-95.8,35.9
-96.4,35.8
-95.82,35.98
-95.81,36.06
-95.7,36
-95.7,36.2
-95.5,36.5
-95.6,36.4
-95.6,36.3
-96.4,36.2
-95.83,36.39
-96,36.9
-96.8,36
-96.76,35.71
-95.6,36.8
-96.5,35.8
-95.89,36.84
-96.6,36
-96.9,36.2
-96.02,35.94
-96.568,36.232
-96.3,36.4
-95.5,36.2
-95.97,36.01
-96.6,36.1
-96.2,35.9
-96.05,35.94
-95.6,36.9
-96.4,36.1
-96.65,36.21
-96.5,35.7
-96,35.9
-95.6,36.7
-96.07,36.05
-95.93,36.62
-96.4,36
-95.73,36.44
-96.38,36.29
-95.81,36.28
-96.3,36.8
-96.8,36.3
-97,36
-96.27,36.29
-95.9,36.5
-96.89,36.03
-96.2,36.2
-96.2,36
-96.576,35.911
-96.1,36.4
-96.269,35.778
-95.6,37
-96,36.3
-97.1,36.1
-97,36.2
-97.077,36.125
-96.7,35.7
-95.7,36.5
-96.48,36.17
-95.88,36.449
-95.7,36.9
-96.4,36.6
-96.7,36.1
-95.995,36.156
-95.96,36.15
-95.97,36.1
-95.98,36.19
-96.05,36.11
-95.79,36.15
-95.96,36.19
-95.91,36.15
-95.95,36.13
-95.91,36.19
-95.83,36.2
-95.9,36.24
-95.99,36.14
-95.98,36.15
-96.04,36.24
-96.04,36.18
-95.85,36.15
-95.87,36.13
-95.95,36.24
-96.07,36.05
-96.01,36.05
-95.88,36.04
-95.8,36.11
-95.92,36.1
-95.95,36.07
-95.94,36.02
-95.89,36.1
-95.85,36.1
-95.2,36.7
-95.3,36.4
-94.9,36.6
-95.2,36.6
-95.1,36.8
-95.3,36.2
-94.7,36.3
-94.87,36.93
-95.02,36.48
-94.9,36.4
-94.8,36.7
-94.7,36.6
-94.8,36.4
-94.7,36.2
-95.2,36.6
-95.05,36.46
-95.2,36.1
-94.9,36.9
-94.881,36.917
-94.85,36.18
-94.83,36.98
-95.3,36.3
-94.7,36.9
-94.9,36.2
-95,36.3
-95.05,36.41
-95.11,36.42
-94.85,36.2
-95.2,36.9
-94.7,36.8
-95.5,35.7
-95.3,35.7
-96,35.8
-95.7,35.6
-95.17,35.65
-95.64,35.16
-95.6,35.4
-94.94,35.7
-95.7,35.5
-95.6,35.9
-95.66,35.16
-96,35.4
-95.6,35.3
-95.2,35.8
-95.06,35.56
-95.7,35.8
-95.9,35.5
-95.7,35.5
-95.2,36
-95.8,35.1
-95.8,35.6
-95.32,35.85
-96,35.7
-95.5,35.6
-95,35.7
-95.07,36.12
-95.5,35.9
-95.2,35.4
-96,35.6
-94.8,36
-95.589,35.888
-95.4972,35.5227
-96,35.4
-95.1,35.3
-95.59,35.74
-95,35.9
-95.4,35.9
-95.567,35.613
-95.29,35.49
-95.16,35.51
-94.9,35.8
-95.24,35.25
-95.4,35.9
-95.8,35
-95.3,34.7
-95.8,35
-95.6,34.2
-96.1,34.3
-95.68,34.71
-96.496,34.414
-96.3,34.9
-96.19,34.22
-96.3,34.6
-96.4,34.5
-95.4,34.6
-96.2,34.6
-95.7,34.55
-95.6,34.3
-95.6,34.8
-95.6,34.8
-94.9,34.6
-95.3,35.2
-95.88,34.73
-95.8,35
-95.9,34.3
-96.22,34.47
-95.7,34.4
-95.2,34.6
-95.7,34.7
-95.5,35.1
-95.3,34.3
-95.1,34.9
-95.8,35
-95.3,34.4
-95.9,34.5
-96.1,34.9
-95.1,34.7
-96.4,34.5
-95.4,34.7
-96,34.6
-94.8,34.7
-95.3,34.9
-97.1,36.7
-97,36.7
-97.4,36.5
-97.3,36.8
-97.3,36.9
-96.7,36.7
-97.51,36.81
-96.7,36.5
-97.6,36.6
-96.8,36.8
-97.54,36.69
-97.1,36.5
-97.4,36.8
-97,36.9
-96.8,36.5
-97.2,36.5
-96.6,36.8
-97.3,36.7
-96.4,34
-96.39,33.835
-94.8,34.3
-95.9,34
-94.9,34.3
-96.2,34
-95.8,34.1
-94.8,34.1
-96.2,34.2
-96.4,33.9
-96.56,33.89
-96.48,33.83
-94.6,34.1
-95.3,34
-94.95,33.94
-95.5,33.9
-94.6,33.8
-96.3,33.8
-95.5,34
-94.8,33.8
-96.3,33.8
-96.5,34.2
-95.02,33.98
-96.537,33.906
-95.08,34.22
-95.147,34.122
-95.34,34
-95.7,34
-95.38,34.13
-95.202,34.017
-95.1,34
-95,34.2
-97,35.3
-96.9,35.4
-96.7,34.8
-96.88,35.89
-96.5,34.8
-96.9,35
-96.34,34.93
-96.45,35.56
-96.67,35.15
-97.1,34.9
-97.01,35.83
-96.36,35.49
-96.9,35.7
-96.7,34.3
-96.45,35.36
-96.1,35.2
-96.8,35.3
-96.61,34.62
-96.72,34.67
-96.591,34.878
-95.9,35.3
-96.3,35.1
-96.7,35
-96.1,35.1
-97.1,35.4
-97,35.1
-96.8,35.1
-96.9,35.5
-96.8,34.3
-97.2,35.3
-96.3,35.5
-96.5,35.5
-96.7,35.5
-96.8,34.6
-96.55,34.95
-96.6,35.3
-96.76,35.59
-96.6,34.6
-97,34.8
-97,35.2
-96.97,35.87
-97.1,35
-96.1,35.4
-97.1,35.7
-96.3,35.2
-96.5,35.2
-94.44,35.34
-94.5,35.25
-94.8,35.1
-94.8,35.7
-94.5,35.1
-94.9,34.9
-94.7,35.4
-94.7,34.7
-94.64,34.83
-94.69,34.93
-94.9,35.3
-94.9,34.9
-95.1,35.2
-95,35.1
-94.819,35.582
-94.446,35.389
-94.6,35.4
-94.73,34.68
-94.8,35.1
-94.6,35.1
-94.5,35.5
-94.7,35.5
-94.67,35.14
-94.6,34.5
-94.6,35.3
-94.7,35.8
-94.9,35.5
-94.6,34.3
-94.62,36.11
-94.7,36
-94.9,34.9
-120.7,44.9
-122.8,45.24
-122.47,45.24
-122.8,45.5
-122.86,45.52
-122.88,45.45
-122.8,45.46
-122.34,45.42
-122.02,45.32
-122.7,45.2
-122.1,45.6
-122.53,45.41
-123.3,46
-122.4,45.2
-122.81,45.89
-122.1,45.5
-122.838,45.223
-121.2,45.4
-122.31,45.34
-122.1,45.1
-122.44,45.55
-122.9,45.1
-122.6,45.39
-121.74,45.3
-120.7,45.3
-122.43,45.51
-121.7,45.6
-122.79,45.17
-120.691,45.198
-122.68,45.41
-122.72,45.41
-121.2,45
-122.5,45
-120.6,45.4
-121.4,45.6
-121.6,45.4
-122.55,45.21
-122.5,45.3
-123,46
-121.9,45.4
-120.74,45.69
-122.9,45.9
-122.89,45.82
-122.9,46
-122.2,45.4
-123,45.8
-120.6,45
-121.2,45.6
-122.38,45.53
-122.76,45.37
-121.3,45.2
-123.2,45.9
-120.7,45.6
-121.9,45.2
-122.66,45.34
-122.78,45.31
-122.8,45.1
-122.4,45.5
-122.53,45.44
-122.45,45.42
-123.2,45.1
-123.9,45.8
-123.7,46.1
-123.1,45.7
-123.7,45.6
-123.7,45.3
-123.2,45.73
-123.96,45.89
-123.3,45.3
-123.9,45.2
-123,45.5
-123.1,45.2
-123.03,45.26
-123.2,45.6
-123.3,45.6
-123.91,45.56
-123.3,45.5
-123.98,46.23
-123.8,45.1
-123,45.4
-123,45.6
-123.2,45.67
-123.11,45.25
-123.3,45.2
-123.93,45.71
-123.8,45.7
-123,45.3
-123,45.7
-123.97,45.463
-123.96,45.2
-123.92,45.63
-123,45.2
-123.7,45.9
-122.9,45.3
-123.7,45.6
-123.31,45.73
-123.961,45.875
-123.9,46.1
-123.89,45.69
-123.3,45.4
-123.94,45.1
-122.69,45.51
-122.64,45.48
-122.75,45.61
-122.675,45.52
-122.7,45.52
-122.6,45.48
-122.68,45.53
-122.73,45.55
-122.64,45.58
-122.64,45.54
-122.6,45.54
-122.64,45.51
-122.6,45.51
-122.56,45.51
-122.71,45.59
-122.59,45.58
-122.7,45.45
-122.55,45.56
-122.73,45.5
-122.62,45.44
-122.8,45.45
-122.8,45.41
-122.78,45.5
-122.68,45.54
-122.81,45.55
-122.5,45.55
-122.8,45.7
-122.64,45.53
-122.5,45.51
-122.51,45.48
-122.69,45.49
-122.56,45.48
-122.62,45.4
-123,44.96
-123.05,44.91
-123.01,45.03
-123.1,45
-122.9,45
-123.09,44.84
-122.9,44.9
-123.2,44.6
-123,44.6
-123.6,44.4
-122.86,44.82
-123.6,44.6
-123,44.4
-122.3,44.5
-123.3,44.6
-123.28,44.56
-123.3,44.5
-123.4,44.9
-124,44.8
-122.1,44.8
-123.7,44.6
-123.6,44.9
-122.6,44.4
-122.4,44.7
-123.7,45.1
-123.1,44.4
-122,44.7
-123.2,44.8
-123,44.7
-122.8,44.5
-123.78,44.78
-122.5,44.8
-122.48,44.74
-123.4,44.8
-122.76,45.06
-123.99,44.98
-124,44.7
-124.05,44.58
-123.9,44.9
-123.9,45
-124.05,44.76
-123.5,44.7
-123.2,45
-122.77,45.07
-122.7,44.7
-122.6,45
-123.99,44.5
-123.1,44.5
-123.5,45.1
-123.9,44.8
-122.6,44.9
-122.7,44.8
-122.5,44.8
-122.74,44.86
-122.7,44.4
-124.03,44.86
-123.08,44.53
-123.8,44.3
-123.9,44.6
-122.9,44.8
-124,44.4
-123.6,45.1
-123.08,44.07
-123.2,44
-123.03,44.03
-123.13,44.11
-123.1,43.9
-124,42.5
-123.06,44.14
-123.1,42.8
-124.4,43.1
-123.6,44.2
-122.1,43.9
-124.16,42.97
-124.1,42.3
-123.7,43
-123.2,42.9
-123.4,44.2
-124.1,43.4
-124.1,43.2
-123,43.7
-123,43.9
-123.1,42.9
-123.7,44.2
-122.8,43.9
-122.7,43.6
-123.4,43.8
-123.6,43.7
-123.38,44.1
-122.6,43.9
-124,44.1
-124.1,43.8
-123.5,42.8
-122.6,43.3
-124.3,42.4
-123.1,44.3
-122.6,43.3
-123.3,44.2
-124.1,43.6
-124.3,42.8
-123.3,43.8
-122.7,43.8
-123.9,44
-122.7,44.2
-122.94,43.97
-123.4,44.4
-123.2,43.1
-124,43.1
-124.1,43.4
-123.5,44.1
-123.4,43.5
-122.3,43.7
-124.4,42.7
-124,42.8
-123.9,43.7
-123.4,42.9
-123.2,43.2
-123.5,43.2
-123.9,43.6
-124.4,42.8
-123,44.07
-122.8,44.1
-123.1,43.4
-123.8,44.1
-123.54,43.12
-122.6,43
-123.6,43.4
-123.5,44
-122.4,44.1
-122.6,44.2
-123.6,44
-122.5,43.6
-124,43.9
-123.4,43.2
-123.32,43.29
-123.5,43.1
-123.5,42.7
-124.02,44.32
-123.3,43.6
-122.9,42.3
-122.9,42.4
-122.9,42.6
-122.8,42.3
-122.5,42.2
-122.5,42.5
-123.6,42.1
-122.6,42.5
-123.1,42.4
-123.4,42.5
-123.4,42.4
-123,42.2
-123.62,42.22
-123.6,42.6
-123.72,42.04
-122.81,42.27
-122.5,42.8
-123.1,42.6
-123.7,42.4
-122.78,42.63
-122.8,42.2
-122.7,42.8
-123.6,42.4
-123.3,42.2
-122,42.5
-121.7,42.2
-122.2817,43.011
-119.8,42.2
-121.2,42.4
-121.3,42.4
-121.3,42.4
-121.7,42.7
-121.6,42.3
-121.5,42.7
-121.98,42.1
-120.5,42.3
-121.43,42.05
-121.5,42
-121.7,42.1
-120.31,42
-120.7,42.8
-119.9,42.6
-120.6,43.3
-121.4,42.4
-121,42.9
-120.69,43.25
-121.3,44
-121.3,43.9
-121.6,43.8
-118.5,42.3
-120.7,44.7
-120.4,43.8
-118.8,43.6
-118.8,42.8
-118.7,43
-121.6,44.5
-121.7,43.1
-118.4,43.5
-121.7,43.5
-121.3,44.5
-121,43.4
-119,42.6
-121.7,43.4
-119.4,43.6
-121.4,43.7
-121.1,44.6
-120,44.6
-119.9,44.2
-120.2,44
-121,44.2
-120.5,44.1
-121.2,44.3
-119.6,43.3
-121.7,44
-121.2,44.4
-121.5,44.7
-118.8,45.7
-118.4,45.7
-120.3,45.6
-118.6,45.9
-117.8,44.8
-118.6,44.7
-119.8,45.8
-117.7,44.5
-118.9,44.3
-120.2,45.3
-117.8,45.4
-119.5,44.4
-119.3,45.7
-117.9,45.6
-117.5,45.6
-120.1,45
-118,44.9
-117.2,44.9
-118.8,45.9
-119.5,45.3
-118.1,44.6
-119.3,45.8
-119.6,45.5
-116.9,45
-117.91,45.46
-116.9,45.5
-119.8,45.5
-119.5,45.9
-118.9,44.4
-117.2,45.3
-119.6,44.7
-118.3,45.2
-119.1,44.7
-117.4,45.46
-118.7,45.6
-118.3,45.9
-119.5,44.8
-119.2,44.5
-118.1,45
-118.8,45.4
-118.5,44.3
-117.2,44.7
-119.2,44.1
-119.8,44.9
-119.2,45.8
-118,45.5
-118.4,44.8
-118.8,45.1
-119.34,45.91
-117.6,45.3
-118.3,44.4
-117.5,45.5
-118.2,45.8
-117.2,43.5
-117.8,44.2
-118.5,43.9
-117.47,44.59
-117.5,43.8
-117.4,44.5
-118,44.2
-117.49,44.2
-118,43
-117.9,43.8
-117.1,43.8
-117,44.1
-117.3,44.1
-117.7,44
-80.3,40.6
-80.21,40.6
-80.384,40.343
-80.18,40.64
-79.878,40.633
-79.933,40.655
-80.37,40.68
-80.4,40.8
-79.82,40.16
-79.742,40.609
-80.08,40.64
-80.13,40.35
-79.79,40.29
-80.33,40.41
-79.951,40.238
-80.4,40.4
-79.93,40.14
-79.84,40.58
-79.92,40.29
-80.36,40.51
-80.24,40.67
-79.8,40.296
-79.78,40.58
-80.16,40.35
-79.88,40.18
-79.89,40.35
-79.808,40.385
-79.85,40.26
-79.923,40.253
-80.21,40.69
-80.5,40.6
-79.94,40.64
-79.88,40.33
-80.23,40.56
-79.795,40.311
-79.81,40.55
-80.43,40.55
-79.858,40.566
-80.43,40.67
-80.36,40.38
-80.41,40.35
-80.13,40.3
-80.21,40.56
-80.2,40.4
-80.48,40.68
-80.292,40.367
-80.34,40.66
-79.88,40.15
-79.93,40.2
-80.15,40.36
-79.73,40.64
-80.25,40.75
-79.96,40.21
-79.73,40.57
-80.19,40.41
-79.82,40.16
-80.23,40.74
-79.85,40.58
-79.84,40.62
-80.422,40.628
-80.387,40.363
-80.235,40.575
-80.214,40.38
-79.79,40.24
-79.81,40.61
-79.72,40.38
-80.09,40.66
-79.85,40.187
-79.899,40.272
-79.75,40.22
-80.08,40.63
-79.95,40.58
-80.04,40.32
-79.86,40.4
-80.11,40.41
-80.19,40.5
-79.85,40.37
-79.84,40.4
-79.95,40.54
-79.91,40.4
-79.9,40.36
-80.28,40.46
-80,40.3
-79.8,40.33
-79.85,40.34
-79.86,40.33
-79.82,40.3
-80.11,40.47
-79.81,40.38
-79.83,40.52
-79.78,40.41
-80.12,40.39
-80.15,40.57
-79.78,40.55
-79.82,40.42
-79.76,40.42
-79.83,40.5
-79.79,40.38
-79.95,40.47
-80.08,40.5
-79.98,40.42
-80.06,40.45
-80.11,40.44
-79.91,40.47
-79.93,40.4
-79.9,40.45
-79.97,40.5
-79.97,40.41
-80.02,40.43
-80.01,40.47
-79.96,40.44
-80.02,40.48
-79.91,40.51
-80.04,40.41
-79.92,40.43
-79.89,40.42
-79.99,40.44
-80.04,40.44
-79.87,40.44
-79.99,40.45
-79.95,40.51
-79.95,40.46
-80.11,40.51
-80.02,40.4
-79.97,40.38
-80.05,40.37
-80.04,40.52
-79.93,40.45
-80.03,40.45
-80.02,40.37
-79.84,40.46
-79.98,40.34
-80.05,40.55
-79.88,40.54
-79.74,40.48
-80.08,40.33
-80.07,40.38
-80.2,40.2
-80.46,39.79
-80.19,40.05
-80.4,40.2
-80.02,40.069
-80.01,40.14
-79.982,39.761
-80.27,39.76
-80.2,40.3
-80,39.88
-80.19,40.32
-80.06,39.97
-80.4,40.1
-80.062,40.101
-79.98,39.95
-79.98,39.76
-80.27,40.03
-80.1,40.2
-80.02,40.11
-79.98,40.24
-80.01,40.02
-79.97,39.82
-80.37,39.94
-79.97,39.81
-80.31,40.28
-80.3,39.8
-80.22,40.24
-80.05,39.92
-80.11,40.03
-80.073,39.935
-80.229,40.215
-79.995,39.986
-80.08,39.76
-80.2019,40.2916
-79.927,39.878
-80.4,39.8
-80.3,40.01
-79.99,39.94
-79.9922,40.0549
-80.31,39.9
-80.08,40.08
-80.258,40.328
-80.21,39.76
-80.198,40.25
-80.29,39.95
-79.972,40.161
-80.06,40.26
-79.992,40.014
-80.2,39.9
-80.5,40.1
-80.43,39.99
-80.272,40.278
-80.422,40.241
-80.46,39.87
-79.74,39.89
-79.91,39.92
-79.32,39.76
-79.85,40.1
-79.869,39.989
-79.92,40
-79.9,40.06
-79.8684,39.9586
-79.6178,39.8448
-79.811,39.981
-79.93,40.08
-79.4,39.8
-79.56,40.03
-79.98,40.07
-79.69,40.08
-79.93,40.01
-79.71,40.03
-79.6,39.9
-79.86,40.12
-79.96,39.97
-79.872,40.078
-79.85,39.94
-79.74,39.82
-79.6,39.8
-79.85,40.08
-79.62,39.74
-79.84,40.01
-79.881,39.925
-79.906,40.009
-79.66,39.86
-79.4,40.03
-79.96,39.97
-79.72,40.15
-79.78,39.98
-79.95,40.01
-79.84,39.74
-79.86,39.89
-79.7,40.03
-79.66,39.93
-79.85,39.89
-79.46,39.77
-79.91,39.811
-79.89,39.84
-79.38,40.06
-79.884,39.97
-79.44,39.92
-79.896,40.076
-79.91,39.8
-79.84,39.95
-79.43,40.02
-79.5,39.9
-79.7,39.9
-79.76,40.07
-79.9,39.75
-79.879,39.963
-79.92,39.87
-79.864,40.079
-79.8,39.8
-79.72,40.15
-79.77,39.98
-79.775,40.063
-79.85,40.083
-79.7,39.9
-79.7,40.03
-79.6,39.9
-79.45,40.07
-79.767,40.123
-79.1,40
-79.1,40
-79.039,39.963
-79.069,40.109
-78.64,40.2
-78.6,39.9
-78.9,39.9
-79.1,40.2
-79.1,39.8
-78.2,40
-78.7,39.9
-78.5,39.8
-78.2,39.9
-78.4,40
-78.9,39.9
-78.59,40.13
-79.24,39.79
-79,40.1
-79.08,39.87
-79.094,40.135
-78.8,39.8
-79.048,40.144
-79.076,40.159
-78.7,40
-79.25,39.88
-79,39.8
-78.6,40.1
-79.1,40
-79.2,39.9
-79.1,39.8
-78.68,40.05
-78.909,40.015
-79.094,40.097
-79.13,39.74
-79,40.1
-78.85,39.73
-79.5,40.3
-79.43,40.13
-79.65,40.3
-79.6,40.14
-79.6,40.6
-79.73,40.36
-79.57,40.246
-79.655,40.269
-79.45,40.56
-79.33,40.33
-79.5,40.2
-79.32,40.03
-79.62,40.37
-79.472,40.361
-79.674,40.261
-79.58,40.41
-79.32,40.35
-79.37,40.11
-79.561,40.599
-79.587,40.091
-79.61,40.44
-79.524,40.355
-79.605,40.324
-79.498,40.35
-79.66,40.37
-79.71,40.26
-79.399,40.266
-79.6,40.21
-79.731,40.226
-79.59,40.631
-79.72,40.32
-79.61,40.35
-79.35,40.09
-79.722,40.344
-79.4,40.3
-79.2,40.19
-79.61,40.64
-79.2,40.2
-79.79,40.24
-79.36,40.32
-79.5,40.3
-79.675,40.245
-79.66,40.34
-79.53,40.16
-79.66,40.46
-79.44,40.41
-79.31,40.34
-79.63,40.24
-79.6,40.5
-79.64,40.33
-79.5,40.3
-79.23,40.16
-79.73,40.29
-79.65,40.18
-79.46,40.55
-79.4,40.5
-79.61,40.11
-79.51,40.47
-79.43,40.62
-79.31,40.14
-79.58,40.16
-79.5,40.2
-79.54,40.64
-79.72,40.32
-79.679,40.332
-79.414,40.255
-79.699,40.195
-79.36,40.283
-79.58,40.24
-79.7,40.22
-79.1,40.6
-78.86,40.635
-78.963,41.002
-78.9,40.8
-79.26,40.57
-78.83,40.63
-78.88,40.97
-79.193,40.475
-79.2,40.4
-78.8056,40.8071
-78.73,40.6
-79.162,40.707
-78.8,40.7
-79.35,40.52
-79.35,40.52
-79,40.7
-78.91,40.7
-79.089,41.044
-79.172,40.502
-79.22,40.73
-79,41
-79.006,40.717
-79.3,40.7
-78.72,40.59
-78.8,40.7
-79.17,40.68
-78.876,40.807
-78.86,40.81
-79.09,40.91
-78.911,40.619
-78.877,40.761
-79.15,40.76
-79.1,40.5
-79.18,40.48
-79.28,40.544
-78.66,40.79
-79.15,40.559
-79.3,40.7
-78.7,40.9
-79,40.8
-78.8,40.64
-78.882,40.638
-78.83,40.6
-79.025,40.991
-78.99,40.6
-79,41
-79.13,41
-78.99,40.83
-78.89,40.86
-78.74,40.63
-79.3,40.7
-78.78,40.62
-79.12,41.01
-78.96,40.69
-79.2,40.96
-79.22,40.41
-79.0446,40.916
-78.9942,40.9646
-79.357,40.604
-79.135,41.025
-78.7,41.1
-78.3,41.3
-78.7,41.3
-78.8,41.3
-79,41.2
-78.502,41.291
-79.14,41.36
-79.18,41.17
-78.3,41.3
-78.2,41.5
-78.83,41.17
-78.502,41.259
-78.7,41.52
-78.6,41.3
-79,41.2
-78.72,41.03
-78.5,41.2
-78.9,41.1
-78.8,41.4
-78.6,41.1
-78.5,41.5
-79.1,41.3
-78.1,41.4
-78.838,41.013
-79.2,41.1
-78.82,41.05
-78.79,41.01
-78.5,41.3
-78.6,41.6
-78.91,40.33
-78.88,40.32
-78.85,40.31
-78.99,40.29
-78.96,40.37
-78.87,40.4
-79.04,40.47
-78.7,40.319
-78.874,40.52
-79.18,40.35
-78.78,40.12
-78.641,40.409
-78.81,40.05
-78.78,40.54
-78.91,40.25
-79.1,40.5
-78.722,40.293
-78.8,40.5
-78.804,40.279
-78.96,40.2
-78.9,40.16
-78.989,40.206
-78.61,40.42
-78.63,40.52
-78.82,40.41
-78.82,40.48
-79.1,40.4
-78.87,40.36
-78.6,40.4
-78.765,40.491
-79.13,40.41
-78.773,40.339
-78.78,40.3
-78.89,40.21
-79.01,40.42
-78.7,40.33
-78.79,40.35
-78.89,40.54
-78.72,40.39
-78.85,40.5
-78.94,40.47
-78.718,40.388
-78.8,40.2
-79.9,40.9
-79.9,40.8
-79.89,41.11
-79.726,41.059
-79.75,40.79
-80.037,40.738
-79.8,40.9
-80.014,40.818
-79.64,40.95
-79.843,40.876
-79.797,41.135
-80,40.8
-79.74,40.86
-80,41.2
-79.65,41.15
-80.12,40.86
-79.95,41.17
-79.84,41.1
-79.7,41
-79.92,40.85
-80.03,40.7
-79.77,41.05
-79.7,41.1
-79.77,41.05
-80.15,40.94
-80.08,40.91
-79.98,40.81
-79.65,41.16
-79.75,40.72
-79.83,40.72
-80.1,41
-79.94,40.71
-79.9,41
-80.12,40.77
-80.1,40.71
-80.3,41
-80.41,40.96
-80.33,41.06
-80.38,41.48
-80.29,41.53
-80.49,40.96
-80.4,41.3
-80.19,41.41
-80.44,40.79
-80.45,41.04
-80.3,40.9
-80.46,40.89
-80.49,41.2
-80.2,40.83
-80.26,41.33
-80.4,41.4
-80.1,41.2
-80.2,41.44
-80.37,41.56
-80.5,41.01
-80.11,41.28
-80.4,41.5
-80.323,40.833
-80.2,41.2
-80.45,41.11
-80.39,40.87
-80.34,41.14
-80.45,41.11
-80.08,41.38
-80.5,41.23
-80.44,41.23
-80.42,41.3
-80.2,41.43
-80.1,41.3
-80.43,41.33
-80.45,41.11
-80.2,41.1
-80.33,40.89
-80.44,41.15
-80.362,40.934
-80.49,41.2
-79.5,40.8
-79.51,40.89
-79.201,40.784
-79.581,40.754
-79.556,41.126
-79.4,41.2
-79.17,41.34
-79.6,40.93
-79.3,40.9
-79.3,41
-79.29,41.07
-79.5,40.7
-79.535,40.761
-79.65,40.72
-79.28,41.07
-79.54,41.23
-79.27,41.36
-79.35,41.31
-79.5,40.7
-79.522,40.786
-79.2,41.5
-79.2,41
-79.3,41
-79.285,40.795
-79.3,41
-79.14,40.76
-79.5,41
-79.3,40.76
-79.236,40.772
-79.35,40.95
-79.5,41.3
-79.46,41.13
-79.13,40.87
-79.3,41.2
-79.5,40.9
-79.22,41.39
-79.64,40.84
-79.29,40.78
-79.6,41.4
-80.04,41.46
-79.31,41.93
-79.1,41.7
-80.1,41.5
-80.29,41.6
-79.8,41.5
-79.64,41.32
-79.37,41.56
-79.3634,41.6261
-79.8,41.4
-79.43,41.36
-79.9,41.6
-79.7,41.7
-79.27,41.84
-79.573,41.29
-79.36,41.36
-78.87,41.8
-79.44,41.31
-80.2,41.6
-79.4,41.8
-79.5,41.6
-79.9,41.3
-79.752,41.41
-79.6,41.4
-79.1,41.9
-79.67,41.37
-79.1,41.7
-79.3,42
-79.4,41.7
-79.1,41.8
-79.4,41.5
-79.7,41.6
-79.9,41.68
-79.3,41.4
-79.97,41.44
-79.5,41.4
-79.1,41.8
-79.43,41.55
-79.32,41.86
-79.871,41.204
-79.7,41.2
-79.8,41.3
-80.4,41.9
-79.47,41.95
-80.1,41.8
-79.8,41.7
-79.54,41.95
-80.4,41.7
-79.7,41.9
-80.3,41.92
-80.45,41.98
-80.2,41.9
-80.23,42.03
-79.4,41.8
-80.3,42
-79.55,41.7
-79.94,42.17
-80.3171,41.6613
-80.34,42.02
-80.4,41.7
-80.13,41.99
-79.97,41.876
-79.8,42.2
-80.1,41.7
-79.7,41.8
-80.4,41.8
-79.5,41.84
-79.9,41.9
-80.13,41.78
-80,42
-79.8,42
-80.47,41.94
-80.126,41.87
-80.1,42.12
-80.1,42.11
-80.06,42.13
-80.05,42.11
-80.15,42.12
-80.17,42.07
-80.09,42.14
-80.09,42.09
-80,42.1
-79.96,42.11
-79.99,42.17
-80.051,42.107
-79.986,42.117
-78.4,40.6
-78.37,40.51
-78.1,40.6
-78.54,40.55
-78.42,40.77
-78.33,40.61
-78.417,40.684
-78.351,40.835
-78.12,40.22
-78.07,40.32
-78.05,40.28
-78.6,40.6
-78.51,40.29
-78.51,40.75
-78.57,40.46
-78.31,40.28
-78.234,40.16
-78.17,40.22
-78.5,40.4
-78.52,40.6
-78.47,40.34
-78.21,40.32
-78.45,40.68
-78.57,40.7
-78.57,40.51
-78.5,40.8
-78.71,40.69
-78.1,40.42
-78.3,40.4
-78.28,40.11
-78.4,40.8
-77.9,40.5
-78.6,40.3
-78.56,40.81
-78.2,40.3
-78.38,40.15
-78.46,40.83
-78.3,40.3
-78.4,40.2
-78.436,40.392
-78.32,40.87
-78.53,40.18
-78.6,40.6
-77.9,40.6
-78.5058,40.2597
-78.398,40.799
-78.256,40.152
-78.4,40.3
-78.09,40.19
-78.2,40.9
-78.2,40.2
-78.19,40.16
-78.4,40.76
-78.53,40.3
-78.08,40.65
-78.09,40.28
-78.3,40.7
-78.09,40.09
-78.15,40.1
-78.72,40.76
-78.2,40.5
-78.2,40.16
-78.36,40.21
-78.58,40.46
-78.7,41.9
-78,41.6
-78.43,41.62
-78.7,41.9
-78.58,41.82
-78.53,41.98
-78.9,41.5
-78.48,41.97
-78.5,41.8
-78.38,41.94
-78.6,41.86
-78.5822,41.7061
-78.839,41.62
-78.7,41.6
-78.7,41.8
-78.64,41.73
-78.3,41.8
-78.58,41.87
-78.48,41.93
-78.14,41.8
-78.2,41.9
-78.5,41.8
-78.32,41.88
-77.9,40.8
-77.86,40.81
-77.89,40.81
-77.3,40.9
-78.209,40.965
-77.7,41.1
-77.8,40.9
-78.45,40.83
-77.598,41.065
-77.79,40.77
-77.7,40.8
-77.96,41.08
-78.4,41.1
-77.46,40.87
-78.6,40.9
-78.1,41
-77.9,40.9
-78.3,41.1
-78.48,40.95
-78.63,40.99
-78.09,41.02
-78.2,40.93
-77.7,41
-78.463,41.004
-77.9,40.9
-78.1,41.1
-78.167,40.992
-77.533,41.012
-78.131,40.977
-77.815,40.807
-77.54,40.94
-77.787,40.939
-77.47,40.9
-78.367,40.998
-78.2,41
-78.04,41.03
-78.18,40.95
-78.51,40.87
-78.49,40.91
-77.96,40.72
-78.2,40.9
-77.84,40.79
-78.1,40.8
-78,41.2
-77.3,41
-77.9,41
-77.6,40.8
-78.291,40.96
-78.06,40.73
-78.34,40.95
-78.15,40.96
-78.33,41.03
-77.3,40.9
-77.3,41.7
-77.1,41.6
-77.1,41.7
-76.8,41.8
-78,41.8
-77.1,41.7
-77.28,41.98
-77.5,41.7
-77.7,41.7
-77.9,41.9
-76.8,41.9
-76.7,41.7
-77.67,41.96
-77.44,41.94
-77.1,42
-77.2,41.6
-76.95,41.79
-77.1,41.8
-77.32,41.87
-76.98,41.93
-77.71,41.96
-77.3,41.5
-77.017,41.679
-77.243,41.979
-77.76,41.98
-77.36,41.95
-77.61,41.85
-77.1,41.9
-76.8,41.8
-77.8,41.8
-77.5,41.9
-77.8,40.52
-76.6,40.4
-77.7,40.6
-76.813,40.602
-77.6,40.3
-77.11,40.14
-77.56,40.64
-76.6,40.3
-76.93,40.24
-77.2,40.23
-77.2,40.2
-76.4,40.3
-76.89,40.62
-76.9,40.4
-77,40.1
-77,40.4
-77.7,40.4
-76.6,40.2
-76.8,40.59
-77.31,40.41
-77,40.29
-76.43,40.47
-76.989,40.158
-76.65,40.4
-77.63,40.55
-76.74,40.61
-76.8,40.5
-76.6,40.27
-76.79,40.21
-77.58,40.42
-76.7,40.29
-77.43,40.43
-76.5,40.5
-76.27,40.31
-77.3,40.3
-76.4,40.2
-76.4,40.3
-76.9,40.25
-77.6,40.6
-77,40.6
-76.44,40.39
-77.41,40.36
-76.72,40.6
-77.3,40.6
-77.02,40.25
-77.8,40.5
-78,40.3
-77,40.3
-77,40.18
-77.354,40.5381
-76.72,40.19
-77.55,40.49
-77.4,40.6
-77.88,40.48
-76.91,40.57
-77.2,40.6
-77.5,40.8
-76.47,40.247
-77.21,40.09
-77.84,40.38
-76.3,40.4
-77.17,40.41
-76.9719,40.4543
-76.87,40.21
-77.61,40.31
-77.075,40.235
-76.26,40.3
-77.1,40.5
-77.88,40.36
-77.309,40.619
-76.6,40.4
-76.6,40.3
-76.803,40.641
-77.287,40.204
-77.4,40.5
-76.4,40.3
-77.63,40.68
-77.2,40.7
-76.26,40.41
-76.2968,40.2988
-77.19,40.34
-76.927,40.312
-77.22,40.59
-76.71,40.59
-76.63,40.59
-77.56,40.65
-76.89,40.26
-76.89,40.27
-76.86,40.27
-76.85,40.26
-76.82,40.29
-76.88,40.32
-76.79,40.27
-76.8,40.4
-76.84,40.23
-77.67,39.97
-77.7,39.9
-77.7,40.2
-78.42,39.76
-78.07,39.8
-77.8,40.2
-77.47,39.75
-77.89,40.11
-77.68,40.27
-77.72,40.22
-77.73,40.17
-77.79,40.08
-77.5,39.9
-77.95,40.07
-77.9,40
-77.7,39.8
-78.1,39.99
-78.01,40.09
-78,40
-77.702,39.859
-78,39.8
-77.55,39.84
-78.1,39.9
-77.83,40.13
-77.58,40.15
-77.4,40.2
-77.9,40.2
-77.68,40.09
-77.7,40.03
-77.6,39.8
-77.896,40.242
-77.6,39.8
-77.69,40.08
-77.81,39.91
-78.009,40.215
-77.7,39.9
-77.8,40.2
-77.8,39.8
-77.5,40
-77.89,40.29
-77.6,39.8
-77.7,40.2
-77.724,39.722
-78,40.2
-77.79,40.04
-77.41,40.09
-78.3,39.8
-77.6,39.8
-77.8,39.8
-77.82,40.1
-77.6,39.8
-76.98,39.89
-76.41,39.82
-77.23,39.98
-77.24,39.97
-77.3,39.9
-76.45,39.87
-76.87,39.85
-76.65,39.88
-76.33,39.77
-76.9,40
-77,39.97
-76.51,39.99
-76.7,40
-76.8,40.16
-77.37,39.78
-76.45,39.76
-76.5,39.9
-77.3,40
-77.2,39.8
-76.8,39.8
-76.85,39.76
-77,39.8
-76.88,40.13
-77.11,39.76
-77.3,39.9
-77.02,39.81
-76.74,40.07
-76.69,40.06
-76.69,39.77
-77.08,39.89
-76.5,39.76
-77.4,39.89
-76.68,39.77
-76.6,39.9
-76.76,39.86
-76.68,39.77
-76.87,39.85
-76.58,39.77
-76.91,39.93
-76.94,40.05
-76.56,39.93
-76.52,39.99
-76.77,40.12
-76.8,40
-77.09,40.01
-76.73,39.96
-76.67,39.95
-76.71,39.92
-76.77,40
-76.7,40
-76.72,39.88
-76.81,39.94
-76.2,40.16
-76.66,40.1
-76.2,40.07
-76,40.1
-76.221,40.123
-76.03,39.91
-76.48,40.04
-76.39,39.95
-76.1,40.2
-76.27,39.81
-76.03,40.14
-76.35,40.1
-76.17,40.17
-75.99,40.02
-76.1,40.04
-76.3,39.86
-76.04,40.01
-76.07,39.85
-76.41,40.09
-76.19,40.1
-76.3,40.2
-76.4,40.2
-76.58,40.08
-76.582,40.075
-76.38,39.98
-76.51,40.11
-76.43,40.04
-76,40.1
-76.07,40.11
-76.23,39.91
-76.09,39.98
-76.18,39.77
-76.33,39.9
-76.1,39.9
-76.11,40.27
-76.6,40.2
-76.17,40.01
-76.197,40.037
-76.17,40.22
-76.18,39.96
-76.049,40.16
-76.44,39.99
-76.26,39.96
-76.3,40.1
-76.25,40.01
-76.31,40.04
-76.37,40.01
-76.9,41.4
-77,41.2
-77.32,41.18
-77.4,41.4
-76.9,41.7
-77.46,41.51
-77.1,41.4
-77.7,41.5
-76.8793,41.1087
-76.58,41.42
-76.7,41.3
-77.5,41.4
-77.3,41.2
-76.611,41.231
-77.16,41.25
-77.4,41.3
-77.3,41
-77.4,41.2
-76.819,41.072
-77.5,41.1
-77.5,41.1
-76.9,41.2
-76.88,41.29
-76.7,41.2
-76.5,41.4
-77.7,41.4
-76.7,41.3
-77,41.53
-77.8,41.3
-77,41.6
-77.5,41.1
-76.75,41.53
-77.1,41.4
-76.72,41.12
-76.54,41.24
-77.3,41.4
-76.81,41.11
-77.98,41.31
-77.377,41.193
-76.7,40.8
-77,41.1
-77.24,40.75
-77.19,40.78
-76.4,41.3
-76.4,41
-76.4,40.9
-76.7,41
-76.7,40.7
-76.49,40.86
-76.941,40.762
-77.155,40.9
-76.8,40.7
-76.466,40.805
-76.46,40.79
-77.27,40.89
-76.58,40.72
-77,41
-76.4418,40.7971
-77.4,40.7
-77,40.8
-77.1,41
-77.2,40.9
-76.52,41.15
-76.79,41
-76.855,40.968
-76.44,40.8
-77,40.7
-76.97,40.89
-77,41.1
-76.8,40.9
-76.39,41.11
-76.6,40.8
-77.086,40.771
-77,40.8
-76.91,40.71
-76.82,41
-76.56,40.79
-76.69,40.71
-76.629,40.957
-76.88,40.82
-76.6,40.8
-76.83,40.85
-76.33,41.17
-77.125,40.891
-76.66,40.79
-76.676,41.052
-77.2,40.9
-76.88,41.02
-76.877,41.074
-76.393,40.813
-76.93,40.89
-76.3,40.7
-76.337,40.816
-76.3,40.8
-76.12,40.59
-76.32,40.676
-76.06,40.76
-76.19,40.63
-76.14,40.711
-76.23,40.78
-76.244,40.603
-76.22,40.8
-76.29,40.8
-76.338,40.7508
-76.5,40.7
-76.61,40.68
-76.386,40.764
-76.28,40.672
-76.374,40.778
-76.248,40.801
-76.14,40.82
-76.18,40.83
-76.3,40.7
-76.055,40.76
-76.084,40.731
-76.26,40.69
-76.516,40.592
-76.12,40.74
-76,40.7
-76.06,40.63
-76.4,40.6
-76.48,40.71
-76.17,40.7
-76.2,40.9
-76.61,40.63
-76.19,40.73
-76.2,40.6
-76.3,40.7
-76.21,40.82
-76.67,40.61
-76.2,40.6
-76.6,40.5
-76.4,40.64
-76.03,40.77
-76.54,40.64
-76.21,40.91
-75.65,40.48
-75.2,40.9
-75.42,40.76
-75.35,40.59
-75.39,40.66
-75.39,40.63
-75.33,40.67
-75.666,40.802
-75.66,40.55
-75.47,40.66
-75.41,40.54
-75.54,40.749
-75.4,40.5
-75.53,40.68
-75.48,40.8
-75.22,40.74
-75.52,40.41
-75.22,40.65
-75.28,40.7
-75.59,40.5
-75.5,40.52
-75.67,40.6
-75.5,40.66
-75.7,40.72
-75.45,40.35
-75.3,40.59
-75.55,40.45
-75.5,40.9
-75.53,40.72
-75.59,40.5
-75.2,40.9
-75.31,40.76
-75.76,40.66
-75.48,40.71
-75.52,40.47
-75.62,40.62
-75.54,40.43
-75.59,40.84
-75.26,40.85
-75.48,40.39
-75.51,40.32
-75.48,40.37
-75.23,40.57
-75.62,40.67
-75.62,40.74
-75.62,40.74
-75.3,40.59
-75.261,40.754
-75.254,40.742
-75.54,40.76
-75.6,40.55
-75.54,40.76
-75.33,40.82
-75.52,40.47
-75.47,40.6
-75.47,40.61
-75.48,40.57
-75.55,40.62
-75.47,40.61
-75.59,40.58
-75.44,40.64
-75.95,40.95
-76,41
-75.6,41
-75.82,40.74
-75.7,40.8
-76.1,40.8
-75.914,40.93
-75.91,40.82
-76.062,40.993
-76.063,40.848
-75.911,40.999
-76,41
-75.943,40.986
-75.84,41.01
-76,41
-75.7,40.9
-75.95,40.93
-76.03,40.89
-75.88,40.83
-75.963,40.996
-75.7,40.8
-76.02,40.88
-75.9827,40.9883
-75.8,40.9
-76.16,40.94
-76.11,40.89
-75.674,40.819
-76,40.86
-76.18,40.97
-76.118,40.897
-76.1,40.98
-75.85,40.82
-76.08,41
-76,40.8
-75.966,40.915
-75.8,40.9
-76.144,40.942
-75.1,41
-75.1,41.1
-75.29,41.01
-75.4,40.92
-75.25,41.16
-74.98,41.15
-75.26,41.27
-75.2,41.2
-75.15,40.97
-75,41.2
-75.45,40.96
-75.43,40.91
-75.26,41.1
-75.51,40.89
-75.46,41.06
-75.1,41.1
-74.73,41.38
-74.9,41.3
-74.76,41.42
-75.25,41.16
-75.1,40.9
-75.34,41.12
-75.43,41.12
-75.55,41.14
-75.36,41.1
-75.47,41.11
-75.1,40.9
-75.334,41.021
-75.4,40.9
-75.32,40.93
-75.34,41.08
-75.112,41.009
-75.239,41.227
-75.3,41
-75.35,41.09
-74.94,41.15
-75.33,41.04
-75.56,41.51
-75.1,41.61
-75.56,41.6
-75.7,41.4
-75.5,41.7
-75.7,41.5
-75.11,41.75
-75.2,41.8
-75.8,41.6
-75.8,41.6
-75.5,41.7
-75.5,41.2
-75.01,41.42
-75.2,41.3
-75.411,41.406
-75.2,41.4
-75.47,41.74
-75.3,41.6
-75.57,41.56
-75.55,41.46
-75.01,41.5
-75.4,41.4
-75.31,41.86
-75.25,41.43
-75.4,41.8
-75.62,41.67
-75.1,41.66
-75.5,41.3
-75.36,41.3
-75.8,41.6
-75.62,41.52
-75.21,41.39
-75.59,41.48
-75.4,41.7
-75.4,41.8
-75.36,41.88
-75.33,41.61
-75.034,41.479
-74.9,41.4
-75.413,41.503
-75.34,41.28
-75.33,41.94
-75.44,41.9
-75.38,41.35
-75.18,41.4
-75.5,41.8
-75.4,41.2
-75.14,41.71
-75.56,41.73
-75.71,41.53
-75.4,41.6
-75.2,41.6
-75.67,41.41
-75.72,41.42
-75.65,41.39
-75.71,41.36
-75.65,41.45
-75.64,41.43
-75.63,41.41
-75.6,41.42
-75.72,41.39
-75.74,41.37
-75.63,41.46
-75.8,41.2
-76.3,41.1
-75.5,41.1
-76,41.3
-76.4,41.5
-75.86,41.46
-76.6,41.5
-76.07,41.18
-76.04,41.38
-76.71,41.43
-76.09,41.25
-76.27,41.2
-76.1,41.7
-75.605,41.056
-75.8585,41.5098
-76.494,41.423
-76.3,41.4
-76.2,41.5
-76,41.7
-76.309,41.032
-76.38,41.46
-76.02,41.2
-76.2,41
-76.09,41.41
-75.76,41.3
-75.73,41.33
-75.77,41.35
-75.84,41.37
-75.87,41.34
-75.96,41.26
-75.7,41.5
-76.2,41.2
-76.21,41.31
-75.9,41.5
-76.1,41.1
-75.8,41.1
-75.89,41.24
-75.8,41.2
-75.89,41.28
-75.84,41.27
-75.9,41.22
-75.9,41.1
-75.97,41.29
-75.9,41.29
-75.9,41.8
-76.5,41.9
-76,42
-76.61,41.78
-75.9,41.71
-76.61,41.86
-76,41.9
-75.74,41.98
-75.81,41.94
-75.67,41.77
-75.79,41.71
-75.61,41.81
-75.7,41.7
-76.11,41.8
-76.17,41.85
-76.1,41.94
-76.53,41.89
-76.5,41.7
-76.5,41.6
-75.7,41.8
-76.3,41.9
-76.5,42
-75.61,41.75
-75.9,41.8
-75.91,41.7
-76.17,41.77
-76.28,41.61
-75.5,41.9
-76.5,41.7
-76.48,41.86
-76.2,41.94
-76.3,41.7
-76.36,41.78
-75.15,40.31
-75.11,40.36
-75.11,40.35
-75.06,40.389
-75.21,40.29
-75.26,40.27
-75.2,40.37
-75.09,40.48
-75.17,40.36
-75.05,40.28
-75.07,40.26
-75.22,40.54
-75.25,40.3
-75.3,40.5
-75.23,40.22
-74.99,40.35
-74.96,40.26
-75.16,40.47
-75.2,40.4
-75.12,40.43
-75.065,40.42
-75.3,40.5
-75,40.23
-75.321,40.475
-75.32,40.36
-75.275,40.347
-75.33,40.3
-75.01,40.19
-75.37,40.32
-75.3,40.5
-75.12,40.53
-75.07,40.21
-75.14,40.25
-74.88,40.29
-74.96,40.26
-75.12,40.12
-75.22,40.18
-75.3,40
-75.23,40.02
-75.05,40.13
-74.85,40.12
-75.36,39.97
-75.06,40.13
-75.33,40.02
-75.1,40.06
-75.38,39.85
-75.43,39.87
-75.39,39.87
-75.49,39.91
-75.29,39.92
-74.94,40.1
-74.89,40.09
-75.33,39.86
-75.27,39.91
-75.16,40.14
-75.31,39.95
-75.13,40.07
-75.26,39.87
-74.83,40.18
-75.22,40.11
-75.28,39.89
-75.33,39.89
-75.21,40.13
-75.27,40.05
-75.29,39.9
-75.18,40.1
-75.1,40.18
-75.31,40.01
-75.308,39.9
-75.15,40.19
-75.11,40.1
-74.89,40.18
-75.26,39.94
-74.97,40.16
-74.82,40.17
-74.84,40.15
-74.89,40.15
-74.85,40.14
-75.5,39.85
-75.43,39.83
-75.42,39.92
-75.34,39.93
-75.25,40
-74.81,40.2
-75.33,39.91
-75.26,40.02
-75.44,39.98
-75.3,39.89
-75.19,40.12
-75.31,39.89
-75.32,39.88
-75.27,39.9
-75.35,39.9
-75.27,39.96
-75.31,39.98
-75.35,40.04
-75.37,39.89
-75.4,40.06
-75.12,40.15
-75.35,39.87
-75.15,40.09
-75.27,40
-75.165,39.953
-75.17,39.95
-75.2,39.97
-75.15,39.95
-75.16,39.95
-75.08,40.06
-75.16,39.89
-75.259,39.874
-75.01,40.07
-75.04,40.09
-75.01,40.12
-75.21,40.07
-75.19,40.05
-75.12,40.03
-75.18,39.98
-75.15,39.98
-75.12,39.97
-75.09,40.02
-75.12,39.98
-75.14,40.06
-75.22,40.02
-75.23,40.05
-75.18,40.01
-75.18,39.97
-75.22,39.99
-75.17,40
-75.14,39.99
-75.11,39.99
-75.04,40.02
-75.02,40.05
-75.08,40
-75.16,40.06
-75.23,39.96
-75.15,40.01
-75.15,40.04
-75.23,39.92
-75.22,39.94
-75.18,40.03
-75.19,39.92
-75.18,39.94
-75.16,39.94
-75.15,39.93
-75.07,40.04
-75.17,40.07
-75.26,39.98
-75.05,40.06
-75.24,39.89
-74.99,40.09
-75.48,40.04
-75.96,39.94
-75.76,39.83
-75.45,40.03
-75.76,40.1
-75.6,39.86
-75.52,39.93
-75.8,40
-75.92,39.87
-75.42,40.04
-75.7,40
-75.63,40.04
-75.5,39.91
-75.75,40.1
-75.87,40.08
-75.53,40.04
-75.72,39.87
-75.8,39.77
-75.9,39.78
-75.53,40.04
-75.8,40
-76.05,39.76
-76,39.8
-75.93,39.96
-75.8,40
-75.76,40
-75.54,39.91
-75.75,39.83
-75.72,39.86
-75.6,40
-75.6,39.9
-75.609,39.937
-75.84,39.85
-75.33,40.13
-75.38,40.15
-75.34,40.09
-75.39,40.09
-75.28,40.16
-75.64,40.1
-75.43,40.18
-75.3,40.08
-75.56,40.33
-75.246,40.201
-75.257,40.186
-75.4,40.27
-75.3,40.29
-75.52,40.13
-75.26,40.08
-75.29,40.23
-75.5,40.14
-75.24,40.22
-75.453,40.128
-75.61,40.17
-75.53,40.13
-75.28,40.12
-75.62,40.26
-75.66,40.19
-75.54,40.21
-75.58,40.31
-75.48,40.26
-75.392,40.223
-75.61,40.17
-75.229,40.189
-75.527,40.305
-76.06,40.24
-75.59,40.4
-75.6,40.4
-75.62,40.38
-76.1,40.5
-76.3,40.5
-75.84,40.26
-75.88,40.45
-75.69,40.49
-75.7,40.3
-75.75,40.27
-75.7,40.3
-75.8,40.16
-75.8,40.4
-75.82,40.25
-75.59,40.31
-76,40.5
-75.9,40.6
-75.78,40.54
-75.99,40.42
-75.86,40.57
-75.99,40.42
-75.81,40.45
-75.69,40.49
-75.68,40.49
-75.97,40.24
-76.03,40.48
-75.82,40.25
-75.9,40.17
-76.294,40.419
-75.7,40.3
-75.77,40.38
-76.024,40.577
-76.246,40.458
-76.14,40.36
-76.11,40.515
-75.96,40.49
-76.184,40.492
-75.89,40.4
-75.7,40.5
-76,40.6
-76.09,40.34
-76.21,40.4
-75.94,40.35
-75.92,40.33
-75.91,40.36
-75.95,40.41
-75.86,40.33
-75.95,40.29
-76.04,40.32
-76,40.33
-75.98,40.34
-75.94,40.33
-71.44,41.92
-71.76,41.43
-71.32,41.74
-71.58,41.19
-71.74,41.41
-71.27,41.68
-71.67,41.47
-71.66,41.4
-71.7,41.9
-71.66,41.78
-71.63,41.69
-71.7,41.6
-71.48,41.64
-71.7,41.6
-71.7,41.79
-71.64,41.96
-71.73,41.69
-71.56,41.88
-71.65,41.97
-71.59,41.75
-71.73,41.5
-71.78,41.5
-71.37,41.51
-71.62,41.45
-71.16,41.51
-71.47,41.97
-71.64,41.95
-71.32,41.49
-71.32,41.51
-71.28,41.52
-71.46,41.59
-71.65,41.82
-71.64,41.96
-71.74,41.97
-71.39,41.88
-71.35,41.88
-71.39,41.89
-71.43,41.96
-71.44,41.92
-71.26,41.59
-71.32,41.62
-71.73,41.5
-71.47,41.52
-71.64,41.46
-71.571,42.001
-71.17,41.61
-71.54,41.43
-71.53,41.48
-71.47,41.43
-71.26,41.73
-71.46,41.71
-71.41,41.75
-71.39,41.7
-71.8,41.36
-71.58,41.5
-71.51,41.7
-71.69,41.45
-71.5,42
-71.54,41.97
-71.67,41.52
-71.41,41.82
-71.44,41.85
-71.4,41.79
-71.39,41.84
-71.43,41.8
-71.44,41.84
-71.45,41.82
-71.43,41.78
-71.47,41.85
-71.4,41.826
-71.36,41.81
-71.36,41.78
-71.36,41.84
-71.53,41.9
-71.52,41.83
-71.47,41.77
-71.52,41.76
-80.1,33.8
-81,33.3
-81.5,33.9
-80.4,34.4
-80.3,34.2
-81.1,34.5
-81.3,34.4
-81,34.2
-80.6,33.3
-80.6,34.3
-80.7,33.6
-81.4,34.6
-80.5,34.3
-81.06,33.96
-81.34,34.14
-81.9,34.2
-81,33.4
-80.91,33.41
-80.4,34.1
-81.2,33.3
-80.7,33.9
-80.8,34.2
-80.16,34.1
-80.6,33.5
-80.31,33.37
-80.14,33.86
-80.74,33.82
-81.1,33.8
-81.4,33.9
-80.93,34.58
-80,33.6
-80.7,34.6
-80.4,33.3
-80.8,33.9
-80.5,34.1
-81.2,34.14
-81.29,34.31
-80.5,34.6
-80.1,34.2
-81.4,33.9
-81.3,34
-81.2,33.9
-80.7,34.5
-81.4,34.2
-80.7,34.2
-80.1,34.4
-80.1,34
-81,33.1
-80.9,33
-80.3,34.5
-80.2,33.6
-80.2,34
-81.6,33.8
-81.1,33.5
-81.6,34.3
-80,33.8
-81.1,33.6
-81.14,33.43
-79.93,33.95
-80.9,33.5
-80.848,33.498
-80.9,33.6
-81.323,34.2414
-81.26,33.76
-80.5,33.7
-81.4,34.3
-81.5,34.2
-80.5,34.1
-81.7,33.8
-80.9,34.3
-80.79,33.36
-80.8,33.7
-81.3,33.6
-81.8,34
-80.5,33.5
-81.77,34.22
-81.3,33.5
-80.3,33.6
-80.4,33.9
-80.47,33.97
-80.3,34
-80.5,33.9
-81.1,33.7
-79.9,34.1
-80,33.89
-80.43,33.43
-81.4,33.6
-81.71,33.9
-80.5,33.9
-81.1,33.99
-81.14,33.94
-81.08,33.91
-80.6,34.44
-81.6,34.5
-81.1,34.3
-81.02,33.98
-81.02,33.99
-81.04,34.09
-81,34.03
-81,33.99
-80.94,34.03
-80.91,34.02
-81.028,33.998
-81,33.9
-81.11,34.04
-81.17,34.08
-80.93,34.09
-81.025,33.996
-80.87,34.12
-81.99,34.95
-81.85,34.89
-81.98,35
-81.92,34.9
-81.82,34.99
-81.97,35.05
-82.01,34.93
-81.74,34.72
-82.1,35.1
-81.9,35.1
-81.82,34.99
-81.8,34.5
-81.82,34.99
-81.78,35.02
-81.9,34.7
-82,34.3
-81.82,34.99
-82.12,34.91
-81.9,34.7
-82.1,35.1
-81.6,35
-81.7,35.1
-81.82,34.99
-82.1,35.1
-81.81,34.41
-81.6,34.8
-81.8,34.4
-82.3,35.1
-82.1,34.5
-81.6,34.7
-82.16,34.98
-81.9,35.1
-82.02,34.86
-81.96,34.37
-81.7,34.9
-81.7,34.9
-81.85,34.79
-82,34.8
-82,34.8
-82.12,34.91
-82.01,34.93
-81.6,34.7
-82.1,34.3
-82.1,34.97
-82,34.8
-79.93,32.78
-79.94,32.8
-80.06,32.9
-79.99,32.85
-80.02,32.93
-80,32.8
-79.961,32.797
-80,32.94
-79.94,32.72
-80.11,32.84
-80.06,32.89
-80.1,32.94
-79.932,32.781
-79.937,32.783
-80.4,32.8
-79.5,33
-79.9,33.3
-80.8,33.2
-79.84,33.14
-80.5,33
-80.2,33.3
-80.4,33.1
-80.3,32.6
-79.95,32.67
-79.4,33.4
-80,32.98
-80.5,32.6
-80.4,33.3
-80.3,32.7
-79.8,33.1
-79.76,32.82
-80.53,32.75
-79.6,33.2
-80.1,32.7
-80.12,32.99
-79.4,33.1
-80,33.2
-79.86,32.82
-79.79,32.87
-80.1,33.4
-80.12,33.24
-80.2,32.8
-80.67,33.18
-80.3,33.1
-80.5,32.9
-80.8,32.9
-80.6,33.2
-79.9,33.4
-80.8,33.1
-79.84,32.77
-80.2,33.1
-80.2,32.95
-80.17,32.65
-80.7,32.9
-79.9,32.9
-80.843,33.034
-79.82,34.21
-79.7,34.1
-79.6,34.2
-79.6,33.4
-79.1,34
-79.7,34.6
-79.6,34.4
-79.84,33.79
-79.5,34.06
-79.9,34.6
-79.5,34.5
-79,33.9
-79.2,33.8
-79.74,33.98
-79.8,34.3
-79.4,34.4
-79.9,34.4
-79.7,34.1
-79.27,34.29
-79.2,34
-78.95,34.17
-79.4,33.9
-79.3,34.5
-80.1,34.4
-79.4,33.7
-79.5,33.9
-79.8,33.7
-79.8,33.9
-79.2,34.36
-79.9,33.5
-79.5,34.4
-78.65,33.88
-79.44,34.54
-78.8,33.9
-78.9,34
-79.6,34.7
-79.4,34.1
-78.79,33.77
-79.3,34.2
-78.96,33.63
-79.08,33.56
-78.9,33.7
-78.9,33.8
-79.6,33.7
-79.1,34.2
-78.7,33.8
-79.6,34
-80.1,34.6
-79.16,33.44
-79.02,33.68
-79.8,33.6
-79.8,33.9
-79.5,34.28
-79.8,34.5
-79.55,34.68
-79.84,34.73
-82.4,34.85
-82.38,34.78
-82.38,34.84
-82.39,34.91
-82.46,34.83
-82.44,34.92
-82.4,34.85
-82.29,34.86
-82.47,34.91
-82.4,34.2
-82.6,34.5
-82.63,34.43
-82.8,34.6
-82.8,34.4
-82.5,34.5
-82.6,34.1
-82.8,34.7
-82.82,34.68
-82.8357,34.6703
-82.6,35.1
-82.3,34.4
-82.43,34.31
-82.6,34.9
-82.56,34.77
-82.99,34.52
-82.2,34.7
-82.1,34.6
-82.1,34.1
-82.1,34.2
-82.27,34.9
-82.2,34.9
-82.2,34.3
-82.4,34.5
-82.6,34.3
-82.7,34.8
-83.29,34.75
-82.648,34.21
-82.5,35.1
-82.3,34.78
-83.2,34.9
-82.95,34.75
-82,34.1
-82.76,34.77
-82.4,34.6
-82.7,34.6
-82.7,34.9
-82.95,34.76
-82.5,34.7
-83,34.9
-82.9,34.6
-82.28,34.69
-82.22,34.76
-82.83,34.84
-82.5,35.1
-82.72,34.38
-82.8,35
-83.05,34.91
-82.3,35
-82.89,34.53
-82.4,35.1
-83.1,34.8
-82.21,34.43
-83.2,34.7
-83.01,34.78
-82.54,34.64
-81.5,35.1
-80.92,34.82
-81.3,34.7
-80.8,35
-80.99,35.05
-80.1,34.7
-81.2,35.1
-80.98,34.79
-80.92,34.71
-80.94,35.01
-81.4,34.9
-80.3,34.6
-80.7,34.8
-81.009,34.776
-81.23,34.86
-80.26,34.74
-80.4,34.8
-81,34.7
-81,34.9
-81.08,34.97
-81,34.9
-80.21,34.74
-81.4,34.9
-81.42,35.04
-81.2,35
-81.7,33.6
-81.7,33.4
-81.6,33.6
-81.69,33.41
-81.4,32.9
-81.4,33.2
-81.82,33.51
-81.3,33.4
-82.2,34.1
-82.11,33.66
-82,33.8
-81.4,33.4
-81.3,32.9
-81.83,33.52
-81.85,33.57
-81.7,33.3
-81.8,33.8
-81.82,33.51
-82.3,33.9
-81.5,33.1
-82.17,33.74
-82.52,34.01
-81.94,33.52
-81.87,33.44
-81.2,33.2
-82.2,33.8
-82.2,33.8
-81.8,33.7
-82.2,34
-81.2,33.1
-81.7,33.6
-81.83,33.52
-81.5,33.4
-81.5,33.5
-82,33.6
-82.2,33.9
-80.7,32.38
-80.67,32.431
-80.67,32.431
-80.8,32.5
-80.6,32.4
-80.9,32.3
-80.9,32.2
-81.2,32.9
-80.93,32.57
-80.88,32.12
-81,32.7
-81.3,32.7
-80.5,32.4
-81.18,32.674
-81.3,32.6
-81.238,32.86
-81.1,32.9
-80.75,32.22
-81,32.2
-80.75,32.17
-80.9,32.9
-81.24,32.85
-81.1,32.6
-80.7,32.38
-81,32.5
-81.2,32.7
-80.7,32.6
-80.81,32.54
-81.2,32.5
-81,32.8
-80.8,32.7
-96.6,43
-96.7,44.3
-96.8,43.7
-96.8,43.1
-96.6,43.6
-96.8,44.3
-96.8,42.8
-97.3,43.6
-96.6,43.3
-97,43.1
-97,43.4
-96.97,43.89
-96.8,44
-97,43.8
-96.83,43.68
-96.98,43.27
-96.7,43.9
-96.6,44
-96.7,42.7
-96.5,44.3
-96.51,43.19
-96.6,44
-97.5,43.3
-96.5,43.7
-97.19,42.86
-96.7,43.4
-97,43.6
-96.5,43.1
-97.1,43.6
-97.1,43.3
-97.3,43.1
-96.57,42.6
-96.9,43.3
-97.6,43.1
-96.869,43.724
-97.2,44
-97.3,43.4
-97.5,43.2
-97.3,43
-97.22,43.51
-97.2,43.7
-96.6,42.6
-97,44.1
-97.3,44.2
-97.7,43.3
-97.1,43.4
-97.2,44.1
-96.74,43.67
-96.96,44.11
-97.4,43.8
-97.8,43.1
-97.0419,44.245
-98,42.8
-97.7,42.9
-96.87,43.46
-96.62,43.91
-97.9,43
-97.5,43
-96.5,43.6
-97,42.8
-97.2,43.2
-97,44.3
-97.2,43
-97.1,43
-97,44
-97.3,44
-96.8,43.3
-97.4,42.9
-96.69,43.55
-96.68,43.6
-96.73,43.52
-96.83,43.5
-96.82,43.6
-96.7,43.5
-96.66,43.51
-96.7,43.6
-96.739,43.525
-97.1,44.9
-97.2,44.4
-96.6,44.6
-97.21,44.49
-96.5,45.3
-97.7,45.1
-96.6,44.7
-97.8,45.3
-96.9,44.5
-97.4,44.6
-97,44.7
-97.1,45.9
-97.7,44.9
-96.7,44.8
-96.7,45.4
-97.6,44.4
-97.4,45.6
-97.4,44.5
-96.9,44.6
-97.3,45.1
-97.6,45
-96.5,44.8
-96.8,44.9
-97.3,45.5
-97.2,44.7
-97.4,44.8
-97.4,44.9
-96.918,44.894
-96.7,45.1
-97.4,45.7
-97.2,44.6
-97.4,44.4
-96.93,45.26
-96.6,45.2
-96.9,45.9
-97.2,45.3
-97,45.5
-97.9,45
-96.6,45
-96.7,45.9
-97.6,45.5
-96.9,45.7
-97,45.1
-96.8,45.1
-96.8,45
-97.1,45.3
-96.7,44.6
-96.8,45.2
-97.3,45.8
-97.5,44.7
-97.5,45.1
-97.3,45.3
-97.5,45.3
-96.6,44.4
-97.7,44.6
-96.7,45.4
-98,43.7
-97.8,43.7
-98.4,44.2
-98.4,43.3
-98,44
-98,43
-99.1,43.1
-97.5,43.5
-97.6,43.9
-98,44.7
-97.7,44.2
-98,44.3
-99.3,43.7
-98.4,43.4
-98.2,43
-98.1,43.3
-98,43.5
-97.7,43.5
-98,43.6
-98.8,43.2
-97.8,44
-99.3,44.1
-97.9,43.8
-99.1,44.1
-98.7,43.2
-98.64,43.44
-99.5,44.5
-99.454,44.246
-98.4,44.6
-97.6,44
-98.2,44.4
-97.8,44.4
-99,43.8
-98.5,43.1
-98.427,44.07
-98.2,43.9
-98.44,43.03
-99.1,44.5
-98.3,43.7
-98.607,43.427
-99.37,43.82
-98,43.4
-98.53,43.07
-98.5,43.8
-99,43.4
-99.1,43.8
-99.2,44.4
-98.8,44.5
-97.6,43.8
-98.5,43.6
-98,43.2
-98.6,44.2
-98.3,43.1
-98.7,44.4
-98.7,44
-98.7,43.7
-98.5,44.4
-98.3,44.1
-98,44.5
-98.5,45.5
-100.12,45.33
-97.91,45.73
-97.9,45.4
-98.5,45
-98.5,45.73
-98.3,45.5
-99.7,45.5
-98.3,45.18
-97.7,45.8
-98,45.7
-98.3,45.7
-98.1,45.2
-99,45.2
-98.1,44.8
-99.6,45.8
-99.1,45.1
-98,45.2
-98.3,44.8
-98.5,45.8
-100.1,45
-98.1,45.5
-98.2,45.9
-99.4,45.6
-98.2,45.7
-99.9,45.2
-98.9,45.4
-99.9,45.5
-97.7,45.6
-99.7,45
-99,45.8
-99.2,45.9
-98.7,45.3
-98.4,45.2
-98.7,45.1
-99.5,45.2
-99.1,44.8
-97.8,45.5
-98.6,44.9
-98.9,44.9
-99.3,45.4
-100.1,45.4
-99.5,45
-98.3,45.3
-99.6,45.2
-98.6,44.7
-98.2,45
-98.4,45.3
-98.7,45.6
-100.3,44.6
-100.2,44.8
-101.2,43.9
-99.9,44.5
-99.2,43.3
-99.8,43.2
-99.6,43.2
-100.5,43.9
-100.5,44.3
-99.4,43.2
-99.7,43.6
-99.8,44.4
-100.8,44.6
-99.2,43.1
-99.6,44.5
-99.9,43.6
-101.6,43.8
-99.8,43.8
-101.4,43.6
-99.7,44.1
-101.7,43.2
-101.2,44.2
-101.6,44.5
-100.5,43.2
-100.7,43.9
-101.1,43.4
-100.9,43.9
-100.33,43.38
-100,44.7
-101,43.3
-101.7,44.2
-100.1,43.9
-99.5,43.8
-101,43.2
-99.1,43.2
-101,43.1
-101.5,43.1
-100.3,44
-101.8,43.6
-100.8,43.6
-99.9,43.4
-100,43.5
-100.4,43.6
-100.4,45.6
-102.5,45.4
-101.076,45.771
-101.7,44.6
-101.6,45
-100.8,45
-102.4,44.9
-100.88,45.44
-100.3,45.6
-100.1,45.8
-101.3,45.2
-101.9,45.8
-101.46,45.02
-102.3,45.8
-100.84,45.67
-102.7,45.8
-101.3,45.8
-101.3,45.7
-102.3,45.4
-101.7,45.9
-100,45.7
-100.3,45.8
-102.7,45.4
-103,45.9
-103.1,45.5
-100.5,45.2
-100.9,45.3
-100.7,45.4
-100.5,45.7
-101.5,45.8
-100.8873,45.2712
-103.2,44.1
-103.4,44
-103.1,44
-103.09,44.17
-102,43.3
-102.3,43.1
-103.7,44.9
-103.35,44.17
-103,44.2
-103.5,45.6
-103.2,43.5
-103.9,45.6
-102.8,43.9
-103.7,43.8
-103.6,44.3
-103.7,43.2
-103.2,43.6
-103.474,44.41
-103.1,43.8
-103.8,44
-103.5,43.3
-102.3,44.5
-102,43.8
-103.4,43.9
-102.3,43.5
-103.8,44.3
-103.3,45.8
-102.4,43.3
-102.6,45
-103.6,44.2
-103.2,44.9
-102.7,44.2
-103.51,44.65
-103.2,43.1
-102.735,43.185
-103.2,43.4
-102.6,44.1
-103.3,44.2
-102.6,43.3
-102.2,43.3
-103.594,43.609
-102.1,44.1
-103.5,45.6
-103.75,44.55
-102.4,43.8
-103.1,43.2
-103.9,44.5
-103.3,44.4
-102.8,44.7
-103.3,44.6
-102.3,44.1
-102.5,44.2
-102.37,44.61
-103.6,44.5
-102.4,43.2
-103.872,44.495
-87.1,36.6
-86.01,36.07
-86.64,36.05
-86.65,35.87
-87.1,36.3
-86.1,35.95
-86.18,35.65
-86.72,35.4
-86.4,35.6
-86.3,36.5
-87.7,36.6
-87.3,35.9
-86.11,35.7
-86.8,36
-87.84,36.63
-87.27,36.04
-86,36.3
-86.29,36.37
-87,36.5
-87.6,35.7
-86.7,35.6
-87.13,36.39
-87.3,36.3
-86.4,35.7
-87.4,36.5
-87.4,36.6
-87.2,36.5
-86.7,35.8
-86.8,35.3
-86.6,36.5
-86.69,36.55
-87.6,36.3
-87.4,36.3
-87.41,36.38
-87.4,36.1
-86.02,36.4
-87.9,36.5
-85.9,35.96
-86.63,35.75
-87.7,36.3
-87.13,35.99
-87,35.9
-86.5,36.4
-86.78,35.91
-86.91,35.99
-86.8,36.4
-86.8,36.4
-86.1,36.4
-86.6,36.3
-86.6,36.1
-87.8,35.9
-87.7,36.5
-86.92,36.32
-87.11,36.1
-86,36.5
-86.29,35.95
-86.57,36.02
-86.3,36.3
-86.3,36.1
-86.8,35.5
-86,36
-87.8,35.6
-87.8,35.8
-87.3,35.9
-87.7,36.1
-85.7,35.7
-86.7,36.26
-86.19,35.93
-86.5,36.2
-86.33,35.78
-86.49,35.8
-86.5,35.9
-86.32,35.89
-86.36,35.85
-87.93,36
-86.67,35.94
-87.5,35.9
-86.62,36.25
-87.66,35.87
-86.69,36.62
-87.5,36.41
-87.03,36.12
-86.7,35.3
-85.9,36.4
-87.04,36.4
-86.5,36.6
-86.2,35.8
-85.8,36.5
-86.05,36.32
-86.5,35.8
-86.5,35.5
-87.471,36.295
-85.8,36
-86.5,36
-87.3,36.37
-86.9,36.5
-86.9,35.7
-87.9,36.3
-87.8,36.3
-86.9,35.8
-86.59,35.61
-87.47,36.26
-86.3,35.5
-86.2,36.1
-87.8,36
-86.2,36.6
-87.2,36.1
-86.67,36.48
-86.83,36.28
-86,35.8
-87.5,36.5
-86.78,36.17
-86.79,36.15
-86.77,36.11
-86.87,36.11
-86.73,36.18
-86.78,36.24
-86.81,36.18
-86.9,36.15
-86.73,36.14
-86.72,36.07
-86.8,36.13
-86.76,36.17
-86.66,36.17
-86.84,36.08
-86.72,36.22
-86.66,36.11
-86.9,36.2
-86.783,36.168
-86.78,36.07
-86.96,36.06
-86.81,36.19
-86.803,36.146
-85.8,35.4
-85.02,35.02
-84.7,35.4
-85.7,35.48
-86.2,35.1
-84.6,35.2
-85,35.3
-84.7,35.3
-84.8,35.3
-84.9,35.1
-84.9,35.2
-85.73,35.38
-85.1,35.1
-84.4,35
-86,35.18
-85,35.5
-84.8,35.5
-84.8,35.1
-86,35.3
-84.6,35.2
-84.39,35.04
-85.4,35.4
-86.31,35.05
-84.5,35.4
-86.1,35.3
-84.53,35.32
-84.9,35.6
-84.33,35.15
-86.6,35.2
-86.4,35.1
-84.93,35.29
-84.9,35.8
-85.2,35.4
-85.6,35.4
-85.55,35.02
-85.1,35.2
-86,35.4
-85.21,35.17
-86.23,35.06
-85.62,35.05
-86.43,35.12
-85.35,35
-85.263,35.104
-86.36,35.27
-85,35.1
-84.4,35.5
-86.1,35.5
-85.84,35.23
-85.9,35.6
-86.4,35.21
-86.27,35.45
-84.6,35.1
-84.7,35.1
-85,35.1
-85.5,35.4
-85.84,35.3
-85.2,35.6
-84.5,35.2
-84.7,35.4
-85.11,35.4
-85.67,35.17
-85.9,35.2
-86,35.1
-85.3,35.2
-85.2,35.3
-85.7,35.1
-84.9,35.7
-84.2,35.3
-85.7,35.3
-86.2,35.3
-84.39,35.12
-85.9,35.6
-85.51,34.99
-85.5,35.2
-86.2,35.2
-85.31,35.05
-85.29,35.05
-85.27,35.02
-85.4,35.1
-85.25,35.07
-85.29,35
-85.31,35.03
-85.33,35
-85.31,35
-85.23,35.03
-85.22,35
-85.26,35.13
-85.16,35.11
-85.4,35.1
-85.15,35.03
-82.3,36.3
-82.38,36.3
-82.367,36.303
-82.46,36.39
-82.7,36.2
-82.38,36.53
-82.2,36.5
-82.1,36.5
-82,36.3
-82.7,36.2
-82.7,36.5
-82.1,36.4
-82.66,36.56
-82.4,36.1
-82.64,36.4
-82.6,36
-82.2,36.2
-82.5,36.3
-82.6,36.5
-82.48,36.46
-82.51,36.5
-82.57,36.58
-81.76,36.58
-82.6,36.3
-82.33,36.32
-81.8,36.5
-82.34,36.45
-82.1,36.2
-81.9,36.5
-82.56,36.24
-81.76,36.37
-82.31,36.19
-82.28,36.38
-83.98,35.8
-84.04,36.23
-83.35,36.33
-83.67,36.17
-84.3,36.2
-83,36.3
-83.12,36.11
-84.2,36.3
-83.9,36.5
-84.2,36.1
-84.4,36
-83.81,36.13
-83.2,35.8
-84.8,36
-83.7,36.55
-83.4,36
-84.9,36.2
-83,35.9
-84.05,36.51
-83.9,36.5
-83.03,36.52
-84.6,36.3
-84.701,36.365
-84.12,35.76
-83.5,35.7
-84.17,35.67
-82.8,36.1
-82.8,36.3
-84.5,35.9
-83.6,36.5
-83.08,35.83
-84,36.1
-84.53,36.41
-84.5,36.3
-84.16,36.31
-83.45,36.11
-84.14,36.54
-84.5,35.8
-83.62,35.97
-83,36.6
-84.1,36.4
-84.15,36.22
-84.7,36.1
-84.31,35.82
-84.2,35.8
-84.4,35.7
-84,35.8
-83.77,36.21
-84.1,35.7
-84,35.7
-83.89,35.8
-83.72,36.09
-83.8,36.3
-83.03,36.16
-83.11,36.17
-83.2,36.35
-83.3,36.2
-83.3,36.2
-83,36.2
-84.21,36.55
-83.6,36.1
-83.2,36
-83.7,36.4
-84.6,35.6
-84.076,36.191
-84.7,36
-84.3,36
-84.4,36.1
-84.6,36.5
-83,36
-84.4,36
-84.5,35.7
-84.3,36.4
-83.68,36.24
-84.05,36.07
-83.9,36.5
-84.6,36.4
-83.9,35.84
-84.7,35.9
-82.9,36.4
-83.18,36.25
-83.5,36.2
-83.6,35.8
-83.57,35.76
-83.8,35.9
-83.9,36.4
-83.3,36.5
-83.8,36.5
-83.69,36.05
-84.7,36.3
-82.9,36.5
-84.4,35.6
-83.5,35.9
-83.4,36.16
-84,35.6
-83.5,36.5
-84.7,35.7
-83.3,36.4
-83.8,35.6
-84.1,35.5
-83.8,35.7
-84.6,36.1
-83.6,36.3
-83.29,36.07
-83.1,36.3
-84.4,36.5
-83.92,35.96
-84.01,35.95
-83.99,36.01
-83.8,36
-83.9,35.97
-83.93,35.95
-83.91,36
-83.91,36.06
-84,35.91
-83.8,35.9
-83.99,35.98
-84.1,35.86
-84.09,35.93
-83.8,36.04
-84.13,35.98
-84.19,35.92
-84.18,35.87
-83.93,36.12
-89.2,35.8
-89.7,35.3
-89.78,35.43
-89.1,35.7
-89.438,36.163
-89,35.2
-89.7,35.5
-89.3,35.6
-89.82,35.55
-89.77,35.18
-89.6,35.1
-89.77,35.14
-89.6,35.5
-89.2,35.9
-90,35.5
-89.4,36
-89.6,35.2
-89.84,35.24
-89.6,36
-89.2,35.9
-89.621,35.321
-89.41,35.8
-89.18,35.07
-89.5,35.9
-89.7,35.6
-89.14,35.14
-88.8,35.2
-89.3,35.1
-89.54,36.03
-89.5,35.4
-89.2,35.8
-88.9,35.1
-89.9,35.4
-89.873,35.331
-89.3,35.1
-89.82,35.45
-89.3,36.1
-89.5,35.22
-88.8,35.1
-89.7,35.7
-89.5,35.1
-89,35.1
-89.4,35.3
-89.4,35.5
-89.4,36
-89.1,35.3
-89.42,35.13
-89.4752,36.3291
-89.5,36.4
-89.5,36.2
-90.07,35.17
-90,35.14
-90.03,35.15
-90.09,35.1
-90.02,35.18
-89.96,35.17
-90.2,35.1
-89.95,35.11
-89.98,35.15
-89.99,35.1
-89.86,35.06
-90.01,35.03
-89.9,35.11
-89.93,35.04
-89.84,35.08
-89.84,35.13
-89.92,35.16
-89.78,35.03
-90.04,35.13
-90.1,35.2
-89.93,35.22
-90,35.07
-89.79,35.21
-89.86,35.18
-89.84,35.24
-89.79,35.08
-89.77,35.08
-89.85,35.01
-89.9341,35.1245
-88.5,36.1
-88.67,35.99
-88.1,36.3
-88.2,36.4
-88.5,36.4
-88.7,36.3
-88.67,36.47
-88.6,36.2
-88.8,36.1
-88.42,36.22
-89.3,36.4
-89,36.2
-88.58,35.99
-88.3,36.2
-88.8,36.4
-89.3,36.2
-88.61,36.43
-88.4,36.3
-88.4,36.4
-89.1,36.3
-89.3,36.4
-88.9,36.2
-88.1,36.3
-88.9,36.4
-88.62,36.02
-89.18,36.21
-89.2,36.4
-89.1,36.4
-88.9,35.6
-88.8,35.7
-88.4,35.3
-88.1,35.4
-88.6,35.6
-88.6,35.3
-88.8,36.1
-88.27,36.05
-88.26,35.95
-88.1,36.1
-88.5,35.8
-88.28,35.06
-88.31,35.22
-88.21,35.67
-88.1,35.5
-89,36.1
-88.43,35.41
-87.98,36.1
-88.6,35.3
-89.02,35.77
-88.51,35.06
-88.7,35.4
-88.1,35.9
-88.29,36.09
-89,35.8
-88.5,36
-88.5,35.6
-88.5,35.47
-88.64,35.86
-88.4,35.7
-88.53,35.54
-88.76,35.8
-88.9,35.4
-88.42,35.07
-88.8,35.9
-88.38,35.38
-88.3,35.3
-88.79,35.72
-88.1,35.7
-88.28,35.07
-88.7,35.5
-88.6,35.1
-88.4,35.5
-89,36.1
-88.24,35.39
-88.29,35.43
-88.2,35.2
-88.2,35.5
-88.6,35.2
-88.34,35.13
-88.43,35.17
-88.02,35.8
-89,35.4
-89,36
-88.28,35.88
-88.3,35.8
-88.4,35.8
-88.99,35.55
-89,35.5
-87,35.7
-88,35.4
-86.8,35.1
-87.8,35.2
-87,35.5
-87.79,35.08
-86.8,35.12
-87.3,35.7
-86.9,35.1
-87.3,35.3
-87.29,35.03
-86.78,35.19
-87.16,35.1
-87.3,35.6
-87.5,35.5
-87.6,35.1
-87.4,35.3
-87.3,35.1
-87.43,35.08
-87.9,35.1
-87,35.4
-87.16,35.04
-87.2,35.5
-88,35.2
-87.22,35.85
-87,35.1
-87,35.2
-87.49,35.03
-87.1,35.8
-87.3,35.4
-87.8,35.3
-87.6,35.2
-87.24,35.72
-86.7,35.1
-85.5,36.2
-84.72,36.39
-85.504,36.177
-85.5,36.2
-85.4,36.5
-85.21,36.32
-85.16,36.4
-85.7,36.1
-85.67,36.22
-86.01,36.16
-85.79,36.16
-85.2,36.5
-85.4,36.5
-85.826,36.199
-85.01,36.21
-85.2,36.3
-85,35.9
-84.9,36.4
-84.87,36
-85.53,35.82
-85.86,36.23
-85.7,36.4
-86,36.2
-85.75,36.29
-85.01,36.27
-85.91,36.13
-85.5,36.4
-85.85,36.12
-85.3,36.4
-85,36
-85.1,35.8
-85.2,36.5
-85.2,36.1
-85.64,36.55
-84.9,36.6
-85.204,35.977
-85.54,35.83
-85.31,36.28
-85.6,35.7
-85.76,36.1
-85.5,35.9
-85.4,35.7
-85.6,35.9
-85.7,36.5
-85.08,36.3
-96.84,32.96
-96.61,33.08
-96.89,32.95
-96.9,33
-96.8,33.3
-96.9,33.03
-96.69,33.12
-96.98,32.96
-96.6,33.76
-96.47,33.74
-97.12,33.03
-96.73,33.05
-96.81,33.08
-96.73,33.1
-97.07,33.03
-96.4,32.9
-96.88,33.12
-96.77,33.16
-96.98,32.88
-96.95,32.88
-96.62,32.93
-96.65,32.88
-96.68,32.92
-96.59,32.86
-96.65,32.96
-96.58,32.97
-96.99,32.78
-96.99,32.73
-97.02,32.65
-97.04,32.6
-96.9,33.07
-96.98,33.05
-96.73,33.45
-96.95,32.79
-97.01,32.83
-96.96,32.85
-96.98,32.92
-97.03,33.12
-96.99,33.02
-96.95,33.15
-96.59,33.18
-96.72,33.16
-96.6,33.3
-96.67,33.04
-96.75,33.02
-96.7,33.8
-97.07,33.08
-96.82,33.26
-96.74,32.97
-96.72,32.95
-96.66,32.99
-96.44,32.94
-96.55,32.89
-96.55,32.94
-96.5,33.6
-96.7,33.6
-96.81,33.04
-96.62,33.01
-96.52,33.02
-96.6,32.3
-96.6,32.1
-95.9,32.5
-96.96,32.59
-96.3,32.3
-96.3,32.1
-96.5,32.1
-96.4,32.6
-96.87,32.61
-96.92,32.66
-95.9,32.7
-96.6,32.4
-96,32.3
-96.6,32.5
-96.4,32.7
-95.8,32.66
-96.3,32.9
-96.76,32.63
-96.2,33.1
-96.91,32.63
-95.7,32.7
-96.7,32.64
-96.3,32.6
-96.3,32.4
-96.2,32.1
-96.74,32.57
-96,32.4
-96,32.1
-96.62,32.77
-96.63,32.82
-96.67,32.43
-96.36,32.17
-96.8,32.5
-96.49,32.22
-96.1,32.28
-96.44,32.46
-96.4,32.5
-96.6,32.6
-96.3,32.8
-96.2,32.7
-96.1,32.2
-96.312,33.072
-96.8,32.4
-96.45,33.02
-96.9,32.4
-96,32.7
-96.67,32.61
-96.38,33.06
-96.61,32.72
-96.55,32.74
-96.56,32.79
-96.3,32.9
-96.8,32.79
-96.8,32.78
-96.79,32.74
-96.79,32.8
-96.79,32.83
-96.77,32.83
-96.82,32.78
-96.84,32.75
-96.83,32.84
-96.74,32.76
-96.92,32.74
-96.87,32.78
-96.74,32.83
-96.77,32.75
-96.77,32.71
-96.68,32.7
-96.7,32.84
-96.82,32.81
-96.87,32.86
-96.75,32.79
-96.84,32.71
-96.79,32.87
-96.78,32.78
-96.69,32.77
-96.68,32.83
-96.89,32.9
-96.79,32.9
-96.75,32.88
-96.84,32.66
-96.87,32.71
-96.9,32.92
-96.85,32.83
-96.94,32.69
-96.87,32.66
-96.71,32.88
-96.79,32.93
-96.76,32.67
-96.74,32.91
-96.84,32.93
-96.773,32.793
-96.88,32.83
-96.8,32.97
-96.97,32.64
-96.773,32.917
-96.79,33
-96.61,32.67
-96.8,32.95
-96.84,33
-96.1,33.2
-96.1,33.1
-96.5,33.1
-96.5,33.3
-95.6,32.8
-95.6,33.9
-95.2,33.8
-96.165,33.433
-96.5,33.6
-95.75,33.47
-95.4,33.7
-95.1,33.5
-96.2,33.6
-95.73,33.05
-95.72,33.63
-95.9,33.1
-96.2,33.3
-96.39,33.31
-95,33.7
-95.9,33.3
-95.5,33
-95.5,33.4
-95.8,33.1
-95.35,33.48
-95.2,33.7
-95.5,33.3
-96.09,33.6
-96.27,33.55
-95.8,32.9
-95.5,33.4
-96.3,33.2
-95.9,33.6
-96.11,33.7
-95.8,33.32
-96,33.4
-95.63,33.45
-95.12,32.96
-96.2,33.4
-95.9,33
-96.56,33.28
-95,33.2
-95.2,33.2
-96.7,33.5
-95.6,33.6
-95.5,33.6
-95.4,33.5
-95.82,33.41
-95.81,33.6
-95.4,33
-95.9,32.9
-95.5,33.8
-96.1,32.9
-96.24,33.48
-96.2,33.7
-95.8,33.5
-95.4,33.2
-96.3,33.6
-95.19,33.02
-95.39,33.31
-95.6,33.2
-95.7,33.7
-95.2,33.3
-96,33.8
-96.484,33.519
-96.32,33.44
-96.4,33.5
-96,33.6
-95.11,33.16
-95.3,32.9
-96.6,33.4
-96.1,33.4
-95.6,32.9
-94.2,33.4
-94.14,33.52
-94.9,33.5
-94.2,33.1
-94.8,33.6
-94.2,33
-94.08,33.13
-94.9,33.3
-94.6,33.5
-94.4,33.2
-94.28,33.51
-94.4,33
-94.4,33
-94.2,33
-94.49,33.15
-94.3,33.3
-94.6,33.2
-94.13,33.44
-94.4,33.5
-94.7,33.2
-94.1,33.2
-94.4,33.4
-94.5,33.3
-94.71,32.5
-94.67,32.45
-94.7,32.4
-94.84,32.52
-94.7,32.6
-94.6,32.9
-94.5,32.3
-94.3,32.1
-94.7,33
-94.2,32.3
-94.7,32.7
-94.58,32.38
-94.3,32.5
-94.3,32
-95,32.8
-94.9,32.7
-95,32.5
-94.6,32.5
-94.53,32.67
-94.7,32.3
-94.8,32.1
-94.6,33
-94.4,32.8
-94.2,32.6
-94.9,32.4
-94.8,32
-94.7,32.92
-94.5,32
-94.4,32.5
-94.3,32.5
-94.7,32
-94.9,32.3
-94.7,32.8
-94.9,32.3
-94.9,33
-94.6,32.3
-94.1,32.5
-94.86,32.54
-95.29,32.32
-95.31,32.37
-95.3,32.2
-95.4,32.4
-95.1,32.3
-95.3,32.5
-95.2,32.3
-95.21,32.42
-95.4,32.3
-95.06,32.27
-95.9,32.1
-95.8,32.2
-95.7,32.4
-95.1,32.6
-95.6,32.3
-95.3,32.1
-95.5,32.3
-95.42,32.04
-94.9,31.8
-95.39,32.23
-95.5,32
-95.145,31.923
-95.2,32.6
-95.2,31.9
-95.6,32.1
-95.4,32.5
-95.4,32.7
-95.72,32.3
-95.6,31.8
-95.096,31.985
-95.4,32.8
-94.97,31.89
-95.2,31.8
-94.919,31.825
-95.1,32.1
-95.66,32.55
-95.22,32.22
-95.1,32.5
-95.6,31.7
-95.7,31.9
-96,31.4
-95.9,31.9
-95.9,31.3
-95.5,31.3
-96.25,31.48
-95.6,31.6
-96,31.8
-95.4,31.6
-95.1,31.1
-96.2,31.4
-95.1,31.4
-96.4,31.8
-95.47,31.37
-95.9,31.1
-95.5,31.1
-95.8,31
-95.8,31.9
-95.9,31.5
-95.21,31.19
-95.137,31.392
-96.3,31.9
-96.2,31.6
-95.9,31.9
-95.4,31
-94.6,31.3
-94.8,31.4
-95.1,31.6
-95,31.3
-93.7,30.7
-94.2,31.2
-94,31.3
-93.98,31.11
-93.6,31
-93.8,30.5
-94.738,30.912
-94.2,31.8
-94.6,30.9
-94.4,31.5
-94.4,30.9
-94.8,31
-94.8,31.2
-94.426,30.825
-94.9,31.7
-94.39,31.34
-94.5,31.8
-93.8,31.3
-94.6,31.2
-94.2,30.9
-94.1,31.9
-94,30.7
-93.9,31.5
-94.8,30.9
-94.5,31.6
-94.647,31.62
-94.8,31.6
-94.6,31.7
-93.7,30.8
-94,31.2
-94.9,31.4
-94.1,31.5
-94,31.7
-94.2,31.9
-94.4,31.9
-94.94,31.49
-93.8,31
-94.53,31.47
-94.4,30.8
-94.3,31.1
-97.15,32.63
-97.09,32.62
-97.1,32.78
-97.6,32.7
-97.2,32.4
-97.08,32.72
-97.08,32.76
-97.15,32.76
-97.16,32.72
-97.09,32.69
-97.13,32.69
-97.19,32.69
-97.17,32.66
-97.09,32.66
-97.6,32.9
-97.13,32.85
-97.14,32.83
-97.61,33.06
-97.3,32.5
-97.3,32.4
-97.5,32.3
-97.14,32.89
-97.65,32.57
-97.41,32.58
-97.09,32.86
-97.1,32.81
-96.85,32.24
-97.8,32.2
-97.5,32.4
-97.8,32.4
-97.7,32.5
-97.2,32.3
-97.07,32.94
-97.39,32.98
-97.17,32.82
-97.18,32.86
-97.1,32.2
-97.41,32.48
-97.32,32.39
-97.21,32.64
-97.1881,32.5031
-97.13,32.57
-97.02,32.28
-97,32.5
-98,32.7
-98.2,32.8
-97.66,32.24
-97.48,33.01
-97.7,33.1
-97.7,32.28
-97.5,33.1
-97.7,33
-97.1,32.4
-97.7,32.8
-97.79,32.76
-97.8,32.7
-97.9,32.9
-97.15,32.96
-97.4,32.23
-97.33,32.76
-97.27,32.75
-97.32,32.73
-97.27,32.72
-97.36,32.81
-97.38,32.74
-97.51,32.78
-97.39,32.7
-97.34,32.71
-97.3,32.78
-97.23,32.75
-97.39,32.78
-97.33,32.68
-97.46,32.72
-97.26,32.8
-97.19,32.8
-97.26,32.7
-97.17,32.76
-97.39,32.62
-97.5,32.6
-97.42,32.78
-97.363,32.709
-97.35,32.88
-97.42,32.66
-97.38,32.66
-97.33,32.64
-97.47,32.84
-97.29,32.85
-97.27,32.62
-97.25,32.87
-97.05,32.81
-97.36,32.78
-97.29,32.97
-97.4,32.9
-97.22,32.84
-97.21,32.89
-97.15,33.22
-97.13,33.19
-97.2,33.2
-97.07,33.21
-97.11,33.23
-97.1,33.15
-97.7,33.4
-97.17,33.12
-97,33.3
-98,33.6
-98,33.6
-96.9,33.5
-97.5,33.3
-97.3,33.5
-97.6,33.5
-97.2,33.7
-97.28,32.93
-96.86,33.82
-97.3,33.1
-97.22,32.93
-97.3,33.3
-97.26,33.63
-97.7,33.7
-97.4,33.7
-97.3126,33.6244
-97.7,33.8
-96.9,33.4
-97.3,33.21
-98,33.8
-97.23,33.01
-97.4,33.49
-96.82,33.74
-97.6,33.7
-97.2,33.4
-96.9,33.8
-97.8,33.5
-96.9,33.5
-97.1,33.5
-96.9,33.8
-98.48,33.91
-98.47,33.87
-98.4,34
-98.52,33.95
-98.55,33.86
-98.54,33.9
-98.5,33.8
-98.51,33.97
-98.65,33.6
-98.61,34.1
-98.2,34.1
-99,34
-99.5,33.5
-99,34.1
-98.2,33.7
-98.7,33.6
-98.7,34
-98.931,33.454
-99.6,33.5
-98.9,33.2
-99.2,34.1
-98.7,33.3
-98.27,34.04
-98.52,33.64
-99.3,33.6
-99.3,34.1
-99.6,33.3
-98.5,33.5
-98.1,32.3
-98.224,32.216
-98.9,32.8
-97.8,33.2
-98.4,33.1
-98.7,32.7
-99.3,32.8
-97.9,33.3
-98.8,31.8
-98,32.3
-98.8,32.2
-98.23,31.87
-99,32.4
-98.6,31.9
-99.2,32.1
-98.6,32.1
-98.6,32.4
-98.3,32.1
-98.8,32.4
-98.3,32.9
-98.7,33.1
-98.37,31.77
-98.3,32.6
-98.7,32.2
-98.4,31.8
-98,32
-98.2,33.2
-98.4,33.3
-98.5,33.3
-98.1,32.5
-98.4,32.4
-99.2,32.6
-98.8,32.4
-99.2,32.39
-98.7,32.5
-99,32.1
-98.2,32.6
-98.78,31.98
-98.5,32.6
-97.9,32.4
-98.668,33.006
-99.3,33.2
-98.3,32.7
-98,33
-97.9,33
-98.02,32.957
-99.1,33.1
-97.2,31.1
-97.4,31.1
-97.38,31.13
-97.4,30.8
-97.6,31.1
-97.1,30.9
-97,31
-96.9,30.9
-98,31.2
-97.28,30.81
-97.21,31.28
-98.1,31.5
-97.8,30.8
-97.8,31.4
-97.4,30.7
-98.2,31.7
-97.4,30.9
-97.6,30.82
-97.9,31.6
-98,31.1
-97.73,31.11
-97.7,31
-97.67,31.12
-97.7,31.2
-97.65,31.06
-97.8,31
-98.2,31.1
-97.37,30.98
-96.8,30.7
-97.4,31.3
-97.61,31.08
-97.6,31.4
-98.34,31.65
-97.98,31.5
-97,30.6
-97.2,30.9
-97,31.1
-97.6,30.9
-97.4,30.8
-97.4,30.6
-97.2,30.6
-97.2,30.5
-97.2,31.2
-97.7,31.4
-97.7,31.4
-97.7,31.4
-97.7,31.4
-97.1,31.9
-97.26,31.83
-96.8,32.3
-96.95,31.67
-96.72,32.1
-97.4,32.1
-96.91,32.02
-96.7,31.2
-97.21,31.34
-96.95,32
-97.05,31.3
-97.3,31.7
-97.6,31.8
-96.7,31.7
-97.28,32.17
-97.76,31.8
-97.4,31.6
-96.6,31.9
-97.07,31.69
-96.8,32
-96.5,31.5
-97.19,31.45
-97.1,32
-96.8,31.9
-97.9,32
-96.91,32.02
-96.9,32.2
-97.6,32.1
-96.6,31.3
-97.07,31.68
-97.2,31.4
-97.1,31.2
-97.4,31.4
-96.92,31.93
-96.8,31.3
-96.8,31.5
-97.7,31.9
-96.91,32.03
-96.5,31.7
-97,32.1
-97.6,32
-96.9,31.7
-96.95,31.87
-96.77,31.64
-96.6,31.9
-96.83,31.18
-96.4,31.9
-96.9,31.5
-97.032,31.347
-96.54,31.74
-96.5,31.4
-97.5,31.7
-97.8,32.1
-97.1,31.8
-97.4,32
-96.41,31.78
-97.14,31.55
-97.11,31.57
-97.1,31.6
-97.1,31.5
-97.16,31.56
-97.21,31.62
-97.19,31.54
-97.15,31.52
-97.24,31.53
-97.21,31.62
-99,31.7
-98.9,31.7
-99,30.8
-99.9,31.7
-99.2,31.7
-98.8,31.1
-99.3,31.1
-99.1,31.5
-99.29,32
-98.94,30.74
-98.8,31
-99.4,31.8
-99.57,31.47
-99.9,31.2
-100.04,30.88
-99.1,30.9
-98.5,31.4
-99.5,31.5
-99.52,30.87
-99.7,30.4
-99.4,31.4
-98.4,31.2
-99.6,30.6
-99.3,30.7
-98.9,32
-99.6,31.2
-99.8,30.9
-100.2,31.6
-99.7,31.4
-98.7,31.5
-100.1,31.9
-99.9,31.4
-98.9,30.9
-98.53,31.62
-99,31.3
-99.2,31.3
-99.39,31.49
-100.1,30.4
-100,31.6
-98.8,31.2
-99.3,31.7
-99.7,31.8
-99.59,31.69
-98.8,30.87
-99.16,31
-99.6,31.6
-98.8,31.7
-100.6,31.6
-100.43,31.47
-100.5,31.3
-100.3,31.5
-100.41,31.43
-101.2,31.2
-101.5,31.4
-100.3,31.9
-100.9,31.6
-100.4,31.1
-100.5,30.9
-100.15,31.38
-100.5,31.3
-100.13,31.44
-101,31.3
-101.6,30.7
-100.6,31.9
-100.75,32.03
-100.5,30.5
-101,31.8
-100.3,31.9
-100.08,31.3
-100.29,31.38
-100.73,31.67
-95.37,29.75
-95.35,29.75
-95.38,29.72
-95.42,29.72
-95.39,29.74
-95.41,29.77
-95.42,29.8
-95.37,29.79
-95.36,29.754
-95.3,29.74
-95.27,29.72
-95.24,29.8
-95.46,29.99
-95.16,29.77
-95.3,29.86
-95.26,29.68
-95.43,29.83
-95.41,29.75
-95.32,29.77
-95.36,29.7
-95.38,29.83
-95.31,29.72
-95.5,29.77
-95.43,29.68
-95.32,29.8
-95.45,29.74
-95.29,29.83
-95.25,29.76
-95.41,29.71
-95.55,29.66
-95.34,29.97
-95.34,29.67
-95.2,29.62
-95.48,29.65
-95.53,29.69
-95.39,29.9
-95.45,29.92
-95.34,29.91
-95.54,29.87
-95.57,29.87
-95.56,29.74
-95.58,29.81
-95.17,29.9
-95.43,29.64
-95.435,29.732
-95.38,29.61
-95.33,29.62
-95.15,29.84
-95.27,29.9
-95.37,29.66
-95.46,29.58
-95.41,29.68
-95.5,29.8
-95.47,29.75
-95.49,29.75
-95.1,29.56
-95.12,29.61
-95.4,29.93
-95.28,29.65
-95.14,29.57
-95.52,29.74
-95.54,29.93
-95.61,29.92
-95.5,29.96
-95.45,29.95
-95.49,30.01
-95.52,29.99
-95.58,29.98
-95.52,29.65
-95.59,29.69
-95.4,30
-95.53,29.69
-95.26,29.62
-95.38,29.85
-95.63,29.75
-95.26,29.85
-95.6,29.79
-95.52,29.81
-95.48,29.71
-95.64,29.74
-95.65,29.69
-95.66,29.83
-95.49,29.62
-95.49,29.92
-95.3,29.69
-95.45,29.88
-95.22,29.59
-95.45,30
-95.44,29.86
-95.47,29.83
-95.34,29.86
-95.69,29.76
-95.64,29.91
-95.48,29.67
-95.42,29.73
-95.59,29.67
-95.43,30.3
-95.36,30.23
-95.4,30.4
-95.52,30.33
-95.31,30.27
-95.7,30.3
-95.54,30.44
-95.5,30.8
-94.8,30.7
-94.9,30.3
-95.2,30.4
-95.2,30.6
-95.6,30.8
-94.95,30.6
-95.1,30.06
-95.29,30.01
-95.22,30.05
-95.6,30.6
-95.6,30.7
-95.16,30.06
-95.18,29.98
-94.8,30.7
-94.8,30.7
-95.7,30.2
-95.75,30.16
-95.7,30.4
-95.2,30.2
-95.4,30.6
-95.3,30.8
-95.12,30.85
-95.66,30.16
-95.9,30.3
-95.23,30.77
-95.27,30.11
-95.6,30.8
-94.9,30.3
-94.9,30.3
-95,30.5
-95.17,30.25
-95.37,30.07
-94.64,30.41
-95.59,30.09
-94.67,30.43
-95.68,30.06
-95.4,30.5
-95.53,30.04
-95.47,30.14
-95.5,30.18
-95.54,30.2
-95.5,30.23
-95.4,30.18
-95.36,30.09
-95.47,30.05
-95.49,30.13
-95.25,29.94
-95.47,29.71
-95.8,29.6
-95.73,29.66
-96.47,29.58
-95.9,28.9
-95.8,28.9
-95.98,29.48
-96.3,30
-96.25,28.9
-95.9,29.2
-95.6,29
-96,29.8
-96.2,30.1
-96.1,28.7
-95.66,29.98
-95.7,29.3
-96.16,29.04
-95.74,29.96
-96.3,29.6
-96.1,29.5
-96.238,29.404
-96.3,29.2
-96.08,28.84
-95.9,29.7
-96.5,29.4
-96.194,29.347
-95.79,29.3
-96.1,30.1
-95.9,30.1
-95.8,30.1
-96.079,29.397
-95.73,29.83
-95.74,29.74
-96.006,29.445
-96.1,29.3
-96.223,29.55
-96.4,29.1
-96.06,28.96
-95.97,28.65
-96.213,28.94
-95.52,29.53
-96.5,29.4
-95.8,29.4
-96.03,29.52
-96.2,28.6
-95.993,29.824
-96.2,29.2
-95.85,29.18
-95.7,29.5
-96.575,29.53
-95.9,29.5
-96.2,29.8
-96.2,29.8
-96.675,29.493
-95.9779,29.6804
-95.56,29.63
-95.61,29.62
-95.64,29.56
-95.7,29.1
-95.7,29.5
-95.9,29.1
-95.94,28.84
-95.9,30.1
-96,29.6
-95.7,29.1
-96.1,29.3
-95.51,29.61
-95.84,29.85
-95.84,29.74
-95.65,29.64
-95.2,29.68
-95.16,29.71
-95.19,29.65
-95.14,29.65
-95.21,29.71
-95.09,29.34
-95.2,29.3
-94.6,29.7
-95.4,29.2
-95.14,29.36
-94.98,29.51
-94.6,30.2
-95,29.75
-94.97,29.82
-94.9,29.8
-95.11,29.78
-95.39,29.06
-95,29.9
-94.64,30.11
-95.29,29.22
-94.9,30.1
-95.12,29.71
-94.5,30
-95,29.5
-95.3,29
-95.47,29.54
-95.19,29.52
-95.23,29.74
-94.77,29.31
-94.84,29.28
-95,29.2
-94.629,29.861
-94.7,30.1
-95.05,29.83
-95,29.3
-94.7,30.2
-95.03,29.53
-95.48,29.05
-95,29.4
-95.04,29.69
-95.09,29.5
-94.7,30.1
-95.27,29.27
-95.37,29.47
-94.9,29.7
-95.28,29.56
-95.4,29.4
-95.35,29.54
-94.6,30.3
-95.03,29.58
-95.23,29.66
-94.89,29.4
-95,29.41
-94.66,29.85
-95.14,29.55
-93.9,30
-94,30.5
-94.343,30.054
-93.84,30.35
-94,30.4
-94.2,30.6
-94.44,29.55
-93.92,29.95
-94.29,29.85
-94.43,29.56
-94.29,30.66
-94.4,30.4
-94,29.98
-94.43,30.02
-93.9,30.1
-93.8,30.2
-94.1,29.8
-93.93,29.9
-94.6,29.4
-93.96,29.98
-93.894,29.734
-94.2,30.3
-94.2,30.23
-94.4,30.2
-94.16,30.64
-94.3833,29.7872
-94,30.2
-94.398,30.495
-94.4,30.6
-94.3,29.8
-94.07,30.05
-94.13,30.09
-94.11,30.13
-94.2,29.9
-94.17,30.1
-94.17,30.05
-94.16,30.15
-94.3,30.1
-96.36,30.64
-96.32,30.66
-96.39,30.68
-96.5,30.7
-96.4,30.8
-96,30.5
-95.9,30.7
-96.4,30.2
-96.6,30.2
-96.7,30.5
-96.7,31
-96.32,30.61
-96.3,30.5
-96.8,30.4
-96.1,31.1
-96.4,31.1
-96.7,30.8
-96.4,30.8
-96.1,30.7
-95.9,31
-96.2,31.2
-96.6,30.8
-96.1,30.4
-96.1,31.1
-96.1,30.9
-95.8,30.6
-96,30.6
-96.5,30.4
-96.5,30.4
-96.2,30.3
-96.98,28.81
-97,28.9
-97,28.7
-96.843,28.392
-96.9,28.64
-97.3,29.1
-96.7,29
-97.5,28.7
-96.35,28.86
-96.5,29.1
-97.5,28.6
-96.8,29.4
-96.8,28.9
-96.673,28.796
-96.46,28.85
-96.5,28.8
-97.013,28.554
-97.29,28.9
-97.1,29.56
-97,28.9
-96.828,28.691
-96.553,28.683
-96.7,28.6
-96.43,28.44
-96.6,28.4
-97.2,29.5
-97.1,29.2
-96.886,28.849
-96.9,28.4
-96.616,28.822
-97.5,28.7
-97.5,29.16
-97.1,29.2
-99.1,28.3
-98.74,29.28
-99.2,29.8
-98.53,29.86
-98.9,28.9
-98.7,29.9
-98.4,28.4
-98.3,28.7
-98.89,29.36
-99.1,29.9
-98.7,28.8
-98.4,28.7
-98.9,30
-99.1,28.3
-98.6,29.7
-99,29.2
-99.2,28.7
-99.3,28.2
-98.9,28.4
-98.2,28.3
-98.8,29.6
-99.5,30
-99.29,30.08
-98.5,28.8
-98.5,30
-99.2,30.1
-98.82,29.32
-99.5,27.51
-99.5,27.8
-99.3,27.4
-99.502,27.531
-99.6,27.8
-99.5,27.4
-98.486,29.072
-98.78,29.19
-99.4,29.8
-98.9,29.5
-99,29
-99.5,30.1
-98.8,29.2
-98.1,28.5
-99.1,28.9
-98.9,29.7
-98.4,29
-98.6,29.1
-98.88,29.47
-99.44,27.044
-98.68,29.19
-98.4,29.9
-98.1,28.5
-98.6,28.4
-98.63,29.24
-98.24,28.64
-99.2,26.9
-98.24,29.35
-97.7,28.4
-97.7,28.4
-97.5,28.7
-98.22,29.57
-98.28,29.48
-98.4,29.2
-98.1,28.9
-98.2,29.1
-97.8,29.1
-97.93,28.96
-98,28.9
-97.9,28.7
-98.1,29.4
-97.73,29.45
-98.05,29.6
-98.1,29.5
-97.7,28.4
-98.1,29.7
-98.2,29.8
-98.2,29.9
-97.7,29.3
-97.6,28.9
-97.784,28.528
-97.9,29.2
-97.899,28.958
-98.001,28.651
-97.81,28.62
-98.08,29.08
-98.3,29.55
-98.28,29.53
-97.7,28.9
-98.2,29.42
-98.27,29.56
-97.9,29.6
-97.6,29.2
-97.9,29.2
-98.07,29.26
-97.795,28.57
-98.5,29.8
-97.5,29
-98.53,29.48
-98.46,29.43
-98.46,29.41
-98.51,29.41
-98.49,29.43
-98.52,29.42
-98.46,29.44
-98.46,29.49
-98.46,29.4
-98.57,29.34
-98.49,29.46
-98.53,29.52
-98.48,29.33
-98.48,29.44
-98.48,29.53
-98.43,29.55
-98.4,29.49
-98.38,29.45
-98.39,29.41
-98.47,29.29
-98.39,29.37
-98.4,29.3
-98.54,29.31
-98.53,29.38
-98.56,29.38
-98.64,29.39
-98.57,29.46
-98.57,29.51
-98.56,29.54
-98.55,29.57
-98.48,29.58
-98.37,29.56
-98.44,29.46
-98.44,29.34
-98.61,29.38
-98.57,29.42
-98.61,29.47
-98.36,29.52
-98.61,29.52
-98.6,29.35
-98.597,29.371
-98.34,29.48
-98.72,29.41
-98.41,29.57
-98.53,29.59
-98.62,29.57
-98.67,29.5
-98.67,29.46
-98.71,29.34
-98.8,29.47
-98.72,29.54
-98.67,29.64
-98.62,29.63
-98.58,29.64
-98.51,29.65
-98.41,29.63
-98.52,29.69
-98.4,29.68
-98.31,29.35
-98.5,29.21
-98.32,29.66
-97.909,27.782
-98.1,27.7
-97.149,27.904
-97.1,27.9
-97.6,26.9
-97.801,27.806
-97.21,28.11
-98.41,27.6
-98.1,27.7
-97.7,27.7
-98.9,27.5
-98.3,27.5
-97.76,27.67
-97.674,27.976
-98.2,27
-98.2,27.2
-98.6,27.8
-97.041,28.065
-97.3,27.92
-98.9,27
-97.21,27.87
-97.7,27.5
-97.9,28.1
-99.1,27.4
-97.6,28
-99,27.5
-98.1,28
-97.2,27.8
-97.31,27.91
-98.1,27.4
-98.6,27.4
-97.2,28.3
-97.9,27.3
-97.7,27.8
-96.8,28.1
-98,28.1
-98.4,27.8
-97.8,27.1
-97.6,28.1
-97.7,28.2
-97.3,28
-97.75,28.17
-97.4,28.2
-97.4,27.8
-97.47,27.84
-97.4,27.77
-97.45,27.77
-97.52,27.77
-97.44,27.81
-97.45,27.8
-97.51,27.81
-97.6,27.84
-97.39,27.73
-97.35,27.72
-97.4,27.68
-97.37,27.63
-97.5,27.7
-97.44,27.75
-97.47,27.73
-97.3,27.5
-97.27,27.69
-98.24,26.22
-98.25,26.15
-98.23,26.28
-98.12,26.18
-97.5,26
-97.3,26
-97.46,25.98
-97.731,26.248
-98.44,26.68
-98.1,26.2
-98,26.4
-98.18,26.28
-98.3,26.5
-98.1,26.4
-97.986,26.29
-99.124,26.561
-98.65,26.27
-98.013,26.443
-97.7,26.2
-97.8,26.2
-98.25,26.1
-98.031,26.297
-97.82,26.13
-98.51,26.25
-97.8,26.5
-97.929,26.297
-98.2,26.7
-99.11,26.712
-98.562,26.246
-97.4,26.2
-97.746,26.051
-97.6,26.4
-97.9,26.2
-98.4,26.2
-98.3,26.3
-98.4,26.3
-97.55,26.03
-98.5,26.3
-98.2,26.2
-97.3,26.1
-97.959,26.094
-97.7,26.5
-98.7,26.5
-97.5,26.3
-99,26.6
-99.112,26.517
-97.6,26.1
-98.43,26.71
-98.14,26.17
-97.5,26.4
-98.5,26.7
-97.848,26.079
-97.81,26.26
-97.7,26.4
-98.53,26.3
-98,26.2
-97.2,26.2
-97.426,26.554
-97.3,30.1
-98,30.7
-98.4,30.1
-98.43,30.83
-97.93,30.94
-98.46,30.77
-97.8,30.1
-98.3,30.8
-97.5,30.1
-97.82,30.5
-97.61,29.41
-97.4,30.5
-97.6,29.9
-97.58,30.15
-99.2,30.4
-98.04,30.1
-98.1,30.2
-97.4,30.3
-97.8,29.8
-98.23,29.97
-98.9,30.3
-97.6,30.7
-97.8,30.6
-97.5,29.4
-99.2,30.3
-97.5,29.7
-97.8,30.7
-97.55,30.55
-98.54,30.22
-98.4,30.3
-97.8,29.7
-98.45,30.68
-97.8,30
-97.9,30.5
-97.9,30.7
-98.7,30.7
-97.7,29.9
-97.95,30.44
-97.6,29.7
-97.2,30.3
-97.86,30.13
-97.5,30.3
-98.2,30.6
-97.84,29.8
-97.81,29.9
-98.37,30.53
-97.1,30.2
-97.6,30.43
-97.755,29.726
-97.43,29.94
-98.4,30.4
-97.64,30.5
-97.65,30.54
-98,29.9
-98.1,30.4
-97.833,29.782
-98.62,30.21
-98.49,30.87
-98.7,30.5
-98.1,30
-97.59,29.34
-97.72,30.53
-97.74,30.27
-97.71,30.26
-97.77,30.29
-97.75,30.24
-97.74,30.29
-97.734,30.286
-97.77,30.49
-97.67,30.15
-97.68,30.27
-97.72,30.29
-97.69,30.3
-97.61,30.29
-97.62,30.25
-97.84,30.43
-97.72,30.43
-97.69,30.45
-97.76,30.45
-97.84,30.37
-97.77,30.35
-97.89,30.38
-97.87,30.32
-97.96,30.38
-97.87,30.27
-97.89,30.24
-97.99,30.2
-97.98,30.31
-97.89,30.17
-97.72,30.23
-97.66,30.24
-97.74,30.18
-97.8,30.21
-97.81,30.3
-97.75,30.12
-97.82,30.16
-97.86,30.21
-97.8,30.41
-97.72,30.31
-97.7,30.34
-97.67,30.38
-97.64,30.37
-97.74,30.32
-97.73,30.35
-97.71,30.38
-97.75,30.4
-99.8,29.4
-99.8,29.4
-99.6,28.4
-100.1,29.8
-99.8,28.9
-99.6,28.5
-100.5,29.4
-100,29.7
-99.9,28.4
-99.56,28.36
-101.4,29.9
-99.74,29.56
-99.9,28.8
-100.9,29.8
-100.78,29.36
-99.3,29.4
-102.1,30.2
-100.3,28.6
-100.3,28.6
-99.2,29.4
-99.6,29.3
-101.562,29.807
-99.84,28.94
-99.8,29.8
-100.4,29
-99.68,29.68
-100.2,30
-99.6,29.3
-99.35,29.67
-99.6,29.5
-99.5,29.8
-99.13,29.14
-96.44,30.03
-96.7,30.17
-96.4,29.8
-96.6,29.7
-96.4,29.7
-96.7,29.85
-96.7,29.9
-97.1,29.8
-96.9,30.2
-96.6,29.7
-96.5,30
-96.9,29.9
-96.8,30.2
-97.1,30.4
-97,30.3
-97.1,29.8
-96.5,29.9
-96.832,29.601
-97.3,29.9
-96.7,30
-96.9,29.7
-97.2,30
-97.3,29.7
-96.7,29.6
-97.03,29.92
-102.8,35.3
-100.1,35.61
-100.5,36.4
-101.3,35.8
-102.9,34.5
-102.5,35.4
-100.2,35.6
-102.062,35.189
-102,36.05
-100.3,35.9
-101.9,34.9
-101.914,34.984
-102.3,35.8
-101.4,35
-102,34
-102.6,36.1
-100.326,36.445
-102.6,35
-102.3,34.5
-102,35.8
-102.5,34.2
-101.91,34.28
-100.968,36.319
-100.2,36.4
-102.8,34.6
-101.57,35.68
-101.2,35.3
-101.5,36.3
-101.9,34.1
-101.8,34.8
-102.2,34.4
-102.4,35.9
-102.6,34.9
-100.1,36.2
-102.23,36.45
-101.7,34.4
-102.609,34.387
-100.805,35.439
-100.2,36.22
-100.6,35.3
-101.9,35.7
-100.8,35.8
-100.4,35.5
-101.5,36.08
-102.2,34.5
-102.2,34.2
-100.8,35.6
-101.4,35.4
-100.8,36.3
-101.8,34.1
-101.52,35.71
-100.3,35.2
-101.2,35.6
-101.3,36.3
-102.3,34.2
-101.4,35.9
-101.9,36.3
-102.5,34.7
-101.8,35.8
-102.9,36.3
-101.7,34.6
-101.9,34.9
-102.6,35.4
-101.045,36.283
-101.51,34.78
-100.3,35
-100.3,35.5
-101.2,35.4
-102.2,35.1
-101.84,35.2
-101.85,35.2
-101.81,35.17
-101.79,35.2
-101.84,35.21
-101.89,35.21
-101.8,35.23
-101.9,35.4
-101.88,35.16
-101.87,35.15
-101.69,35.22
-101.8,35.1
-102,35.1
-101.93,35.17
-102,35.3
-100.4,34.5
-100.7,33.8
-99.5,34.2
-100.8,35
-99.8,33.9
-100.8,33.6
-100.1,34.7
-101.08,33.92
-100.441,34.548
-100.99,34.17
-101.3,33.9
-100.3,33.9
-100.7,34.9
-100.8,34.7
-100.76,34.89
-101.3,34.2
-101,33.7
-100.8,34.1
-100.5,34.6
-99.42,34.35
-100.3,33.8
-101.6,33.9
-100.4,35
-99.9,34.3
-101.1,34.5
-100.8,33.9
-101.3,34.5
-101.309,34.227
-100.4,34.36
-100.8,34.5
-101.9,33.9
-102.5,34
-102.2,33.8
-103.018,33.62
-102.3,33.1
-101.2,33.6
-102.8,33
-102.7,33.9
-102.9,34.4
-102.32,34.08
-101.7,33.7
-101.2,33.1
-101.9,32.7
-102.4,33.6
-102.3,33.9
-102.3,32.9
-101.6,33.6
-102.9,33.9
-102.3,33.3
-102.8,33.6
-102.8,34.2
-101.8,33.7
-101.8,32.9
-102.58,33.79
-102.8,33.2
-101.3,33.2
-101.4,33.6
-102.2,33.4
-102.5,32.8
-102.6,32.7
-102.1,33.7
-101.7,33.5
-101.69,33.53
-102.3,33.6
-102.3,33.9
-100.8,33.4
-102.6,34.1
-102.49,33.46
-101.8,33.2
-102.5,33.3
-102.16,32.9
-102.3,33.1
-102.7,33.5
-102.3,33.6
-101.7,33.3
-102.02,33.46
-101.85,33.59
-101.7,33.7
-101.77,33.52
-101.9,33.7
-102.1,33.6
-101.89,33.57
-101.86,33.57
-101.86,33.55
-101.88,33.56
-101.92,33.55
-101.9,33.7
-101.97,33.61
-101.9,33.4
-101.94,33.47
-99.9,32.8
-100.2,33.2
-99.7,32.9
-99.3,32.4
-99.78,33.61
-100.4,32.1
-99.81,32.28
-99.5,32.3
-101.3,32.5
-100.9,32.3
-101.2,32.9
-100.8,33.3
-99.68,32.04
-100.2,32.9
-99.7,33.1
-99.8,32.6
-100.8,32.7
-101.1,32.6
-100.6,33.2
-99.8,33.6
-99.8,32.1
-100.7,32.4
-99.5,32.8
-100.23,32.78
-100.4,32.2
-100,32.5
-100.22,32.29
-99.7,32
-99.9,33.4
-100.1,33.2
-99.8,32.2
-100.4,32.7
-99.9,33.3
-100.6,32.4
-100.5,32.9
-99.9,33.2
-99.91,33.04
-100.9,32.9
-99.9,32.9
-100.4,32.4
-100.2,32.7
-100.2,32.5
-99.9,32.3
-99.91,32.42
-101.1,32.3
-100.1,32.1
-100,32
-99.6,32.6
-99.7,32.3
-99.9,32.4
-99.8,32.43
-99.83,32.36
-99.83,32.42
-99.709,32.47
-102.08,31.99
-102.13,31.98
-102,32
-102,31.9
-102.2,32.01
-101.7,32.5
-102.6,32.3
-103.7,31
-103.3,31.4
-101.4,32.3
-103.1,31.2
-102.5,31.4
-101.367,32.111
-103.9,30.8
-102.7,30.6
-101.5,32.9
-101.5,31.8
-102.6,31.9
-102.854,31.341
-102.6,31.2
-102.1,30.9
-103.1,31.9
-101.6,32.4
-101.9,32.3
-102.2,31.3
-103.7,31.8
-102,31.4
-103,31.5
-102.37,32
-102.6,31.9
-102.35,31.85
-102.34,31.9
-102.6,31.8
-102.5,31.9
-102.3,31.9
-102.4,31.7
-103.6,31.5
-103.6,31.5
-103.4,31.6
-101.94,31.23
-103.7,31
-102,30.7
-101.9,32.2
-102,32.4
-103.8,31.31
-103.01,31.57
-103.2,31.7
-106.6,31.97
-103.4,30
-103.5,29.9
-103.2,29.4
-106.59,31.94
-106.18,31.55
-105.5,31.9
-106.17,31.51
-105.7,31.4
-102.8,30
-104.4,30.2
-104.2,29.7
-104.201,29.461
-104.7,31.3
-102.395,30.142
-106.2,31.5
-105.3,31.2
-103.6,29.4
-106.07,31.43
-104.6,30.8
-104.8,31.1
-106.48,31.76
-106.5,31.78
-106.45,31.79
-106.45,31.86
-106.43,31.76
-106.4,31.81
-106.36,31.72
-106.37,31.83
-106.544,31.882
-106.54,31.85
-106.38,31.75
-106.2,31.9
-106.487,31.759
-106.54,31.8
-106.43,31.89
-106.38,31.79
-106.27,31.65
-106.1,31.6
-106.46,31.82
-106.61,31.88
-106.5,31.9
-106.33,31.79
-106.31,31.78
-106.1,31.8
-106.487,31.759
-110.5,40.4
-110.28,40.4
-111.79,40.4
-111.7,40.5
-112,40.4
-112.1,40.6
-110.3,40.3
-111.82,40.89
-112,40.1
-111.84,40.95
-112.06,41.11
-110.8,41
-111.4,41.2
-111.85,40.49
-110.5,40
-113,40.5
-109.4,40.8
-111.45,40.99
-111.9,40.9
-109.86,40.3
-110.8,40.2
-111.4,41.9
-112.6,40.7
-110.7,40.5
-111.2,40.3
-111.5,41.02
-113.988,40.038
-109.3,40.3
-111.2,40.6
-111.94,41.03
-111.3,41.8
-109.81,40.39
-111.9,41.1
-112,41.05
-111.72,40.34
-111.85,40.39
-112.1,40.7
-111.9,40.3
-109.8,40.9
-111.89,40.61
-111.5,40.5
-111.7,41
-110.4,40.39
-110.1,40
-110.13,40.559
-111.92,40.84
-111.293,40.72
-111.97,41.13
-111.73,40.31
-111.72,40.29
-111.5,40.65
-111.37,40.74
-111.74,40.39
-109.72,40.2
-111.2,41.7
-111.97,40.48
-110.3,40.5
-112.05,41.18
-112.44,40.39
-111.89,40.58
-112.3,40.2
-110.7,40.4
-110.5,40.2
-112.3,40.5
-112.1,41
-109.83,40.47
-109.5,40.2
-112.4,40
-112.04,40.6
-111.4,40.4
-113.2,40.3
-111.96,40.62
-109.9,40.5
-111.3,41.4
-111.92,40.89
-111.96,40.6
-111.7,40.6
-111.83,40.6
-111.86,40.57
-111.98,40.56
-112.08,40.49
-111.66,40.3
-111.5,40.7
-111.9,40.76
-111.86,40.76
-111.85,40.8
-111.99,40.75
-111.86,40.74
-111.86,40.71
-111.88,40.66
-111.7,40.8
-111.76,40.72
-111.88,40.76
-111.84,40.77
-111.833,40.763
-111.89,40.71
-112,40.8
-111.84,40.66
-112.04,40.65
-111.94,40.7
-112,40.7
-111.7,40.7
-111.92,40.66
-111.79,40.68
-112.04,40.7
-112.13,41.61
-112.1,41.6
-112.02,41.82
-112.1,41.95
-112.06,41.77
-112.6,41.5
-112,41.9
-112.08,41.72
-111.9,41.3
-112.11,41.83
-112.2,41.8
-113.7,41.5
-112.1,41.63
-112.14,41.16
-112.45,41.77
-111.6,41.3
-111.78,41.81
-111.84,41.61
-111.7,42
-111.7,41.6
-111.9,41.5
-112,41.8
-111.81,41.67
-111.98,41.857
-111.7,41.5
-113.4,41.5
-112.144,41.875
-112.3,41.9
-111.82,41.69
-111.79,41.91
-112.151,41.792
-111.8,41.8
-112.7,41.8
-112.3,41.7
-111.93,41.91
-111.9,41.6
-112.05,41.39
-111.81,41.78
-112,41.2
-111.9,41.19
-112.2,41.2
-111.96,41.16
-111.98,41.32
-110.8,39.6
-109.9,37.7
-109.8,37.7
-111.01,39.23
-109.322,38.97
-111.098,39.132
-110.86,39.34
-110.3,39.6
-110.83,39.41
-111.25,38.92
-111.1,38.9
-110.5,39
-110.9,39.7
-110.9,39.3
-110.8,39.7
-109.5,37.9
-110.1,37.1
-109.4,38.6
-110.4,37.4
-109.4,37.2
-109.5,37.9
-110.6,37.3
-111.06,39.23
-110.41,39.55
-109.6,39
-110.58,39.57
-111.7,40.23
-111.5,40.3
-111.65,40.24
-111.7,38.9
-111.82,39.07
-111.83,39.1
-111.5,39.5
-112.6,39.3
-111.99,39.96
-111.5,39.3
-112.3,39.8
-111.3,39.9
-111.9,39.3
-112.6,39
-111.5,39.7
-111.9,39.95
-111.9,39.1
-112.8,39.4
-112.272,39.099
-112.6,39
-112.7,39.4
-112,39.6
-112.7,39.4
-111.5,39.2
-111.7,39.12
-111.83,39.87
-111.583,39.527
-111.5,39.5
-112,39.6
-112.7,39.4
-111.7,40
-111.7,38.9
-111.65,40.04
-111.7,38.9
-111.82,40
-112.6,39
-111.972,38.836
-111.7,40
-111.49,39.48
-111.58,40.18
-111.58,40.11
-111.6,39.2
-111.636,39.486
-111.8,38.6
-112.482,37.44
-111.8,38.7
-112.1,38
-112.6,38.4
-113.7,37.9
-111.546,38.341
-111.2,37.8
-112.054,37.567
-112.8,37.7
-113.1,37.8
-113,37.7
-113.5,37.5
-112.1,38.3
-112.15,38.68
-113.72,37.572
-111.8,37.8
-113.4,39.1
-112.6,37.32
-111.9895,38.7598
-112.73,38.3
-112.1,38.3
-113.75,37.29
-110.7,38
-112.434,37.651
-111.995,37.564
-113.2,37.1
-113.8,37.1
-112.22,38.62
-112.1,38.3
-112,37
-113.177,37.541
-112.1,38.2
-111.8,38.7
-113.1,37.3
-113.36,37.24
-111.7,38.4
-111.59,38.39
-112.2,38.4
-113.4,38.4
-112.923,38.214
-114,37.9
-112.2,38.5
-112.7,37.4
-113.4,37.8
-113.3,37.5
-112.637,37.276
-112.5,37.8
-112.7,38
-112.8,37.8
-112.66,37.52
-113.05,37.16
-112.2,37.7
-113.65,37.13
-112.3,38.5
-113,37.18
-113.6,37.2
-112.88,37.78
-111.4,38.2
-113.33,37.24
-111.5,38.3
-112.1,37.64
-113.2,37.2
-113.4,37.1
-113.4,37.3
-113.8,37.3
-113.7,37.3
-113.2,37.2
-113.7,37.1
-72.38,43.66
-72.609,43.726
-72.7,43.8
-72.2,44
-72.64,43.59
-72.7,43.6
-72.58,44.03
-72.49,43.46
-72.46,44
-72.3,44.02
-72.21,44.07
-72.55,43.96
-72.1,44.2
-72.22,43.81
-72.2,43.9
-72.3,44.2
-72.42,43.57
-72.06,44.26
-72.11,44.09
-72.37,43.61
-72.5,43.7
-72.3,43.8
-72.73,43.53
-72.27,43.88
-72.4223,43.6474
-72.7,44
-72.57,43.94
-72.58,43.5
-72.42,43.79
-72.56,43.7
-72.5,43.8
-72.15,44.17
-72.35,43.85
-72.56,43.57
-72.37,43.88
-72.28,43.85
-72.24,44.13
-72.48,43.9
-72.33,43.95
-72.08,44.14
-72.29,43.95
-72.45,43.72
-72.31,44.13
-72.5,43.5
-72.6,43.6
-72.5,43.17
-72.592,43.144
-72.58,43.41
-72.6,43.3
-72.58,43.18
-72.8,43.24
-72.7,43.4
-72.53,43.33
-72.49,43.39
-72.92,43.25
-72.6,43.4
-72.53,43.15
-72.81,43.18
-72.5,43.3
-72.48,43.09
-72.81,43.31
-73.1,42.9
-73.2,43.1
-73.08,43.26
-73.07,43.07
-73,43.3
-73.07,43.17
-73.06,43.17
-73.24,42.96
-73.25,42.83
-73.22,42.78
-73.1,43
-72.7,42.8
-72.93,43.16
-72.8,42.96
-72.79,42.78
-72.81,43.1
-72.7,43
-72.5,43
-72.98,42.8
-73.08,42.79
-72.68,43.07
-72.51,42.78
-72.81,43.02
-72.9,43
-72.74,42.77
-72.72,43.14
-72.92,43.05
-72.87,42.78
-72.68,42.95
-72.9,42.9
-73.2,44.48
-73.18,44.45
-73.18,44.5
-73.196,44.478
-73.25,44.5
-73.2,44.5
-73.3,44.9
-72.78,44.76
-72.67,44.75
-73,44.2
-72.9,44.6
-73.22,44.31
-73.2,44.6
-72.703,44.932
-72.9,44.8
-72.8,44.9
-73.06,44.52
-73.02,44.71
-72.98,44.81
-73.25,44.21
-72.91,44.96
-73.3,44.72
-73.02,44.96
-73.09,44.32
-73,44.3
-73.34,44.87
-72.8,44.6
-72.9,44.5
-73.1,44.7
-72.6,44.9
-73.2,44.1
-73.2,44.23
-73.3,44.8
-72.7,45
-72.9,44.4
-73.1,44.8
-73.21,44.4
-72.98,44.89
-72.97,44.88
-73.3,44.64
-73,44.23
-73.1,44.9
-72.9,44.5
-73.3,44.1
-72.77,44.71
-73.01,44.6
-73.09,44.42
-72.6,44.3
-72.49,44.35
-72.4,44.2
-72.3,44.41
-72.51,44.38
-72.45,44.16
-72.44,44.4
-72.5,44.28
-72.6,44.73
-72.49,44.7
-72.49,44.15
-72.57,44.63
-72.69,44.65
-72.5,44.5
-72.3,44.4
-72.8,44.2
-72.6,44.5
-72.7,44.1
-72.7,44.1
-72.4,44.3
-72.8,44.1
-72.7,44.5
-72.8,44.2
-72.85,44.11
-72.43,44.07
-72.8,44.3
-72.71,44.39
-72.48,44.15
-72.54,44.1
-72.5,44.5
-72.37,44.46
-72.57,44.41
-72.9,43.6
-72.82,43.4
-73.21,43.64
-73.1,43.8
-73.33,43.98
-73.2,43.7
-73.01,43.6
-72.91,43.74
-72.85,43.53
-73,43.4
-73.2,44
-72.9,43.44
-73.3,43.7
-73.07,43.68
-72.85,44
-72.91,43.92
-72.79,43.65
-73.2,44
-73.12,43.48
-72.8,43.44
-72.97,43.54
-73.3,43.8
-73.2,43.3
-72.81,43.78
-73,43.8
-73.2,43.5
-73.03,43.65
-72.99,43.98
-72.8,43.9
-73.12,43.91
-73.33,43.89
-72.74,43.75
-73.01,43.45
-73.17,43.42
-73.2,43.3
-73.2,43.24
-73,43.6
-73.22,43.88
-72,44.4
-72.38,44.74
-72.08,44.32
-72.2,44.7
-71.9,44.4
-72.263,44.865
-72.4,44.6
-72.36,44.68
-72.1,44.4
-72.07,44.96
-72,45
-71.91,44.59
-71.98,44.84
-72.27,44.52
-71.8,44.7
-72.22,44.67
-72.3,44.61
-72.22,44.57
-72.3,44.5
-72.3,44.8
-71.9,44.8
-72.5,44.8
-72.04,44.56
-72,44.5
-71.96,44.89
-72.2,44.9
-72.3,44.9
-71.8,44.6
-72.4,44.9
-72.1,44.8
-72.16,44.33
-72.13,44.64
-72,44.7
-72.406,44.9
-71.9,44.7
-72.04,44.87
-72.2,44.4
-72.45,44.88
-72.26,44.71
-71.68,44.94
-71.49,45.01
-71.6,44.9
-71.7,44.42
-71.7,44.7
-71.7,44.47
-71.8,44.9
-77.61,38.96
-78,38.69
-77.53,38.79
-77.49,38.74
-77.43,38.75
-77.44,38.66
-77.9,38.8
-77.75,38.99
-77.74,39
-77.6,38.6
-77.47,38.86
-77.46,38.82
-77.39,38.78
-77.6,39.16
-77.93,39.03
-77.7,39.2
-77.89,39.09
-77.55,38.74
-77.73,38.8
-77.7,38.7
-77.8,39.1
-77.57,38.86
-77.9,38.9
-77.48,39.05
-77.52,39
-77.43,38.89
-77.51,38.89
-77.62,38.81
-77.66,39.14
-77.4,39.02
-77.39,39.05
-77.47,38.99
-77.65,38.87
-77.38,38.98
-77.39,38.93
-77.6,39.1
-77.5,39.2
-77.63,39.27
-77.6,38.7
-77.89,39
-77.8,38.7
-77.7,38.7
-77.34,38.96
-77.35,38.93
-77.34,38.98
-77.62,39.19
-77.8,38.9
-77.21,38.83
-77.29,38.79
-77.34,38.6
-77.29,38.57
-77.22,38.9
-77.34,38.84
-77.26,38.86
-77.29,38.82
-77.38,38.88
-77.31,38.76
-77.14,38.85
-77.19,38.87
-77.19,38.9
-77.15,38.86
-77.18,38.89
-77.16,38.7
-77.31,39
-77.21,38.68
-77.16,38.94
-77.23,38.93
-77.33,38.89
-77.26,38.684
-77.32,38.52
-77.19,38.77
-77.21,38.8
-77.23,38.78
-77.23,38.74
-77.38,38.56
-77.25,38.9
-77.29,38.9
-77.27,38.94
-77.27,38.62
-77.32,38.68
-77.35,38.64
-77.1,38.89
-77.05,38.86
-77.12,38.87
-77.1,38.86
-77.14,38.88
-77.09,38.84
-77.12,38.91
-77.08,38.89
-77.07,38.88
-77.16,38.9
-77.06,38.82
-77.09,38.83
-77.08,38.79
-77.13,38.81
-77.06,38.84
-77.09,38.76
-77.06,38.77
-77.06,38.75
-77.1,38.72
-77.12,38.78
-77.12,38.84
-77.15,38.82
-77.07,38.81
-77.15,38.75
-77.49,38.3
-77.41,38.32
-77.5,38.4
-77.6,38.3
-77.4,38.2
-77.3,38.1
-76.35,37.87
-77.87,38.35
-76.58,37.97
-77.1,38
-76.82,37.77
-77,38.05
-77,38.2
-77.03,38.34
-76.85,37.84
-76.6,37.9
-76.7,38.1
-76.4,37.9
-77.07,38.04
-76.41,37.68
-76.34,37.74
-77.2,38.3
-76.58,38.05
-76.5,37.8
-76.73,37.76
-77.8,38.3
-77.07,38.11
-76.49,37.99
-77.2,38
-76.8,38.1
-76.7,38.1
-76.4,37.9
-77.68,38.08
-77.17,38.13
-77.27,38.2
-76.29,37.85
-77.9,38.3
-77.4,37.9
-76.8,38
-77.7,38.2
-77.6,38.3
-77.4,38.4
-77.5,38.5
-77,37.9
-77.92,38.23
-76.8,38
-76.43,37.69
-76.36,37.66
-76.33,37.8
-77.4,38.1
-78.17,39.17
-78.3,39.2
-78.2,39.3
-78.3,38.8
-78,39.2
-78,39.1
-78.15,38.84
-78.08,39.27
-78.3,39.4
-78.08,38.77
-78.2,38.9
-78.4,39.3
-78.05,38.82
-78.12,38.81
-78.39,39.09
-78,38.9
-77.99,38.9
-78.5,39
-78.27,39.02
-78,39.1
-78.36,38.77
-78.4,38.8
-78.46,39.06
-78.23,39.06
-78.09,39.22
-78.4,39
-78.43,38.95
-78.11,39.06
-78.53,38.89
-78,38.4
-78.22,38.33
-78.3,38.4
-77.8,38.5
-78.14,38.55
-77.9,38.51
-78.18,38.41
-78.1,38.63
-77.82,38.48
-78.28,38.52
-77.64,38.47
-78.23,38.46
-78.39,38.34
-77.9,38.63
-77.81,38.4
-78.3,38.5
-77.7,38.6
-78.01,38.38
-78.17,38.37
-78.26,38.35
-78.19,38.32
-78,38.3
-77.83,38.54
-78.18,38.47
-77.69,38.39
-78,38.6
-78.28,38.29
-78.3,38.6
-77.87,38.44
-77.72,38.46
-78.31,38.49
-78.2,38.7
-78.18,38.62
-78.86,38.41
-78.9,38.5
-78.87,38.43
-78.79,38.83
-78.96,38.79
-79.03,38.37
-78.8,38.7
-79.01,38.72
-79.1,38.5
-78.7,38.8
-78.6,38.4
-79,38.6
-79.1,38.6
-78.75,38.45
-78.87,38.56
-78.5,38.7
-78.75,38.38
-78.89,38.33
-78.7,38.8
-79.2,38.4
-78.7,38.7
-78.83,38.79
-78.79,38.38
-78.71,38.73
-78.62,38.53
-78.93,38.57
-78.5,38.5
-78.76,38.66
-78.6,38.1
-78.5,38
-78.6,38
-78.516,38.033
-78.4,38.1
-78.79,37.98
-78.92,37.68
-78.3,38.2
-78.72,37.9
-78.7,38.2
-78.54,38.27
-78.51,38.16
-78.6,37.8
-78.8,37.9
-78.97,38.1
-78.6,38.2
-78.2,38.1
-78.76,38.03
-78.56,37.85
-78.3,38
-78.13,38.36
-78.88,37.79
-79,38
-78.87,37.9
-78.64,37.93
-78.1,38.2
-78.3,37.8
-79.01,37.71
-79,37.9
-78.39,38.25
-78.7,37.8
-78.8,37.7
-78.24,38.22
-78.5,38.3
-78.27,37.98
-79.03,37.86
-78.9,38.1
-78,38.2
-78,37.3
-78.41,37.68
-77.5,37.8
-77.2,37.8
-76.82,37.47
-77.6,37.9
-76.36,37.39
-78.24,37.74
-76.98,37.78
-77.8,37.9
-76.37,37.41
-78.1,37.7
-77.1,37.4
-76.69,37.66
-76.37,37.49
-78.1,37.7
-77.81,37.66
-78.3,37.5
-76.34,37.55
-76.27,37.44
-77.5,37.9
-76.43,37.49
-78.22,37.79
-76.38,37.41
-77.5,37.7
-77.53,37.66
-76.6,37.5
-76.49,37.26
-78,37.7
-76.299,37.497
-77.92,37.79
-76.286,37.507
-76.344,37.497
-77.3,37.8
-76.39,37.56
-76.46,37.54
-76.5,37.3
-77.32,37.55
-76.3,37.49
-76.68,37.73
-78.12,37.32
-78.09,37.88
-76.83,37.71
-77.1,37.7
-76.9,37.5
-76.79,37.64
-76.5,37.59
-78.1,38
-77.83,37.71
-77.72,37.65
-77.22,37.73
-76.73,37.65
-76.32,37.43
-76.78,37.57
-77.3,37.6
-77.68,37.44
-77.67,37.55
-77.66,37.49
-77,37.9
-77.3,37.7
-77.9,38
-76.28,37.45
-77.78,37.41
-78.31,37.65
-77.1,37.5
-76.28,37.33
-77.14,37.92
-76.43,37.46
-77.78,37.69
-76.26,37.4
-76.3,37.38
-77.9,37.6
-77.1,37.4
-77.16,37.53
-77.71,37.72
-77.07,37.85
-76.6,37.6
-77.26,37.51
-77.93,37.78
-76.7,37.5
-77.832,37.639
-76.95,37.72
-76.3,37.35
-76.82,37.39
-76.44,37.59
-77.542,37.576
-76.62,37.66
-76.42,37.57
-77.02,37.74
-76.64,37.71
-76.9,37.6
-76.7,37.2
-76.7,37.2
-76.7,37.3
-77.7,37.8
-77.46,37.54
-77.46,37.55
-77.49,37.55
-77.42,37.58
-77.37,37.56
-77.48,37.5
-77.5,37.52
-77.52,37.58
-77.44,37.61
-77.5,37.63
-77.57,37.59
-77.49,37.59
-77.3,37.4
-77.62,37.65
-77.47,37.47
-77.57,37.54
-77.59,37.47
-77.44,37.42
-77.64,37.6
-77.56,37.63
-75.65,37.7
-75.535,37.87
-75.51,37.91
-76.7,37
-75.87,37.58
-75.87,37.43
-75.6,37.8
-75.8,37.3
-75.956,37.207
-76.54,36.96
-76.84,36.74
-75.972,37.29
-76.2,36.76
-76.41,36.81
-76.3,36.6
-76.4,36.7
-76.28,36.8
-76.24,36.81
-75.3,37.9
-75.5,37.9
-75.939,37.35
-75.88,37.5
-75.9,37.47
-75.41,38
-75.69,37.78
-75.88,37.65
-75.6,37.9
-75.83,37.664
-75.45,37.97
-75.927,37.517
-75.7644,37.62
-75.89,37.42
-75.566,37.848
-75.84,37.46
-75.65,37.88
-75.7,37.6
-75.861,37.473
-75.586,37.819
-75.5,38
-75.59,37.94
-75.8,37.8
-75.68,37.67
-75.8,37.6
-75.63,37.76
-75.813,37.635
-75.735,37.552
-75.67,37.93
-75.721,37.926
-76.7,37
-76.55,36.88
-76.49,36.91
-76.6,36.7
-76.48,36.84
-76.51,36.89
-76.8,36.6
-76.7,36.6
-76,37.9
-75.7048,37.7087
-75.57,37.89
-76.03,36.86
-76.1,36.85
-76.08,36.78
-76,36.8
-76.14,36.91
-76,36.7
-76,36.6
-76.02,36.92
-76.03,36.81
-75.96,36.78
-76.15,36.84
-76.18,36.8
-75.689,37.605
-75.8061,37.5156
-76.7,36.8
-75.59,37.95
-76.21,36.86
-76.26,36.95
-76.26,36.86
-76.29,36.93
-76.31,36.87
-76.31,36.89
-76.26,36.88
-76.29,36.85
-76.3,36.94
-76.23,36.89
-76.29,36.87
-76.22,36.91
-76.27,36.83
-76.303,36.922
-76.46,37.06
-76.52,37.12
-76.58,37.2
-76.59,37.12
-76.44,37.02
-76.49,37.07
-76.42,36.98
-76.55,37.15
-76.31,37.02
-76.39,37.01
-76.35,37.13
-76.32,37.03
-76.29,37.05
-76.37,37.09
-76.41,37.06
-76.35,37.05
-76.53,37.22
-76.56,37.25
-76.47,37.19
-76.45,37.12
-76.42,37.2
-76.37,36.82
-76.33,36.8
-76.38,36.88
-76.32,36.83
-76.34,36.84
-76.308,36.846
-76.305,36.816
-77.34,37.24
-77.5,37.2
-77.4,37.1
-77.42,37.238
-77.9,36.9
-78,37.1
-77.21,36.61
-77.29,36.6
-77.2,36.7
-77.4,37
-77.45,37.34
-77.6,37.4
-77.7,37.2
-77.4,37.29
-77.33,37.36
-77.1,36.8
-77.6,37.3
-76.92,37.08
-77.7,37
-77.6,37
-77.2,37.1
-77.81,36.85
-77.32,36.66
-78,36.58
-76.84,37.06
-77.5,36.7
-77.7,37.2
-77,36.7
-77.7,36.8
-77.89,36.58
-77.2,37.3
-76.9,36.9
-77.5,36.8
-77.8,36.7
-77.7,37
-77.11,36.61
-77.3,37.2
-77.8,36.9
-77.03,36.82
-77.59,36.6
-77,37.2
-77.4,36.9
-76.8,37.1
-77.1,37
-77.59,37.19
-77.81,36.57
-77,37
-77.75,36.89
-77.1,37
-77.22,37.04
-77.93,36.62
-77.84,37.13
-77.28,36.83
-76.87,36.84
-77,37.2
-78.4,37.3
-78.3948,37.3011
-78.3,36.7
-78.4,36.7
-78.1,36.6
-78,36.7
-78.7,37.6
-78.2,37.2
-78.6,37.1
-78.4,36.8
-78.5,36.6
-78.1,37.2
-78.63,37.16
-78.5,37.5
-78.5,36.9
-78,36.9
-78.3,37.1
-78.4603,37.2424
-78.2,36.9
-78.4,37
-78.1,36.7
-78.29,36.92
-78.4,37.1
-78.6,37.3
-78.8,37.11
-78.56,37.33
-78.7,36.9
-78.81,37.2
-78.6,36.8
-78.3,37.3
-78.63,36.93
-78.51,36.72
-78.2,36.7
-78.3,37
-78.58,36.85
-79.943,37.27
-79.9,37.32
-79.92,37.27
-79.91,37.22
-79.98,37.25
-79.96,37.27
-79.99,37.3
-80.04,37.21
-79.96,37.35
-79.94,37.36
-80.5,36.6
-79.7,36.7
-80,36.7
-80.61,37.189
-80.12,37.16
-80.4,37.3
-79.78,37.37
-80,37.1
-79.7,37.6
-80.1,37
-79.61,36.6
-80.2,37.4
-80.23,37.05
-80.4,37.1
-80.4,36.6
-79.9,37.37
-79.91,36.72
-80.16,37.05
-80.13,36.63
-79.92,37.41
-80.9,37.1
-79.9,37.7
-80.64,37.27
-80.3,37.2
-80.1,36.9
-79.97,36.71
-79.9,37.5
-80.3,36.9
-79.76,37
-80.852,37.377
-79.75,37.21
-79.8,37.2
-80,36.84
-79.5,37.2
-80.6,36.9
-79.9,36.7
-80.4,36.7
-79.6,37.2
-79.69,37.42
-80.9,37.3
-80.2,37.5
-80.5,37.3
-79.985,37.618
-80.24,37.57
-80.62,37.21
-80.1,36.7
-80.8,37.3
-80.59,37.34
-79.7,36.9
-80.32,37.04
-79.47,37
-80.6,37.1
-80.551,37.139
-80.84,37.4
-79.9,36.6
-80.44,37.02
-80.6,37.4
-79.9,37
-80.1,37.3
-79.53,36.98
-80.25,37.12
-80.05,36.59
-80.76,37.25
-79.95,36.74
-80.2,36.7
-79.66,37.35
-79.9,37.4
-79.69,37.01
-79.8,37.3
-79.8,37.1
-80.27,36.81
-82.17,36.61
-82.2,36.7
-82,36.8
-82,36.7
-82.8,37
-82.2,37.12
-82.8,36.8
-82.24,37.13
-83,36.6
-82.3,36.9
-82.1,37
-82.33,37.14
-82.4,37.2
-82.5,37
-81.7,36.7
-82.3,37.1
-82.14,37.1
-82.93,36.78
-82.8,36.7
-82.5,36.8
-82.8,36.8
-83.5,36.6
-82.6,36.76
-82.6,36.7
-82.3,37.2
-82.4,36.65
-82,37
-83.1,36.7
-82.94,36.84
-82.1,36.9
-82.38,37.08
-82.25,36.73
-82.4,36.8
-82.33,37.02
-82.6,37
-83,36.8
-82.6,37.1
-81.93,36.97
-83.32,36.65
-83.06,36.82
-82.35,36.94
-82.57,36.62
-81.59,36.62
-82.57,37.02
-80.8,37.1
-81.38,36.87
-80.87,36.83
-80.8,36.91
-81.2,37.2
-81.1,37.1
-81.66,36.95
-80.67,36.61
-81.4,37
-81.6,36.8
-81.11,36.8
-81.19,36.87
-80.81,36.97
-80.6,36.8
-81.2,36.7
-80.7,36.7
-81.03,36.72
-80.9,36.7
-81.8,36.8
-80.7,36.8
-80.7,36.9
-81.2,36.6
-81.01,36.81
-80.77,36.58
-80.53,36.7
-81.5,36.8
-80.9,36.9
-81.8,36.8
-81.4,36.6
-81.1,37.2
-81.3,36.9
-81.7,36.9
-81.19,36.79
-81.4,36.8
-81.6,37
-81.5,36.7
-80.5,36.9
-80.8,36.7
-81.1,37
-79.1,38.1
-79.3,38.1
-79.842,38.056
-79.59,38.54
-79.29,37.88
-79.4,37.7
-79.2,38.3
-79.7,37.9
-80.1,37.8
-79.36,38.08
-78.84,38.17
-79.4,38.2
-79.47,38.4
-79.28,37.87
-78.93,38.21
-79.5,38
-79.17,37.99
-78.82,38.24
-79.4,38.3
-79.9,38
-79.7,37.8
-79.5,37.8
-79.87,37.8
-79.5,38.3
-79.3,38
-79.6,38
-79.09,37.86
-79.6,38.4
-78.96,38.26
-78.81,38.31
-79.2,37.9
-79.42,37.92
-80,37.8
-79.22,37.97
-79.03,38.01
-79.3,38.2
-78.99,38.2
-79.2,37.8
-79.8,38.1
-79.3,38.3
-78.94,38.29
-79.6,38.2
-79.2,37.3
-79.21,37.36
-79.2,37.5
-79.07,37.37
-79.24,37.14
-79,36.6
-79.1,37.6
-78.8,37.4
-79.5,37.3
-79.4,37.5
-79.34,36.72
-78.9,37.1
-78.64,36.62
-79.62,36.8
-79.4,36.8
-78.8,36.9
-79.32,37.49
-79,37.3
-78.91,36.86
-79.4,36.6
-79.5,36.6
-79.5,36.7
-79.27,37.25
-79.3,37.4
-78.9,37.6
-79.1,37.1
-79.47,37.67
-79.4,37.4
-79.3,37
-79,36.8
-78.65,37.73
-79.29,37.07
-79.2,36.9
-79.25,36.73
-79.14,37.03
-79.44,37.35
-79.4,37.1
-79,37.5
-79.3,37.6
-79,36.9
-79.56,37.66
-79.51,37.59
-78.68,36.59
-78.82,37.64
-79.28,36.62
-79.1,37.3
-78.8,36.8
-78.5,37.8
-79,36.7
-78.92,37.32
-79.2,36.6
-79.1,37.6
-79.12,36.79
-78.8,36.62
-78.7,37.6
-81.635,37.198
-81.6,37.2
-82.22,37.35
-81.5579,37.2079
-81.4,37.3
-81.4,37.3
-82.28,37.295
-81.8,37.1
-81.8366,37.0926
-81.33,37.27
-82.1,37.3
-82,37.4
-81.79,37.21
-82.1,37.3
-81.5,37.2
-82,37.2
-81.89,37.27
-81.34,37.31
-81.7,37.05
-81.9,37.2
-81.8,37.11
-82.03,37.14
-81.93,37.08
-81.5,37.1
-82.13,37.17
-81.88,37.22
-122.27,47.31
-122.21,47.31
-122.31,47.31
-122.21,47.62
-122.17,47.62
-122.15,47.56
-122.15,47.62
-122.11,47.61
-122,47.31
-122.2,47.75
-122.2,47.84
-121.9,47.6
-121.8,47.7
-122.37,47.81
-122.2,47.8
-121.7,47.1
-122.37,47.3
-121.88,47.57
-122.33,47.84
-122,47.5
-122.24,47.75
-122.02,47.56
-122.2,47.37
-122.2,47.41
-122.26,47.4
-122.19,47.67
-122.21,47.72
-122.28,47.8
-122.28,47.84
-121.9,47.4
-122.23,47.63
-122.23,47.56
-122.11,47.36
-122.31,47.79
-121.5,47.5
-122.25,47.26
-121.937,47.526
-121.7,47.3
-122.12,47.68
-122.02,47.66
-122.2,47.45
-122.19,47.51
-122.22,47.47
-122.12,47.44
-122.11,47.5
-121.8,47.6
-121.41,47.37
-122.5,47.4
-122.13,47.76
-122.04,47.61
-122.02,47.58
-122.06,47.75
-122.26,47.87
-122.1,47.3
-122.33,47.61
-122.33,47.64
-122.34,47.67
-122.33,47.6
-122.3,47.66
-122.35,47.55
-122.38,47.66
-122.31,47.54
-122.34,47.63
-122.5,47.6
-122.3,47.62
-122.29,47.68
-122.4,47.58
-122.38,47.69
-122.26,47.55
-122.37,47.64
-122.35,47.61
-122.3,47.61
-122.3,47.72
-122.37,47.55
-122.34,47.74
-122.34,47.57
-122.39,47.55
-122.3,47.58
-122.36,47.5
-122.32,47.45
-122.31,47.76
-122.33,47.6
-122.36,47.45
-122.29,47.49
-122.37,47.74
-122.25,47.49
-122.28,47.45
-122.31,47.39
-122.39,47.64
-122.21,47.99
-122.23,47.94
-122.26,47.9
-122.13,48
-122.2,47.99
-122.18,47.9
-122.16,48.69
-122.6,48.5
-122.8,48.56
-122,48.2
-121.45,47.75
-122.53,48.74
-122.5,48.8
-122.4,48.7
-122.9,48.9
-122.4,48.6
-122.4,48.5
-122.234,48.461
-122.42,47.95
-121.3,48.5
-122.4,48.4
-122.7,48.2
-122.63,48.95
-121.6,48.3
-123,48.622
-121.5,48.8
-122.9,48.7
-122.3,48.9
-122.6,48.9
-122.55,48.02
-123.1,48.6
-121.5,47.9
-121.5,48
-122.58,48.1
-121.99,48.522
-121.556,47.819
-122.53,48.41
-122.1,48
-122.44,48.03
-122.9,48.5
-122.8,48.7
-122.059,48.525
-122.4,48.9
-122.08,48.95
-121.4,48.6
-122.16,48.06
-122.2,48.1
-121.8,47.9
-122.4,48.4
-122.1,48.4
-122.3,47.91
-122.3,48.9
-122.7,48.3
-122.67,48.34
-122.8,48.7
-122.93,48.6
-123.06,48.99
-122.4,48.2
-121.6,48.5
-122.1,48.5
-122.96,48.57
-121.3,47.7
-122,47.9
-122.3,48.2
-121.75,47.91
-122.2,48.9
-122.1,47.9
-123.02,48.69
-122.71,47.16
-121.8,46.9
-124.3,48.1
-122.63,47.59
-122.63,47.63
-122.8,47.6
-122.644,47.56
-122.72,47.71
-123.6,47.7
-122.1,47.2
-121.98,46.99
-122.78,47.97
-124.4,48.2
-122.65,47.1
-122.3,46.9
-122.72,47.37
-122.17,46.76
-124.3,47.9
-122.6,47.36
-122.63,47.25
-122.62,47.29
-122.1,46.6
-122.64,47.57
-122.29,47.02
-122.76,48.02
-122.57,47.91
-122.53,47.75
-122.62,47.7
-122.5,47.8
-122.8,47.3
-124.62,47.9
-122.76,47.2
-122.6,47.5
-122.32,47.25
-122.2,46.7
-122.2,46.5
-124.609,48.365
-122.71,48.06
-122.58,47.43
-122.1,47
-121.6,46.6
-123.3,48
-123.8,48
-122.585,47.855
-122.7,47.9
-122.6,47.5
-122.7,47.5
-122.8,48
-122.6,47.8
-122.33,47.21
-122.26,47.21
-122.32,47.15
-122.25,47.13
-122.33,47.1
-122.9,47.8
-121.8,46.5
-122.9,47.6
-124.5,48.3
-123.1,48
-122.71,47.68
-122.096,47.139
-122.4,47.1
-122.65,47.19
-122.23,47.21
-122.2,47.2
-122.56,47.73
-122.78,47.33
-121.8,47
-122.47,47.27
-122.46,47.27
-122.41,47.21
-122.47,47.25
-122.51,47.26
-122.51,47.29
-122.45,47.2
-122.47,47.21
-122.481,47.263
-122.45,47.22
-122.4,47.26
-122.39,47.29
-122.36,47.23
-122.57,47.12
-122.57,47.09
-122.48,47.14
-122.53,47.12
-122.37,47.21
-122.45,47.15
-122.41,47.13
-122.38,47.13
-122.441,47.146
-122.53,47.25
-122.54,47.22
-122.54,47.2
-122.58,47.16
-122.5,47.16
-122.9,47
-123.1,47.1
-122.8,47.03
-122.87,47.1
-123.1,46.9
-122.7,47
-122.76,47.11
-123.8,47.1
-122.87,47.36
-124,47.5
-123.955,46.632
-123,47.4
-122.8,46.9
-122.9,46.7
-123,46.7
-122.5,46.6
-124.13,47.11
-124.13,47.15
-123.6,46.9
-123.1,46.5
-123.3,47
-122.75,46.52
-123,46.7
-122.9,47.3
-124.04,46.8
-123.3,47.5
-124,47.1
-123.9,47.3
-123.1,47.5
-123.27,47.03
-122.558,46.935
-123.4,47.1
-123.4,47.3
-124,47.4
-123.6,47.2
-122.4,46.5
-123,46.6
-123.3,46.9
-124.1,47
-122.7,46.6
-124.196,47.196
-123.2,46.5
-123.7,47.4
-122.7,46.9
-123.7,46.6
-123.2,46.8
-122.5,47
-123.1,46.3
-122.64,46.52
-123.484,47.001
-123.1,47.3
-122.5,46.6
-123.8,46.6
-124.2,47.4
-123,47.4
-122.8,46.8
-123.99,46.75
-122.8,46.5
-123.06,47.32
-123,46.42
-124.1,46.88
-122.9,46.5
-122.4,46.9
-122.4,46
-121.3,45.9
-122.5,46
-122.5,45.8
-121.4,45.7
-122.5,45.7
-122.4,45.7
-121.9,45.9
-122.9,46.3
-123.3,46.3
-121,45.8
-123.92,46.28
-122.3,46.1
-121.15,45.63
-121.3,46
-120.5,45.8
-123.58,46.35
-124,46.4
-122.6,46.1
-122.7,46.1
-121.1,45.83
-122.6,45.9
-124.03,46.39
-123.1,46.2
-121.2,45.7
-123.7,46.4
-121.99,45.69
-124,46.5
-124.03,46.546
-122.7,45.8
-123.64,46.31
-124.05,46.33
-122.79,46.32
-123.4,46.3
-121.9,46
-122.5,46.2
-121.5,45.9
-121.7,45.7
-122.7,45.7
-122.63,45.64
-122.57,45.69
-122.66,45.65
-122.58,45.62
-122.66,45.7
-121.1,45.9
-122.2,45.7
-121.5,45.8
-120.97,45.66
-122.6,45.9
-122.4,45.8
-122.48,45.67
-122.5,45.6
-122.52,45.63
-122.69,45.72
-122.63,45.74
-120.4,47.4
-120.2,47.5
-120.5,47.9
-119.8,48.2
-119.6,48
-120.2,48.2
-120.5,47.5
-120.5,48.1
-120.1,47.9
-119.751,48.56
-120.561,47.542
-120.4,47.8
-119.6,47.3
-119.8,47.2
-120.8,47.7
-119.9,48.7
-120.2,47.3
-119.704,48.284
-119.5,47.9
-120.5,48.2
-119,47.3
-120.6,48.6
-120.03,48.17
-120.4,47.49
-119.3,47.2
-119.4,48.3
-119.3,48.4
-120,47.7
-119.3,48.9
-119.9,47.4
-120,48.1
-120.7,47.5
-119.8,47.2
-119.4,48.5
-120.1,47.4
-119.4,47.4
-120.2,48.04
-119.279,47.427
-119.3,48.7
-120.3,48.3
-119.1,47
-119.8,47.7
-118.9,48.8
-119.12,47.42
-120.4,48.7
-120.4,46.7
-120.53,46.6
-120.8,46.5
-120.8,46.6
-120.2,46.4
-121,47.2
-120.72,46.67
-121.3,47.3
-120.4,47
-119.9,46.27
-120.2,46.3
-120.6,46.4
-120.42,46.98
-120.2,46.1
-120.2,46.6
-121.1,46.6
-120.1,46.4
-120.467,46.503
-121.2,47.4
-121,47.22
-120.7,46.8
-120.954,47.187
-119.9,46.4
-120.7,47.07
-120.8,46.7
-120.4,46.2
-120.4,47
-120.5,46.5
-120.9,46.3
-120.2,46.4
-117.58,47.64
-117.3,47.9
-117.6,47.4
-117.4,47.8
-117.5,48
-117.9,47.5
-117.3,48
-117.65,47.63
-117.2,47.4
-117.8,47.9
-117.15,47.63
-117.8,47.2
-117.1,47.3
-117.09,47.64
-117.6,47.4
-117.2,47.8
-117.7,47.6
-117.17,47.56
-117.1,47.8
-117.6,47.8
-117.12,47.72
-117.9,47.7
-117.1,47.5
-117.4,47.4
-118.1,47.3
-117.12,47.24
-117.74,47.88
-117.3,47.5
-117.19,47.63
-117.227,47.343
-118,47.9
-117.9,48.4
-117.255,46.791
-119,47.7
-118.1,46.9
-117.8,48.3
-117.6,48
-117.4,46.9
-117.2,46.6
-117.8,48.7
-119.4,47.7
-119,48
-118.5,47.7
-118.6,48.9
-117.4,48.5
-118.4,48.9
-118.2,47.7
-119.1,47.8
-119.3,48.2
-117.8,47
-118,48.7
-117.1,47.1
-118.2,48
-117.2,47
-118.1,48.3
-119,48
-118.4,47.5
-119.1,47.6
-117.9,46.7
-118.1,48.1
-118.5,48.2
-117.3,48.7
-118.6,48
-118.1,48.7
-117.9,46.7
-118.5,47.4
-118.21,48.96
-118.41,47.83
-117.6,48.1
-117.473,47.227
-118.6,48.8
-118.06,48.66
-117.39,48.85
-117.3,48.9
-118.33,47.4
-118.972,48.167
-117.3,48.3
-117.8,48.9
-117.3,47.1
-118.7,47.4
-118.3,48.8
-117.2,46.9
-117.3,46.7
-118.6,48.7
-118.1,48.4
-118.5,47.1
-117.4,47.3
-117.6,47.1
-117.9,48
-117.3558,47.0063
-117.4,47.1
-117.1,46.5
-117.3,48.3
-117.8,48.1
-118.7,47.7
-117.44,47.66
-117.38,47.66
-117.41,47.63
-117.43,47.65
-117.45,47.69
-117.2,47.6
-117.39,47.69
-117.5,47.8
-117.32,47.67
-117.2,47.67
-117.3,47.7
-117.44,47.76
-117.32,47.59
-117.5,47.6
-118.7,46.5
-119.5,46.3
-119.948,46.86
-120.2,45.9
-118.9,46.2
-118.39,46.04
-118.9,46.7
-117.9,46.3
-118.1,46.3
-119.1,46.5
-118.15,46.757
-118.556,46.644
-119.18,46.21
-119.1,46.1
-119.3,46.1
-118.7,46.9
-119.2,46.6
-119.2,46.8
-119.6,45.94
-119.38,45.93
-117.5,46.3
-118.5,46.4
-119.7,46.8
-119.7,46.2
-119.28,46.24
-119.4,46.32
-119.5,46.5
-120.3,45.8
-119.7,46.9
-118.1,46.5
-118.7,46.1
-118.1,46.2
-118.3,46.1
-118.906,46.084
-118.3,46.8
-117.2,46.1
-117.2,46.2
-117.2,46.4
-77.02,38.91
-76.98,38.91
-76.99,38.88
-77.028,38.894
-77.032,38.904
-77.04,38.9
-77.08,38.92
-77.06,38.93
-77.04,38.92
-77.03,38.93
-77.02,38.95
-77.03,38.98
-77.07,38.97
-77.09,38.94
-76.99,38.94
-76.97,38.93
-76.94,38.89
-76.97,38.87
-77.03,38.87
-77.01,38.84
-77.042,38.907
-77.05,38.89
-77.032,38.904
-77.075,38.909
-76.998,38.935
-77.028,38.975
-77.032,38.904
-77.017,38.871
-76.97,38.86
-77.032,38.904
-77.032,38.904
-81.1,37.3
-81.02,37.44
-81.2,37.47
-81.31,37.36
-81.383,37.538
-81.3,37.5
-81.31,37.33
-81.4,37.5
-81.26,37.46
-81.154,37.396
-81.24,37.44
-81.23,37.43
-81.2,37.4
-81.2,37.3
-81.1,37.4
-81.2,37.4
-81.5,37.3
-81.41,37.36
-81.8,37.5
-81.7,37.28
-81.667,37.274
-81.701,37.46
-81.84,37.33
-81.6,37.6
-81.66,37.64
-81.74,37.68
-81.58,37.26
-81.7,37.7
-81.7,37.5
-81.5,37.4
-81.39,37.4
-81.585,37.578
-81.549,37.359
-81.75,37.55
-81.65,37.46
-81.8,37.4
-81.82,37.56
-81.93,37.58
-81.43,37.57
-81.5,37.4
-81.56,37.66
-81.85,37.34
-81.91,37.61
-81.508,37.427
-81.5654,37.7513
-81.656,37.688
-81.56,37.68
-81.39,37.4
-81.9,37.5
-81.7,37.28
-81.5,37.6
-81.39,37.4
-81.81,37.55
-81.6,37.7
-81.5,37.4
-81.9,37.5
-81.7,37.4
-81.5,37.6
-81.5,37.4
-81.78,37.35
-81.5,37.6
-81.704,37.449
-81.73,37.65
-81.61,37.26
-81.39,37.4
-81.5,37.4
-81.7,37.3
-81.7,37.28
-81.5,37.6
-80.5,37.9
-80.7,37.7
-79.75,38.44
-80.56,37.85
-80.76,37.52
-79.7,38.6
-80.14,38.16
-80.4,37.7
-79.9,38.5
-80.6,37.9
-79.81,38.38
-80.81,37.56
-80.38,37.9
-80.4,37.6
-79.8,38.41
-80.67,37.53
-80.2,38.2
-80.63,37.48
-80.1,38.2
-80.43,37.91
-80.72,37.67
-80.8,37.4
-80.2,38
-80.54,37.73
-80.4,37.64
-80.53,37.66
-80.7,37.89
-80.73,37.62
-80.55,37.59
-80.4,37.5
-80.3,37.9
-80.45,37.98
-81.276,38.139
-81.8,38.3
-81.27,38.6
-81.44,37.83
-81.33,37.95
-81.7,38.2
-81.842,38.511
-81.4,38.3
-81.1,38.39
-81.7,37.87
-81.9,37.9
-81.63,38.15
-81.425,38.312
-81.714,37.948
-81.21,38.43
-81.28,38.16
-81.92,38.61
-81.5,38.1
-81.297,38.193
-81.3,38.2
-81.25,38.14
-81,38.5
-81.32,37.91
-81.3,38.5
-81.84,37.93
-81.42,37.94
-81.57,38.12
-81.72,38.14
-81.9,38
-81.4,38.1
-81.3,38.1
-81.19,38.27
-81.42,37.96
-81.49,38.21
-81.45,37.87
-80.9,38.6
-81.74,38.38
-81.43,38.2
-81.93,38.54
-81.5,38.5
-81.4,38.1
-81.9,37.9
-81.74,38.09
-82,38.6
-81.4,38.1
-81.2,38.16
-81.83,38.39
-81.2,38.4
-81.2152,38.1538
-81.7002,37.9782
-81.38,38.17
-81.38,38.19
-82.1,38.79
-81.63,38.22
-81.8614,37.9482
-81.861,38.531
-81.37,38.21
-81.14,38.33
-81.75,38.38
-81.036,38.534
-81.84,37.96
-81.2116,38.1374
-81.32,38.13
-81.23,38.04
-81.88,37.91
-81.9,38.7
-81.76,38.63
-81.21,38.32
-81.37,38.21
-81.7,38
-81.36,38.24
-81.15,38.47
-81.45,38.148
-81.3,38.1
-81.289,38.143
-81.5,37.9
-81.03,38.62
-81.744,38.154
-81.81,38.41
-81.59,38.08
-81.8158,37.9576
-81.2692,38.0522
-81.682,38.137
-81.5,38.5
-81.79,38.52
-81.28,38.32
-81.32,38.07
-81.39,38.21
-81.2,38.51
-81.66,38.13
-81.88,38.54
-81.761,38.139
-81.21,38.06
-81.41,37.87
-81.83,38.37
-81.43,37.79
-81.61,38.1
-81.9,37.9
-81.3,38.1
-81.3,38.18
-82,38.7
-81.557,38.009
-81.5,38.31
-81.85,38.32
-81.9,38
-81.6,37.9
-81.76,38.03
-81.7102,37.971
-81.58,37.79
-81.6,38
-80.87,38.47
-81.91,38.49
-81.55,38.15
-81.2,38.9
-81.08,38.69
-81.87,38.84
-81.81,38.8
-81.5,38.7
-81.6,38.8
-81.74,38.71
-82,38.9
-81.6,38.6
-81.24,38.62
-81.52,38.9
-82,38.9
-81.3,38.7
-82.04,38.99
-81.1,38.8
-81.83,38.89
-81.876,38.87
-82,38.9
-81.15,38.59
-80.96,38.83
-81.12,38.75
-81.44,38.87
-81.7,38.8
-81.62,38.91
-81.3,38.8
-81.1,38.55
-81.4,38.6
-82.06,38.94
-81.63,38.35
-81.58,38.4
-81.68,38.36
-81.6,38.3
-81.4,38.3
-81.75,38.31
-81.55,38.36
-81.6,38.5
-81.77,38.41
-81.66,38.31
-81.56,38.22
-81.6,38.5
-77.97,39.47
-78,39.5
-77.89,39.48
-77.95,39.4
-78.2,39.5
-78.05,39.31
-77.8,39.2
-77.91,39.57
-78.13,39.38
-78.4,39.6
-77.8,39.3
-78.1,39.5
-78.02,39.38
-77.9,39.3
-78.5,39.48
-77.8,39.3
-78.46,39.52
-78.56,39.45
-77.88,39.32
-77.84,39.37
-77.81,39.44
-78.55,39.38
-77.97,39.24
-81.98,38.16
-82.11,38.67
-82.12,38.6
-82.3,38.4
-82.047,38.01
-82.2,38.2
-82.563,38.395
-82,37.9
-82.1,38.4
-82.3,38
-82.3,38.2
-82.56,38.14
-82.14,38.76
-82.5,38
-82.2,38.7
-81.97,38.22
-82.1,38.3
-82.1,38
-82,38.4
-81.84,38.14
-82.54,38.36
-82.26,38.06
-82.4,38.3
-82.27,38.53
-82.062,38.105
-82.1,38.4
-82.22,38.48
-81.989,37.933
-82.07,38.86
-82.55,38.25
-82.2,38.1
-82.24,38.33
-81.89,38.44
-81.91,38.27
-82,38.08
-81.86,38.21
-82.43,38.2
-82.19,38.29
-81.92,38.21
-82,37.8
-81.85,37.72
-81.7,37.8
-81.89,37.57
-81.85,37.72
-81.79,37.71
-81.85,37.61
-81.96,37.91
-82,37.8
-81.85,37.72
-81.7,37.8
-81.92,37.74
-81.79,37.71
-81.9,37.7
-82,37.8
-82.05,37.71
-82,37.8
-82.03,37.71
-82,37.8
-82,37.8
-82,37.9
-81.84,37.64
-81.95,37.57
-82.025,37.817
-82,37.8
-81.87,37.79
-82.3,37.7
-82.2,37.9
-82.46,37.94
-82.1,37.7
-82.17,37.88
-82.11,37.6
-82.4,37.9
-82.2,37.8
-82,37.6
-82.09,37.61
-82.131,37.705
-82.09,37.61
-82.09,37.61
-82.38,37.95
-82.4,38.4
-82.3,38.5
-82.41,38.42
-82.51,38.34
-82.36,38.4
-81.2,37.8
-81.34,37.6
-81.35,37.6
-81.1,38.16
-81.1,37.8
-81.41,37.77
-81.2,37.8
-81.12,37.52
-81.21,37.66
-81.08,37.65
-81.34,37.6
-81.25,37.74
-81,37.9
-81.11,37.71
-81.28,37.77
-81.04,38.05
-81.37,37.77
-81,38.1
-81.08,37.55
-81.13,37.62
-81.37,37.82
-81.53,37.65
-81.153,37.927
-81.43,37.73
-81.28,37.73
-81.315,37.639
-80.97,38.13
-81.1,38
-81.23,37.62
-81.04,38.09
-81.1,37.86
-81.36,37.73
-80.94,38.07
-81.38,37.64
-81.208,37.77
-81.2,37.8
-81.45,37.63
-81.5,37.7
-81.243,37.715
-81.115,37.976
-81.2,37.9
-81.42,37.59
-81.1,38
-81.2,37.57
-81.263,37.91
-81.2,37.8
-81,37.9
-81.25,37.67
-81.167,37.759
-81.48,37.72
-81.28,37.62
-81.49,37.69
-81.153,37.955
-81,37.7
-81.31,37.66
-81.25,37.71
-81.11,37.47
-81.33,37.56
-81.31,37.76
-81.079,37.961
-81.01,38.18
-80.99,38.048
-80.9,37.7
-80.71,38
-80.79,37.96
-81.03,37.61
-81,37.4
-80.7,38
-80.8,37.9
-80.89,37.83
-80.94,37.62
-80.9,37.5
-80.7,38.1
-80.62,37.99
-80.9,37.75
-81.03,37.69
-80.6,40.1
-80.651,40.226
-80.71,40.01
-80.56,40.19
-80.6,39.8
-80.56,40.59
-80.54,40.33
-80.56,39.95
-80.57,40.34
-80.71,39.96
-80.69,39.81
-80.73,39.99
-80.7,39.9
-80.6,40.5
-80.62,40.61
-80.7,39.7
-80.57,40.535
-80.58,40.07
-80.56,40.1
-80.57,40.42
-80.6,40.24
-80.59,40.17
-80.665,40.191
-81.57,39.24
-81.48,39.27
-81.51,39.33
-81.67,39.12
-81.27,39.38
-81.2,39
-80.97,38.99
-81.185,39.034
-81.3,38.94
-81.46,39.21
-81.4,39.1
-81.03,39.46
-81.09,38.94
-81.21,39.08
-80.9,39.5
-81.53,39.15
-81.12,38.9
-81.23,39.01
-80.83,39.64
-80.91,39.61
-81.46,38.97
-81.3,39.2
-81.7,39
-80.7,39.6
-81.57,39.07
-81.2,39.4
-81,39.5
-81.1,39.1
-81.4,39.2
-81.67,39.21
-81.3,39.3
-81.45,39.37
-80.2,39
-80.64,38.24
-80.61,38.55
-80.62,38.31
-80.59,38.45
-80.5,38.3
-79.99,38.39
-80.34,38.7
-80.45,38.62
-80.3,38.8
-80.4,38.7
-80.19,38.73
-80.37,38.77
-80.2,38.64
-80.32,38.75
-80.2352,38.744
-80.2,38.8
-80.13,39.1
-79.8,38.9
-80,39.1
-79.9,38.8
-79.7,38.9
-80.03,38.92
-79.92,38.8
-79.4,39.1
-80.5,38.2
-79.44,38.94
-79.8,38.6
-80.48,38.43
-80.07,38.94
-79.7,38.8
-79.62,39.11
-79.52,38.92
-79.63,39.05
-79.9,38.7
-79.95,38.978
-79.78,39.01
-80,38.8
-79.96,38.76
-80.16,38.46
-79.8,39.1
-80.01,38.91
-79.73,39.09
-80.4,38.5
-80.1,38.5
-79.6,39.2
-79.93,38.81
-80.1,38.5
-79.6,38.8
-80.4,38.5
-80.4,39.3
-80.8,39.4
-80.68,39.04
-80.4,39.3
-80.9,39.09
-80.94,39.14
-80.2,39.3
-80.7,38.9
-81.2,39.2
-80.6,39.1
-80.64,39.4
-80.86,39.03
-80.43,38.88
-81.07,39.31
-80.13,39.3
-80.53,39.46
-80.13,39.23
-80.9,38.9
-80.1,39.3
-80.317,39.371
-81,39.2
-80.32,39.36
-80.32,39.33
-80.4,39
-79.9,39.44
-80.46,38.78
-80.63,39.55
-80.4,39.1
-80.7,39
-80.4,39.2
-80.39,39.38
-80.31,39.34
-79.9,39.2
-80.28,39.22
-79.82,39.4
-80.7,39.2
-80.56,38.89
-80.9,39.3
-80.1,39.2
-80.69,39.57
-80.94,39.19
-80.4388,39.2886
-80.1,39.3
-79.7,39.3
-80.5,39.3
-80.72,38.9
-80.27,39.38
-80.1,39.3
-80.64,39.31
-80.56,39.5
-80.32,39.33
-79.91,39.33
-80.78,39.07
-79.8,39.4
-80.5,38.9
-80.46,39.41
-80.38,39.19
-80.5,39
-80.8,39.3
-80,39.6
-79.95,39.65
-79.9,39.6
-79.6,39.5
-79.82,39.499
-80.23,39.71
-79.6,39.6
-79.99,39.65
-79.7,39.5
-80.1,39.7
-79.78,39.57
-80.01,39.661
-79.81,39.51
-80.1,39.5
-80.169,39.504
-80.124,39.533
-80.4,39.67
-80.28,39.48
-80.34,39.42
-80.2,39.6
-80.26,39.51
-80.308,39.48
-80.18,39.56
-80.49,39.66
-80.25,39.5
-80.57,39.67
-80.4,39.5
-80.44,39.61
-80.109,39.525
-80.301,39.522
-80.14,39.57
-80.3,39.67
-80.29,39.45
-80.7,38.7
-80.7,38.5
-80.8,38.8
-80.716,38.857
-80.89,38.48
-80.73,38.71
-80.6,38.7
-80.9,38.6
-80.8,38.7
-80.64,38.77
-80.7,38.57
-80.53,38.77
-80.87,38.79
-80.96,38.77
-80.9,38.3
-81.16,38.25
-80.71,38.35
-80.75,38.26
-80.67,38.14
-80.91,38.16
-80.8,38.2
-80.89,38.09
-80.7,38.22
-80.88,38.12
-81.1,38.26
-80.68,38.41
-78.6,39.3
-79.57,39.3
-79.365,39.271
-78.9,39.4
-78.5,39.2
-78.65,39.2
-79.53,39.26
-79.2,39.4
-78.78,39.47
-79.4,39.3
-78.62,39.49
-79,39.4
-79.1,39.2
-79.24,39.25
-79.07,39.35
-79.045,39.478
-78.8,39.6
-78.7,39.2
-78.7,39.3
-78.7,39.31
-78.7,39.5
-79.6,39.5
-78.76,39.62
-78.8,39.1
-79.2,38.6
-79.6,38.6
-79.4,38.6
-78.5,39.2
-78.77,38.98
-78.9,38.9
-79.5,38.7
-79.4,38.5
-78.4,39.4
-79.03,39.07
-78.5,39.2
-79.2,39.1
-79,39
-78.94,39.16
-79.2,39
-78.6,39
-78.91,39.26
-79.29,38.95
-78.466,39.23
-79.3,38.8
-79.4,38.8
-88.1,43.6
-88.4,43.5
-88.58,43.17
-87.88,43.5
-88.1,43.06
-88.53,43.63
-88.07,43.11
-88.3,43.6
-88.1,43.7
-88.03,43.31
-87.86,43.56
-88.1,44
-87.8,43.9
-88.719,43.31
-88.25,43.21
-88.39,43.05
-88.31,43.7
-88,43.9
-88,43.5
-88.12,43.24
-88.1,43.78
-87.93,43.33
-88.4,43.3
-88.3,43.1
-87.96,43.64
-88.65,43.44
-88.24,43.23
-88.61,43.34
-88.55,43.39
-88.58,43.17
-88.15,43.32
-88.79,43.09
-88.7,43.4
-88.2,43.5
-88,44
-87.79,43.74
-88.16,43.06
-88.16,43.15
-88.628,43.257
-88.47,43.58
-88.29,43.88
-88.6,43.5
-88.13,43.15
-88.26,43.79
-88.4,43.11
-88.53,43.29
-88.14,43.95
-87.8,44
-88.57,43.68
-88.5,43.1
-88.43,43.11
-87.81,43.62
-88.3,43.1
-88,43.8
-87.87,43.42
-88,43.6
-88.21,43.27
-88.5,43.3
-88.2,43.8
-87.98,43.41
-87.71,43.76
-87.79,43.83
-87.9,43.7
-88.26,43.33
-88.2,44
-88.25,43.15
-88.2,43.5
-88.44,43.49
-87.95,43.22
-87.94,43.65
-88.7,43.2
-88.2,43.4
-87.98,43.24
-88.7,43.2
-88.22,42.88
-88.02,42.55
-88.3,42.6
-87.94,42.82
-87.87,42.95
-88.75,42.61
-88.7,42.7
-88.47,42.98
-88.5,42.89
-88.4,42.8
-88.5,42.7
-88.09,43.05
-88.56,42.54
-88,42.8
-88.33,42.54
-88,42.94
-88.05,42.94
-88.01,42.89
-88.66,43.01
-88.12,42.69
-87.83,42.62
-87.93,42.54
-87.83,42.56
-87.94,42.63
-88.16,42.97
-88.4,42.6
-88.3,42.9
-88.13,42.88
-88.1,42.97
-88.4,42.94
-87.89,42.89
-88.6,42.9
-87.88,42.53
-88.226,42.741
-88.14,42.58
-88.16,42.55
-87.86,42.91
-88,42.7
-88.63,42.98
-88.13,42.52
-88.24,42.52
-88,42.7
-88.38,43
-88.59,42.54
-88.2,42.8
-88.21,43.03
-88.29,43.03
-88.3,42.9
-88.7,42.8
-88.55,42.58
-88.181,42.514
-88.5,42.6
-87.89,43.04
-87.92,43.04
-87.93,43.02
-87.93,43.05
-87.93,43.08
-87.9,42.97
-87.97,43.04
-87.95,43.14
-87.98,43.07
-87.89,43.07
-87.91,43.07
-88,43.05
-88.01,43.02
-87.94,43.01
-87.98,43.09
-87.92,43.14
-88,43.12
-87.99,43
-87.99,42.96
-87.94,42.95
-88.04,43.09
-87.99,43.16
-88.04,43.16
-88.04,43.11
-88.04,43.05
-88.04,42.99
-88.04,42.97
-87.93,43.04
-87.87,42.97
-87.907,43.042
-87.83,42.79
-87.83,42.69
-87.81,42.75
-87.82,42.73
-87.87,42.73
-89.1,42.7
-89.44,42.73
-89.9,43.1
-89.9,42.7
-88.82,42.66
-90.3,43.1
-89.9,43
-89.6,42.9
-90.33,42.74
-89.1,42.6
-89.75,43.12
-89.9,42.8
-89.8,43
-90.6,43.3
-89.4,42.6
-89.4,42.8
-89.78,42.57
-89,43
-88.9,42.6
-90.36,42.98
-89.2,43.1
-89.6,43.1
-89.5,43.2
-90.1,42.7
-89.1,43.1
-89.3,43.2
-90.1,43
-89.1,42.8
-89.3,42.8
-89.1,42.7
-88.9,42.8
-90.2935,43.2237
-90,42.6
-90.4,43.1
-89.92,42.88
-89.05,42.73
-89,42.7
-89.1,42.7
-88.8,43
-89.49,42.57
-88.9,43.1
-90.31,42.91
-90.43,42.9
-89.6,43.3
-90.2,43.2
-88.8,43.35
-89.29,43.01
-89.1,43.2
-89.7,43.2
-89.6,43.4
-89.51,43.1
-88.9,42.8
-90.1,42.8
-89.6,42.6
-90.4,43
-89.6,42.7
-89.358,43.279
-89.7,43
-90.5,43.2
-89.65,42.82
-89.4,42.9
-89.2,42.6
-90,43.3
-89.7,43.3
-88.9,43.3
-90.37,42.86
-90.4,43.4
-89.99,43.01
-89.8,43.3
-88.73,42.54
-90.2,42.6
-89.9,42.6
-90.1,43.2
-89.2,42.9
-89.2,43.2
-89.6,43
-89,43.2
-89.5,43.2
-89.34,43.2
-89.862,42.649
-89.38,43.07
-89.38,43.08
-89.35,43.13
-89.46,43.07
-89.41,43.07
-89.41,43.02
-89.39,43.03
-89.31,43.1
-89.4,43.06
-89.31,43.07
-89.52,43.07
-89.3,43.1
-89.5,43.03
-89.42,43.07
-91.1,42.9
-90.9,42.7
-90.35,42.55
-90.9,42.9
-90.7,43.2
-90.9,42.7
-90.5,42.6
-90.6,42.63
-90.6,43
-90.98,42.82
-90.5,42.5
-90.7,42.8
-90.85,42.97
-90.973,42.94
-90.5,42.8
-90.7,42.7
-91,43.1
-90.58,42.92
-90.9,43.1
-90.8,43
-89.5,43.5
-89.8,43.9
-89.4,43.3
-89.7,43.5
-88.9,43.5
-88.8,43.7
-89.6,43.67
-88.7,43.52
-89.1,43.6
-90.3,43.5
-89.1,43.3
-89.22,43.67
-89.15,43.427
-90.3,43.8
-89.49,43.7
-88.87,43.74
-89.05,43.42
-88.88,43.56
-89.8,43.9
-89.07,43.59
-89.7,43.9
-90.2,43.4
-89.127,43.694
-90.1,43.6
-90,43.4
-89.9,43.7
-89.1,43.7
-89.14,43.74
-90,43.8
-89.3,43.8
-90.1,43.9
-89.9,43.4
-89.6,43.8
-89.461,43.762
-89.3,43.6
-89.4,43.4
-89,43.5
-90,43.5
-89.2,43.4
-89.94,43.45
-88.7,43.7
-89.5,43.9
-89.8,43.7
-90.2,43.6
-89.309,43.495
-92.4,45.3
-92.4,45
-92.4,44.8
-92.1,45.3
-92.2,45.2
-92.65,45.58
-92.4,45.2
-92.6,45.4
-92.5,44.7
-92.5,44.7
-92.2,45.1
-92.6,44.7
-92.5,45
-92.7,45
-92.5,45.1
-92.6,45.3
-92.7,44.7
-92.6,44.8
-92.55,44.98
-92.7,45.5
-92.7,45.1
-92.53,45.23
-92.2,44.92
-92.3,44.9
-92.75,45.08
-88.1,44.8
-88,45.5
-88.5,45.6
-88.3,45.4
-88.5,44.5
-88.4,44.7
-88.1,44.2
-88.4,44.8
-88,45
-88.31,44.26
-88,45.2
-88.1,44.4
-88.2,45.6
-88.5,45.8
-88.3,45.9
-88.156,44.211
-88.4,44.9
-88.3,45.6
-88,44.3
-88.276,44.801
-88.8,44.88
-88.2,44.1
-88.2,44.3
-88.7,45
-88.34,44.27
-88.26,44.76
-88.4,45.3
-88.1,44.9
-88.31,44.29
-88,44.8
-87.7,45.1
-88.5,45.2
-88.83,44.99
-88,45.7
-87.9,44.9
-88.2,44.9
-88.19,44.52
-87.9,45.6
-87.8,45
-87.8,45.2
-88.2,44.1
-88.1,45.1
-88.3,44.7
-88.3,44.5
-88.7,44.8
-88.28,44.18
-88.6,44.5
-88.13,44.73
-88.02,44.63
-88.4,45.1
-88.62,45.31
-87.9,45.4
-88.19,44.33
-87.5,44.6
-87.1,45.1
-87.63,44.76
-87.6,44.6
-87.981,44.081
-87.8,44.4
-87.27,45.01
-87.04,45.26
-87.168,45.157
-87.3,45.1
-87.5,44.7
-87.717,44.2
-87.6,44.4
-87.7,44.6
-87.7,44.1
-87.81,44.28
-87.65,44.27
-87.84,44.57
-87.9,44.2
-87.924,44.007
-87.11,45.19
-87.4,44.8
-87.6,44.2
-87.91,44.02
-86.88,45.36
-87.79,44.2
-88.02,44.48
-87.97,44.52
-88.06,44.54
-88.07,44.49
-88.01,44.513
-87.9,44.5
-88.1,44.6
-89.7,45
-89.5,45
-90.3,45
-89.32,44.41
-89.3,44.5
-89.3,45
-89.2,45.1
-90,44.5
-90,45.1
-90,44.7
-90.2,44.3
-89.2,45
-88.9,45
-89.65,45.03
-89,45.2
-90.4,44.6
-90.3,44.9
-90.4,45
-89.4,44.6
-89.2,45.3
-90.3,45
-90,44.9
-89.3,44.8
-89.2,45.4
-88.88,45.14
-90.8,45.2
-89.4,45.3
-90.4,44.6
-90.7,44.8
-89.4,44.8
-90.11,44.64
-89.7,45.4
-89.8,44.6
-90.5,44.8
-90.74,45.09
-89.8,44.9
-90.2,44.6
-89.04,45.01
-90.4,45.2
-89.7,45.2
-89.9,44.6
-89.7,44.8
-90.6,44.6
-89.8,44.2
-89.3,44.5
-90.3,45.4
-90.5,45
-89.01,45.41
-89.2,45.5
-88.9,45.4
-90.3,44.4
-89.5,44.4
-89.88,44.35
-90.1,45.3
-89.42,44.93
-89.4,44.7
-89.63,44.88
-89.79,44.48
-89.55,44.89
-90.3,44.8
-90.28,45.06
-89.6,44.5
-89.5,44.5
-90.1,44.8
-89.19,45.39
-89,44.7
-89.7,45.5
-90.4,44.8
-90,44.46
-90.4,45.3
-88.7,45.3
-90.8,44.7
-89.7,44.3
-90,44.4
-90.6,45
-89.2,44.8
-89.3,45.7
-88.8,45.7
-89.6,46.1
-90.1,45.6
-90.6,46.1
-90.5,45.5
-90.88,46.19
-89.3,46.1
-88.9,45.5
-89.2,45.9
-90.4,45.8
-90.223,46.429
-90.9,45.5
-90.7,46.1
-89.7,45.7
-90.7,45.5
-89.8,45.7
-90.2,46.4
-90.4,46.3
-90.6,45.5
-89.9,46
-89.6,45.8
-89.4,46.2
-88.6,45.6
-88.8,45.9
-89.9,46.1
-90.7,46.3
-90.1,46.2
-89.8,45.9
-90.27,46.39
-90.3,45.9
-89.1,46.1
-90.4,45.7
-90.3,45.5
-89.8,46.2
-89.5,45.9
-90.5,46.5
-89.5,46
-89.45,46.06
-89.1,45.8
-91,45.5
-89.9,45.6
-90.4,46.3
-88.6,45.4
-89.7,45.9
-91.2,43.8
-91.3,43.9
-91.8,44.3
-91,44.4
-91.5,44.2
-89.9,44.1
-91,43.9
-90.8,44.3
-91.3,44.3
-90.3,44
-90.8,43.8
-91.1,43.7
-91.7,44.3
-91.1,43.7
-91.1,43.5
-91.52,44.13
-91,43.2
-91.2,44.1
-91.1,43.4
-91.7,44.2
-91.3,44.1
-90.8,43.3
-91.14,43.57
-90.4,43.6
-91,44.4
-91.3,44
-90.271,43.878
-90.4,43.8
-90.6,43.6
-90.25,44.16
-91,44.2
-90.645,44.192
-91,44
-90.928,43.315
-90.1,44.1
-90.6,43.8
-91.3,43.9
-90.6,43.7
-90.76,43.46
-90.9,43.8
-90.957,43.266
-90.8,43.4
-90.8,44
-90.9,43.2
-91.2,43.6
-91.1,44.3
-90.5,44
-91.4,44.1
-90.6,43.5
-90.9,43.5
-90.4,44.2
-90.8,43.7
-91.09,43.9
-90.48,43.84
-91.5,44.7
-91.5,44.8
-91.43,44.81
-92.1,44.6
-91.1,44.7
-92.44,44.63
-91.5,45.1
-92,45.1
-91,44.9
-91.2,45
-91.6,45.3
-91.4,44.9
-91.7,45
-91.1,45.4
-91.2,45.1
-91.9,45.3
-92.1,45.1
-91.9,44.6
-91.98,44.73
-91.5,44.6
-91.7,44.8
-92.2,44.8
-91,44.6
-91.3,44.8
-91.1,45.3
-90.89,44.54
-91.5,44.4
-91.3,45.1
-92.1,44.94
-92.3,44.6
-91.9,44.8
-90.8,44.4
-91.7,44.6
-91.9,44.5
-91.5,45.2
-91.2,44.5
-92.1,44.5
-91.209,44.424
-92.2,44.6
-92,45.3
-91.9,45.2
-91.679,45.208
-90.8,45.3
-92.3,44.8
-90.9,44.9
-92.23,44.51
-91.4,44.6
-90.8,44.9
-91.9,45.1
-91.3,44.4
-91.9,45.9
-92.03,45.4
-90.9,46.8
-92.4,45.5
-91.9,45.4
-92,45.7
-90.9,46.9
-91.5,45.7
-91.3,45.5
-91.6,46.6
-91.2,46.2
-91.7,45.4
-92.55,45.48
-92.1,45.5
-91.1,46.8
-91.3,45.8
-92.1,45.5
-92.3,46.1
-91.3,46.3
-91.2,45.7
-92.2,46.4
-92.4,45.7
-91.8,46.3
-91.1,46.3
-92.7,45.8
-91.778,45.608
-91.83,46.49
-91.3,46
-91.2,46.8
-92.14,45.81
-90.7,46.4
-91.4,46.6
-91.1,45.5
-91.7,46.5
-90.7,46.8
-92.4,45.6
-91.7,46.6
-90.8,46.4
-91.1,46.4
-91.6036,45.5924
-92.46,45.52
-91.8,46.1
-90.69,46.608
-91.1,45.8
-91.8,46.6
-91.4,46.8
-91.24,45.79
-91.7,45.5
-91.8,45.7
-92,45.7
-92.4,45.8
-91.7,46.4
-91.9,46.5
-91.7,46
-91.5,45.8
-92.1,46.6
-91.9,46
-92.2,45.4
-91.1,46.7
-92.3,45.9
-91.4,45.4
-90.9,45.8
-88.52,44.07
-88.5,44
-88.6,44
-89.4,44.3
-88.37,44.28
-88.4,44.3
-88.5,44.26
-88.37,44.25
-89.6,44.3
-88.8,44.5
-89,44
-88.6,44
-88.89,44.74
-88.7,44.6
-89.5,44
-88.6,44.3
-88.62,43.83
-88.707,44.665
-89,44
-88.43,43.78
-88.4,43.8
-88.8,44.2
-88.99,43.86
-88.55,44.3
-89.6,44.1
-88.6,44.3
-89.1,44.6
-89.145,44.336
-88.7,44.2
-88.89,44.77
-88.9,44.5
-88.9,44.7
-88.3,44.2
-88.5,44.2
-89.2,43.9
-88.8,44.4
-89,44.5
-88.8,44
-88.7,43.9
-89,44.2
-89.5,44.2
-88.98,44.13
-89.1,43.8
-89.1,44.1
-88.8,43.9
-88.67,43.78
-89.17,44.46
-88.54,43.87
-88.7713,43.9888
-89.1,44.3
-89.3,44.1
-88.9,44.3
-89.2,44.2
-88.49,44.05
-88.8,44.1
-104.79,41.14
-104.86,41.15
-104.9,41.1
-104.8,41.4
-104.3,41.5
-105.6,41.6
-105.4,41.1
-104.4,41.3
-104.4,41.1
-106.2,41.3
-105.7,42.1
-105.18,41.06
-104.478,41.212
-105.16,41.37
-106,41.06
-105.8,41.4
-105.5,41.5
-105.8,41.3
-104.4,41.5
-104.2,41.3
-106,41.7
-105.5,41
-110.8,44.8
-105.1,42
-104.8,41.7
-104.5,42.3
-105,42.5
-104.8,42.3
-104.8,42.4
-104.4,41.8
-104.5,42.5
-104.4,41.7
-104.5,43.2
-104.4,42.2
-104.9,43
-104.4,43.1
-104.7,42.8
-105.1,42.8
-104.2,42.2
-104.2,42.6
-104.39,41.99
-104.4,41.9
-107.4,41.7
-107.7,41.1
-108,42.1
-107.5,41.1
-106.4,41.6
-106.8,41.2
-106.6,42.1
-106.1,42.1
-106.8,41.5
-107.3,41.1
-107,41.8
-106.6,42
-108,41.6
-108,43.9
-108.3,44.3
-108.5,44.4
-108.51,44.8
-110,44
-108.47,44.88
-108.5,44.9
-108.2,44.6
-108.62,44.98
-108.2,44.5
-107.6,44.3
-108.5,43.8
-108.2,44.8
-107.7,44.4
-108.9,44.2
-108.33,44.42
-108.9,44.8
-108.8669,44.7166
-107.8,44.6
-107.4,43.8
-108.5,43.8
-109.5,44.4
-108.6,43.2
-108.6,43
-109.2,43.4
-109.6,43.5
-108.91,43.05
-108.58,42.9
-108.9,43.2
-108.8,42.8
-108.9,43.4
-106.4,43.1
-106.8,43
-106.25,42.84
-106.5,42.7
-107.4,43.1
-105.5,42.9
-106.246,43.412
-106.1,42.9
-105.9,42.8
-107.722,43.162
-106.6,43.7
-106.202,43.608
-107.7,43.3
-106.3,43.4
-106.378,42.844
-106.9,43
-106.988,43.033
-108,43.2
-104.6,43.8
-104.2,44.8
-104.43,44.79
-104.13,44.53
-104.7,44.5
-105.6,44.6
-105.5,43.9
-104.6,44.8
-104.8,44.5
-104.4,44
-105.7,44.9
-105.2,44.2
-104.4,44.4
-104.8,43.9
-105.3,44.8
-105.5,43.75
-106.9,44.8
-106,44.7
-106.8,44.6
-106.993,44.681
-106.7,44.2
-106.4,44.8
-107.6,44.8
-106.4,44.8
-107.4,44.9
-107.1,44.9
-107.2,44.6
-107.21,44.84
-106.8,44.8
-108.9,41.6
-110.4,43.1
-109.6,42.6
-109.9,43.1
-109.7,41.9
-110.8,41.3
-109.3,42.1
-110.4,41.3
-109.97,41.59
-109.7,41.9
-110.11,41.03
-110.3,41.4
-109.7,41.3
-110.33,41.27
-110,43
-108.9,41.6
-109.198,41.669
-110.4,41.3
-108.96,41.76
-110.5,43.5
-110.4,43.7
-110.6,43.7
-110.4,44
-110.8,43.6
-110.9,43.6
-110.3,41.9
-110.9,42.7
-111,42.83
-110.8,43
-110.2,42.6
-110.7,42.2
-110.3,43
-110.3,41.8
-110.9,43.2
-110.9,42.7
-111.1,43.1
-110.5384,41.8141
-110.94,42.83
-110.3,42.2
-110.324,41.769
-111,42.5
-110.9,43
-110.99,43.13
-110.6,44
