"x1","x2","density.1","density.2","density.3","density.4","density.5","density.6","density.7","density.8","density.9","density.10","density.11","density.12","density.13","density.14","density.15","density.16","density.17","density.18","density.19","density.20","density.21","density.22","density.23","density.24","density.25","density.26","density.27","density.28","density.29","density.30","density.31","density.32","density.33","density.34","density.35","density.36","density.37","density.38","density.39","density.40","density.41","density.42","density.43","density.44","density.45","density.46","density.47","density.48","density.49","density.50","density.51","density.52","density.53","density.54","density.55","density.56","density.57","density.58","density.59","density.60","density.61","density.62","density.63","density.64","density.65","density.66","density.67","density.68","density.69","density.70","density.71","density.72","density.73","density.74","density.75","density.76","density.77","density.78","density.79","density.80","density.81","density.82","density.83","density.84","density.85","density.86","density.87","density.88","density.89","density.90","density.91","density.92","density.93","density.94","density.95","density.96","density.97","density.98","density.99","density.100","density.101"
0,0,5.8386766307719e-23,1.61027850995468e-21,3.65382030123803e-20,6.82107751925995e-19,1.04765526323303e-17,1.32386416434592e-16,1.37634740056547e-15,1.17725981744169e-14,8.28468857870147e-14,4.79666809296973e-13,2.28487666359869e-12,8.95458511881971e-12,2.88727259915054e-11,7.65931133223822e-11,1.67167277568592e-10,3.00173555836683e-10,4.43458724277445e-10,5.39005988098759e-10,5.39005988098759e-10,4.43458724277445e-10,3.00173555836683e-10,1.67167277568591e-10,7.65931133223819e-11,2.88727259915053e-11,8.95458511881971e-12,2.28487666359868e-12,4.7966680929697e-13,8.28468857870136e-14,1.17725981744167e-14,1.37634740056547e-15,1.32386416434592e-16,1.04765526323303e-17,6.82107751925995e-19,3.653820301238e-20,1.61027850995464e-21,5.83867663077182e-23,1.74175658897668e-24,4.27484246194121e-26,8.63201885527628e-28,1.43404988615203e-29,1.96008882058911e-31,2.20417898417019e-33,2.0392833630215e-35,1.55227230248496e-37,9.72115775076954e-40,5.49045282474702e-42,5.49856441872626e-40,4.55713050215451e-37,2.74268637921149e-34,1.19863401967191e-31,3.80384503126969e-29,8.765663545517e-27,1.46680554936333e-24,1.78232154721935e-22,1.57262558321662e-20,1.00760515596303e-18,4.68793079291577e-17,1.58379062516742e-15,3.88543913378173e-14,6.92162741519432e-13,8.95369077692092e-12,8.41049837129394e-11,5.73676600966339e-10,2.84143880570306e-09,1.02196316863658e-08,2.66905760349646e-08,5.06181671079455e-08,6.97076833041489e-08,6.97076833041489e-08,5.06181671079455e-08,2.66905760349646e-08,1.02196316863659e-08,2.8414388057031e-09,5.73676600966347e-10,8.41049837129411e-11,8.95369077692118e-12,6.92162741519457e-13,3.88543913378187e-14,1.58379062516742e-15,4.68793079291577e-17,1.00760515596303e-18,1.57262558321662e-20,1.78232154721935e-22,1.46680554936333e-24,8.7656635455175e-27,3.80384503126991e-29,1.19863401967198e-31,2.7426863792201e-34,4.55713052537984e-37,5.49841458275129e-40,4.96715036403284e-43,3.33900476903311e-44,6.71797841838196e-44,1.25508095758658e-43,2.15732007384366e-43,3.41166375896152e-43,4.96394147885307e-43,6.64501363996194e-43,8.18415590269571e-43,9.27386360079738e-43,9.66843779616547e-43
0.01,0.01,1.47513327573481e-22,4.31360078916449e-21,1.03778706513052e-19,2.05416899629331e-18,3.345212416462e-17,4.48198958872918e-16,4.94057617727606e-15,4.48068042404339e-14,3.34325846531104e-13,2.05236948738019e-12,1.03657506854586e-11,4.30730457223569e-11,1.47254989260713e-10,4.14184715218752e-10,9.58468249354904e-10,1.82482409599393e-09,2.85840587890623e-09,3.68371819446583e-09,3.9057866364135e-09,3.40714208118558e-09,2.44529684232546e-09,1.44388479462018e-09,7.01444173411566e-10,2.80358220357465e-10,9.21919689362593e-11,2.49420703187457e-11,5.55177071374385e-12,1.01669375797546e-12,1.53182236514266e-13,1.89883080296356e-14,1.93652783476995e-15,1.62487827637064e-16,1.121702104025e-17,6.37079821668401e-19,2.97693792212732e-20,1.14447239103373e-21,3.61993252569725e-23,9.4200941623079e-25,2.01683154625609e-26,3.55257798981837e-28,5.14845865081659e-30,6.13861576977607e-32,6.02175782476109e-34,4.85999400820815e-36,3.22706574012315e-38,1.78328002503123e-40,2.32147954416281e-39,1.92342616741266e-36,1.15760449280715e-33,5.05906959293899e-31,1.60548728119831e-28,3.69971994597627e-26,6.19094004654513e-24,7.52263709889153e-22,6.63757422078414e-20,4.25279486695729e-18,1.97863298880289e-16,6.68469846664247e-15,1.63992566991472e-13,2.92140838781193e-12,3.77908052088307e-11,3.54981552945765e-10,2.42131443000742e-09,1.19928488814826e-08,4.31339567098892e-08,1.12652802624003e-07,2.13643886176538e-07,2.94214927334341e-07,2.94214927334341e-07,2.13643886176538e-07,1.12652802624003e-07,4.31339567098898e-08,1.19928488814827e-08,2.42131443000746e-09,3.54981552945773e-10,3.77908052088317e-11,2.92140838781203e-12,1.63992566991478e-13,6.68469846664247e-15,1.97863298880289e-16,4.25279486695729e-18,6.63757422078414e-20,7.52263709889153e-22,6.19094004654513e-24,3.69971994597648e-26,1.6054872811984e-28,5.0590695929395e-31,1.15760449286219e-33,1.92342631777854e-36,2.32108025852148e-39,2.96060203168584e-42,2.01427106072464e-42,4.01999958937638e-42,7.38621175053094e-42,1.24860870093476e-41,1.9419576434443e-41,2.77882976760212e-41,3.65841462928347e-41,4.43131579365972e-41,4.93834320910318e-41,5.06335796263265e-41
0.02,0.02,3.38047636117439e-22,1.04811445246008e-20,2.67361659960341e-19,5.61111489655652e-18,9.68855050852056e-17,1.37634740056547e-15,1.60863287347765e-14,1.54684011176632e-13,1.22375230992958e-12,7.96528348567912e-12,4.26548641132515e-11,1.87929735176485e-10,6.81211630340889e-10,2.03155329376456e-09,4.98464229919902e-09,1.00623493359025e-08,1.67118448919599e-08,2.283542058548e-08,2.56716183076683e-08,2.37441754256868e-08,1.80684355464807e-08,1.1312110081912e-08,5.82674896791886e-09,2.46927014969665e-09,8.60935306022365e-10,2.46963085888333e-10,5.82845142675543e-11,1.1317068200548e-11,1.80789955557644e-12,2.37615231525756e-13,2.56941270743612e-14,2.28587812923902e-15,1.67313849132734e-16,1.00755861745517e-17,4.99192861682565e-19,2.03482012524489e-20,6.82406721007104e-22,1.88286932451042e-23,4.27421808727321e-25,7.98275478631788e-27,1.22661568327879e-28,1.55068594589524e-30,1.61286791213509e-32,1.38017248771896e-34,9.71689580453741e-37,5.63648897485133e-39,9.31302756005787e-39,7.69656970529763e-36,4.63214222247769e-33,2.02438138531037e-30,6.42434049720651e-28,1.48043905147089e-25,2.477298158794e-23,3.01017533593451e-21,2.65601835462503e-19,1.70175140034205e-17,7.91747912794898e-16,2.67487507212218e-14,6.56214534803303e-13,1.16899849874181e-11,1.51219510218683e-10,1.42045495660893e-09,9.68886426652783e-09,4.79892588676754e-08,1.7260007484411e-07,4.50779006782928e-07,8.54893767155904e-07,1.17729794230815e-06,1.17729794230815e-06,8.54893767155904e-07,4.50779006782928e-07,1.72600074844112e-07,4.79892588676761e-08,9.68886426652796e-09,1.42045495660897e-09,1.51219510218688e-10,1.16899849874185e-11,6.56214534803322e-13,2.67487507212218e-14,7.91747912794898e-16,1.70175140034205e-17,2.65601835462503e-19,3.01017533593451e-21,2.477298158794e-23,1.48043905147098e-25,6.42434049720688e-28,2.02438138531157e-30,4.63214222576889e-33,7.69657862167313e-36,9.30895647283197e-39,6.09237728981545e-41,1.12692279855895e-40,2.21321190249361e-40,3.99926848581149e-40,6.64885592942944e-40,1.01700263313774e-39,1.43121877695196e-39,1.85309961788692e-39,2.2074979088136e-39,2.41941644546475e-39,2.43966249053362e-39
0.03,0.03,7.02674759248896e-22,2.30997497868636e-20,6.24769487272432e-19,1.39024697853104e-17,2.54521059201332e-16,3.83367327379336e-15,4.75079275840368e-14,4.84369387591767e-13,4.06300075343514e-12,2.8039917488229e-11,1.59208471569464e-10,7.4372987673621e-10,2.85840587890623e-09,9.03841291627543e-09,2.35136512702697e-08,5.03277576761087e-08,8.86246845884666e-08,1.28398939672273e-07,1.53048044634029e-07,1.50090687417534e-07,1.21098655469617e-07,8.03867571288672e-08,4.39025059462635e-08,1.97266675189847e-08,7.29252207830393e-09,2.21799924349275e-09,5.55014907183279e-10,1.14263498123566e-10,1.93539670158002e-11,2.69706920786366e-12,3.09224430428857e-13,2.91685687125875e-14,2.26368531286691e-15,1.44536189329558e-16,7.592709100566e-18,3.28153117898304e-19,1.16685239569777e-20,3.41361802212319e-22,8.21624794169749e-24,1.62701577436946e-25,2.65075508942902e-27,3.55309694782609e-29,3.91835810647904e-31,3.55517353805773e-33,2.65385443866885e-35,1.6301787950046e-37,3.60523263149774e-38,2.91982324148262e-35,1.75728092330306e-32,7.67983066804615e-30,2.43718142887652e-27,5.61629409960031e-25,9.39804649057449e-23,1.14196055293019e-20,1.00760515596303e-18,6.45587965220975e-17,3.00362863745243e-15,1.01475876833982e-13,2.48946001270774e-12,4.43479207360966e-11,5.73676600966331e-10,5.38873436473092e-09,3.67563333038694e-08,1.8205531065594e-07,6.54787362556012e-07,1.71010584562957e-06,3.2431830378241e-06,4.46627740621101e-06,4.46627740621101e-06,3.2431830378241e-06,1.71010584562957e-06,6.54787362556021e-07,1.82055310655944e-07,3.67563333038702e-08,5.38873436473103e-09,5.73676600966347e-10,4.43479207360981e-11,2.48946001270782e-12,1.01475876833982e-13,3.00362863745243e-15,6.45587965220975e-17,1.00760515596303e-18,1.14196055293019e-20,9.39804649057449e-23,5.61629409960067e-25,2.43718142887667e-27,7.67983066810847e-30,1.75728094142224e-32,2.9198717462978e-35,3.64402795968163e-38,2.79536464624179e-39,5.80389797302537e-39,1.12105994137258e-38,1.99226984270188e-38,3.25743892193127e-38,4.90019310337297e-38,6.78201742629163e-38,8.63601526160278e-38,1.01175810963754e-37,1.0905580309073e-37,1.08150780894847e-37
0.04,0.04,1.32483139245763e-21,4.61780562616485e-20,1.32425097082368e-18,3.12438514839474e-17,6.06482735897463e-16,9.68572053581953e-15,1.2726384451584e-13,1.37574440926283e-12,1.22357357119265e-11,8.95327723059682e-11,5.39005988098761e-10,2.66971413599629e-09,1.0879164544508e-08,3.64742140977987e-08,1.00608796499242e-07,2.28320852910747e-07,4.26299492467344e-07,6.54852766174214e-07,8.27622197764976e-07,8.60558121816215e-07,7.361865833833e-07,5.18149641858444e-07,3.0004204685619e-07,1.42944895006446e-07,5.60292480240373e-08,1.80684355464808e-08,4.79386634110043e-09,1.04643174191194e-09,1.87929735176485e-10,2.7767687428391e-11,3.37554215109498e-12,3.37603524783615e-13,2.77798580568165e-14,1.88067038479786e-15,1.04750224486732e-16,4.80017258561097e-18,1.80974904249452e-19,5.61357425852666e-21,1.43258434786911e-22,3.00788026957908e-24,5.19589661680346e-26,7.3844825906172e-28,8.63454095754293e-30,8.30649963141205e-32,6.57440508316743e-34,4.28120223708555e-36,1.49640932536576e-37,1.05015611401022e-34,6.32030637776921e-32,2.76215840663401e-29,8.765663545517e-27,2.01997864691029e-24,3.38013873507472e-22,4.10722068970177e-20,3.62399273162503e-18,2.3219473220632e-16,1.08029700783189e-14,3.64972169808076e-13,8.95369077692086e-12,1.59503493465842e-10,2.06330805266507e-09,1.93813360867314e-08,1.32199288526962e-07,6.5478736255601e-07,2.35503423996968e-06,6.15063461931953e-06,1.16645609511306e-05,1.6063590744591e-05,1.6063590744591e-05,1.16645609511306e-05,6.15063461931953e-06,2.35503423996972e-06,6.54787362556019e-07,1.32199288526965e-07,1.93813360867319e-08,2.06330805266512e-09,1.59503493465847e-10,8.95369077692111e-12,3.64972169808076e-13,1.08029700783189e-14,2.3219473220632e-16,3.62399273162503e-18,4.10722068970177e-20,3.38013873507472e-22,2.0199786469104e-24,8.7656635455185e-27,2.7621584069527e-29,6.3203072955792e-32,1.05039843944906e-34,1.86059633250353e-37,1.33312068502674e-37,2.75024439046644e-37,5.22448478332474e-37,9.13113059764064e-37,1.46829876401027e-36,2.17226650293497e-36,2.95679061140124e-36,3.70285604968059e-36,4.26640304435897e-36,4.52267859214995e-36,4.41101325984217e-36
0.05,0.05,2.26567010260485e-21,8.37324556329435e-20,2.54595425134838e-18,6.36893734131151e-17,1.31081973206581e-15,2.21961973544185e-14,3.09224430428857e-13,3.5442849626904e-12,3.34228191776855e-11,2.59308731004797e-10,1.65520128041909e-09,8.69248801729712e-09,3.75575281148147e-08,1.33508683872859e-07,3.90464577746382e-07,9.39535905372663e-07,1.85996484301724e-06,3.02939358943537e-06,4.05944145228558e-06,4.47544758818194e-06,4.05944145228558e-06,3.02939358943537e-06,1.85996484301724e-06,9.3953590537266e-07,3.90464577746382e-07,1.33508683872859e-07,3.75575281148147e-08,8.69248801729712e-09,1.65520128041908e-09,2.59308731004797e-10,3.34228191776855e-11,3.5442849626904e-12,3.09224430428857e-13,2.21961973544185e-14,1.31081973206581e-15,6.36893734131142e-17,2.54595425134841e-18,8.37324556329435e-20,2.26567010260485e-21,5.04381481457531e-23,9.23806907654091e-25,1.39207582329909e-26,1.7258545424352e-28,1.76037463477885e-30,1.47728955678037e-32,1.01996995321115e-34,1.01142780294443e-36,3.58089259932123e-34,2.15512614583749e-31,9.41853043986415e-29,2.98895489595283e-26,6.8878129248874e-24,1.15257472166706e-21,1.40049835651304e-19,1.23572514069718e-17,7.91747912794893e-16,3.68364472794955e-14,1.24449831797648e-12,3.05306925660089e-11,5.43882097733639e-10,7.03555945747677e-09,6.60873407765804e-08,4.50779006782923e-07,2.23272303683246e-06,8.03030037046529e-06,2.09727071580726e-05,3.97743381125468e-05,5.47743453228741e-05,5.47743453228741e-05,3.97743381125468e-05,2.09727071580726e-05,8.0303003704654e-06,2.23272303683249e-06,4.50779006782931e-07,6.60873407765821e-08,7.03555945747692e-09,5.43882097733659e-10,3.053069256601e-11,1.24449831797648e-12,3.68364472794955e-14,7.91747912794893e-16,1.23572514069718e-17,1.40049835651304e-19,1.15257472166706e-21,6.88781292488784e-24,2.98895489595789e-26,9.41853045495843e-29,2.15513042317988e-31,3.5920183101479e-34,3.10745989163319e-36,5.90521108769468e-36,1.19903774301389e-35,2.24009737121477e-35,3.85043450693672e-35,6.08921597812178e-35,8.85975696992316e-35,1.18601732439219e-34,1.4607269769546e-34,1.65522051428909e-34,1.72564502457908e-34,1.65522051428909e-34
0.06,0.06,3.51449187740053e-21,1.37715180011021e-19,4.43977230341861e-18,1.17760378907839e-16,2.56978804537477e-15,4.61376030058632e-14,6.81510206650264e-13,8.28226866640462e-12,8.28105897533532e-11,6.81211630340892e-10,4.61039190315192e-09,2.56716183076683e-08,1.17605670773952e-07,4.43264440658563e-07,1.37453921907102e-06,3.50679995326826e-06,7.36079057490199e-06,1.27115217355137e-05,1.80605195875576e-05,2.11116681098241e-05,2.03036665584673e-05,1.60651952608295e-05,1.04582051719675e-05,5.60128821866269e-06,2.46818833821249e-06,8.94804758770079e-07,2.66893432707464e-07,6.54948426589785e-08,1.32231806794556e-08,2.1964654402271e-09,3.00173555836685e-10,3.37504912637449e-11,3.12210410858508e-12,2.37615231525756e-13,1.487855603243e-14,7.66490730003935e-16,3.24872269302837e-17,1.13286455968271e-18,3.25014661415453e-20,7.67162785844252e-22,1.48981285039235e-23,2.38032094263707e-25,3.12895222888178e-27,3.38393459909896e-29,3.01095734054059e-31,2.204180207851e-33,1.46721279800564e-35,1.15767027528178e-33,6.96698520082584e-31,3.04477593075984e-28,9.66254553555947e-26,2.22665809100218e-23,3.72598654677674e-21,4.52746180968033e-19,3.99479110828658e-17,2.5595234877661e-15,1.19083044608104e-13,4.0231526018199e-12,9.86981126917224e-11,1.7582351418025e-09,2.27442085921251e-08,2.13643886176536e-07,1.45725607482803e-06,7.21783658927002e-06,2.59599578096361e-05,6.77995302616396e-05,0.000128580512767057,0.000177071794084068,0.000177071794084068,0.000128580512767057,6.77995302616396e-05,2.59599578096364e-05,7.21783658927013e-06,1.45725607482806e-06,2.1364388617654e-07,2.27442085921257e-08,1.75823514180256e-09,9.86981126917259e-11,4.0231526018199e-12,1.19083044608104e-13,2.5595234877661e-15,3.99479110828658e-17,4.52746180968033e-19,3.72598654677674e-21,2.22665809100239e-23,9.66254553577718e-26,3.04477599656461e-28,6.96716860180525e-31,1.20463380607607e-33,1.12349443190962e-34,2.40834387439818e-34,4.80953742233751e-34,8.83688325233674e-34,1.49383874859994e-33,2.3233632552337e-33,3.32459927557717e-33,4.37693692793998e-33,5.30163792299061e-33,5.90824686238441e-33,6.05781484379379e-33,5.71455149092051e-33
0.07,0.07,4.94490805363734e-21,2.05446906780555e-19,7.02264324279842e-18,1.97497325669348e-16,4.56963429618187e-15,8.69883883409347e-14,1.36238777285286e-12,1.75549583415016e-11,1.86105189042428e-10,1.62321771955032e-09,1.16480890115994e-08,6.87689193555744e-08,3.34032967833291e-07,1.33489183870014e-06,4.38896822639983e-06,1.18723969600534e-05,2.64225053539083e-05,4.8380370888637e-05,7.28826248873702e-05,9.03313354530525e-05,9.21112062190152e-05,7.72762647097946e-05,5.33383266525471e-05,3.02895112245947e-05,1.41515743392664e-05,5.43972396389931e-06,1.7203173944441e-06,4.47610135830904e-07,9.58188286012803e-08,1.68756852026334e-08,2.44529684232547e-09,2.91515312419244e-10,2.8592410476039e-11,2.30727723665536e-12,1.53182236514267e-13,8.36713245445563e-15,3.760144157288e-16,1.39024697853106e-17,4.22901317091907e-19,1.05839000244407e-20,2.17927498234545e-22,3.69179817657317e-24,5.14545141675975e-26,5.90022571772623e-28,5.5663868290685e-30,4.32053763340554e-32,2.80187040892966e-34,3.54933858603774e-33,2.13527939314718e-30,9.3317943094749e-28,2.96142932991696e-25,6.82438240950439e-23,1.14196055293018e-20,1.38760103576474e-18,1.22434523195097e-16,7.84456631990714e-15,3.64972169808076e-13,1.23303761621769e-11,3.02495325540313e-10,5.38873436473084e-09,6.97076833041476e-08,6.54787362556007e-07,4.46627740621098e-06,2.21216168093063e-05,7.95634858101723e-05,0.000207795675303678,0.000394080525015685,0.000542699232383191,0.000542699232383191,0.000394080525015685,0.000207795675303678,7.95634858101734e-05,2.21216168093067e-05,4.46627740621105e-06,6.54787362556021e-07,6.97076833041496e-08,5.38873436473103e-09,3.02495325540322e-10,1.23303761621769e-11,3.64972169808076e-13,7.84456631990714e-15,1.22434523195097e-16,1.38760103576474e-18,1.14196055293018e-20,6.82438240950759e-23,2.96142933080307e-25,9.33179694900535e-28,2.13600288968933e-30,5.37246776331752e-33,4.23772453114982e-33,9.0372015481126e-33,1.77493544874494e-32,3.20730404180569e-32,5.33220076910088e-32,8.15608321213849e-32,1.14779834970343e-31,1.48613525583869e-31,1.77035300089207e-31,1.94030587641106e-31,1.95654265131388e-31,1.81516970048045e-31
0.08,0.08,6.3107896422229e-21,2.78001542929226e-19,1.00755861745517e-17,3.0043674674482e-16,7.37047356183856e-15,1.48763829012408e-13,2.4703524353408e-12,3.37504912637449e-11,3.79368173771132e-10,3.50833699013187e-09,2.66932420305908e-08,1.67094039943833e-07,8.60558121816215e-07,3.64635601790215e-06,1.27115217355137e-05,3.64582343866716e-05,8.60306757487753e-05,0.000167020834405196,0.000266776504075501,0.000350577563615015,0.000379035836747599,0.000337159996902701,0.000246746739387599,0.000148568389981133,7.35971547302108e-05,2.99954406212628e-05,1.00579409219141e-05,2.7747414895576e-06,6.29789751341541e-07,1.17605670773953e-07,1.8068435546481e-08,2.28387563671029e-09,2.37511129961046e-10,2.03214687276994e-11,1.43049331945369e-12,8.28468857870141e-14,3.94753650832467e-15,1.54751809462978e-16,4.99119950603379e-18,1.32444441644191e-19,2.89149307957208e-21,5.19362024350694e-23,7.67499034703036e-25,9.33136329958983e-27,9.3340897362354e-29,7.68171985518113e-31,5.2136502644613e-33,1.03379962239078e-32,6.20443393062965e-30,2.71151870635256e-27,8.60495930290336e-25,1.982945610351e-22,3.31816936646631e-20,4.03192145117199e-18,3.557552694981e-16,2.27937817896942e-14,1.06049151204256e-12,3.58280996251217e-11,8.78953935958312e-10,1.56579255274568e-08,2.02548064163559e-07,1.90260106831855e-06,1.2977562870629e-05,6.4278289687852e-05,0.000231185850182979,0.000603787269628213,0.00114507101201765,0.00157690908278578,0.00157690908278578,0.00114507101201765,0.000603787269628213,0.000231185850182982,6.4278289687853e-05,1.29775628706293e-05,1.90260106831859e-06,2.02548064163565e-07,1.56579255274573e-08,8.78953935958343e-10,3.58280996251217e-11,1.06049151204256e-12,2.27937817896942e-14,3.557552694981e-16,4.03192145117199e-18,3.31816936646634e-20,1.98294561036156e-22,8.60495933614976e-25,2.71152844740449e-27,6.23069298237183e-30,7.5436669367157e-32,1.48625963812982e-31,3.12003950570869e-31,6.02657564027307e-31,1.07100115429625e-30,1.7511286727641e-30,2.63423777115973e-30,3.6458658040851e-30,4.6425349194437e-30,5.43899265081993e-30,5.86260397509681e-30,5.81395194033328e-30,5.30470344379391e-30
0.09,0.09,7.30531578980387e-21,3.41212248256896e-19,1.31120272722286e-17,4.14547870630728e-16,1.07829886180399e-14,2.30761428203517e-13,4.06300075343511e-12,5.88559265195693e-11,7.01444173411568e-10,6.87789650692736e-09,5.54852790359449e-08,3.68264220049548e-07,2.01094822875872e-06,9.03445309888049e-06,3.33935398627313e-05,0.000101550639555429,0.000254075319537807,0.000523000267839782,0.000885729185769564,0.0012341263151102,0.00141474407416739,0.00133430700948596,0.00103536448741121,0.00066098313004007,0.00034717392481469,0.000150024931214497,5.33383266525469e-05,1.56018087685408e-05,3.75465577659284e-06,7.434040413788e-07,1.21098655469618e-07,1.62298063572004e-08,1.78956290254304e-09,1.62345483801365e-10,1.21169430989874e-11,7.4405585490786e-13,3.75904583971123e-14,1.56246147649222e-15,5.34319012973346e-17,1.50332040171641e-18,3.47986253057744e-20,6.62723296583826e-22,1.03839359473373e-23,1.33860171428924e-25,1.41971237022368e-27,1.23882217419281e-29,8.89701810581631e-32,2.892426429029e-32,1.70917800282852e-29,7.46960574648996e-27,2.37046690132056e-24,5.46255568561487e-22,9.14078774728232e-20,1.11070093562241e-17,9.80023334951847e-16,6.2791587253833e-14,2.92140838781201e-12,9.86981126917252e-11,2.42131443000737e-09,4.31339567098883e-08,5.57972984095664e-07,5.24122508905364e-06,3.57501786606397e-05,0.000177071794084067,0.00063686344888058,0.0016632940234935,0.00315440531221763,0.00434401913542373,0.00434401913542373,0.00315440531221763,0.0016632940234935,0.000636863448880589,0.00017707179408407,3.57501786606404e-05,5.24122508905376e-06,5.57972984095678e-07,4.31339567098898e-08,2.42131443000746e-09,9.86981126917252e-11,2.92140838781201e-12,6.2791587253833e-14,9.80023334951847e-16,1.11070093562241e-17,9.14078774728342e-20,5.4625556859817e-22,2.37046701610052e-24,7.46993649196391e-27,1.79686390572337e-29,2.1672323579835e-30,4.79992843196806e-30,9.91049079426477e-30,1.88264074514222e-29,3.29039880989934e-29,5.29100800170843e-29,7.82775258727367e-29,1.06547816886883e-28,1.33432251448094e-28,1.53739642091387e-28,1.62974519946224e-28,1.58950664711611e-28,1.42630951540767e-28
0.1,0.1,7.67050735630934e-21,3.79867225745698e-19,1.54774415494697e-17,5.1883125834546e-16,1.43091128082561e-14,3.24682510188766e-13,6.06128487050958e-12,9.3095804564806e-11,1.17640032785178e-09,1.22303751160386e-08,1.04612608491398e-07,7.361865833833e-07,4.26237228043228e-06,2.03036665584673e-05,7.95714330311276e-05,0.000256566234188858,0.000680614870092475,0.00148546690388693,0.00266737539249862,0.00394062323521282,0.00478966678146115,0.00478966678146115,0.00394062323521282,0.00266737539249862,0.00148546690388693,0.000680614870092475,0.000256566234188858,7.95714330311273e-05,2.03036665584673e-05,4.2623722804323e-06,7.36186583383306e-07,1.04612608491398e-07,1.22303751160386e-08,1.17640032785178e-09,9.3095804564806e-11,6.06128487050958e-12,3.2468251018877e-13,1.43091128082561e-14,5.1883125834546e-16,1.54774415494697e-17,3.79867225745698e-19,7.67050735630934e-21,1.27431257802689e-22,1.74175658897671e-24,1.95865780603175e-26,1.81212973542822e-28,1.37945581209406e-30,8.28078079153934e-32,4.46385794657379e-29,1.95083429861311e-26,6.19094004654513e-24,1.42665374199979e-21,2.38729631238867e-19,2.90081371659282e-17,2.5595234877661e-15,1.63992566991476e-13,7.62983198387735e-12,2.57769512850496e-10,6.32373835789881e-09,1.12652802624001e-07,1.45725607482802e-06,1.36884890814982e-05,9.33686155322394e-05,0.000462457780152064,0.0016632940234935,0.00434401913542373,0.00823834922966594,0.0113452594564687,0.0113452594564687,0.00823834922966594,0.00434401913542373,0.00166329402349352,0.000462457780152071,9.33686155322412e-05,1.36884890814985e-05,1.45725607482806e-06,1.12652802624005e-07,6.32373835789899e-09,2.57769512850496e-10,7.62983198387735e-12,1.63992566991476e-13,2.5595234877661e-15,2.90081371659282e-17,2.38729631239219e-19,1.4266537431835e-21,6.1909436924113e-24,1.95186751374188e-26,7.15780419131913e-29,6.4698687149764e-29,1.42631041029082e-28,2.89626994583995e-28,5.41094461648368e-28,9.30070635957912e-28,1.47084724257845e-27,2.1400701101665e-27,2.86481924356147e-27,3.52837911142108e-27,3.9981773319401e-27,4.16828740381495e-27,3.9981773319401e-27,3.52837911142108e-27
0.11,0.11,7.30531578980387e-21,3.83591384549414e-19,1.6571365944737e-17,5.88989272353551e-16,1.72232884433315e-14,4.14366253140539e-13,8.20185892569844e-12,1.33567200974337e-10,1.78956290254304e-09,1.97266675189847e-08,1.78904018099078e-07,1.33489183870014e-06,8.19467387020026e-06,4.13882328739779e-05,0.000171981489912666,0.000587957782539301,0.00165375127827102,0.00382695940799193,0.00728613362706025,0.0114130053629863,0.0147083015114902,0.0155949734630146,0.013603992047451,0.00976354904021994,0.00576512419952069,0.00280071706123312,0.00111941061138645,0.00036810287988087,9.95883700115931e-05,2.21670370179462e-05,4.05944145228559e-06,6.11624017342333e-07,7.58162663236587e-08,7.732142844689e-09,6.48779259071287e-10,4.47871739397944e-11,2.54372392493613e-12,1.18862785447104e-13,4.56963429618187e-15,1.44536189329556e-16,3.76124279577098e-18,8.05277844672923e-20,1.41846866288073e-21,2.05566979226084e-23,2.45101842319801e-25,2.40435953694751e-27,1.94051416731861e-29,3.12497586822995e-31,1.10528182506982e-28,4.83037349697482e-26,1.53291095721365e-23,3.53247348031053e-21,5.91107755504514e-19,7.1825750169916e-17,6.33752155592573e-15,4.06054655598084e-13,1.88918855001861e-11,6.38251554228277e-10,1.56579255274567e-08,2.78934562772138e-07,3.60824654701127e-06,3.38934551828486e-05,0.000231185850182978,0.00114507101201765,0.00411840789042049,0.0107560313635291,0.0203986078181374,0.0280914891801576,0.0280914891801576,0.0203986078181374,0.0107560313635291,0.00411840789042054,0.00114507101201766,0.000231185850182983,3.38934551828493e-05,3.60824654701136e-06,2.78934562772147e-07,1.56579255274572e-08,6.38251554228277e-10,1.88918855001861e-11,4.06054655598084e-13,6.33752155592573e-15,7.18257501699191e-17,5.91107755515194e-19,3.53247351548312e-21,1.53292161199542e-23,4.86006939033657e-26,8.72004910793024e-28,1.79668052665355e-27,3.89946220346617e-27,7.78738609178698e-27,1.43082828556503e-26,2.41875633584448e-26,3.76188500889509e-26,5.38304122147236e-26,7.08693889214522e-26,8.5841730431784e-26,9.56636688231519e-26,9.80854061292189e-26,9.25274407169305e-26,8.03055384261348e-26
0.12,0.12,6.3107896422229e-21,3.51346531351342e-19,1.60933794022213e-17,6.06482735897467e-16,1.88039569796262e-14,4.79666809296973e-13,1.00667596821071e-11,1.73819840504579e-10,2.46927014969668e-09,2.88600765669131e-08,2.77514682177533e-07,2.19550314716323e-06,1.42903141583138e-05,7.65260156345309e-05,0.000337159996902701,0.00122214460080054,0.00364475851354806,0.00894282099945883,0.0180526070966937,0.0299822993243735,0.0409684519942625,0.0460568027777637,0.0425988261275611,0.0324161243944025,0.0202947713229028,0.0104536233296525,0.00443005528232034,0.00154458231338073,0.000443070242157239,0.000104566776681027,2.03036665584673e-05,3.24350698406571e-06,4.26299492467344e-07,4.60971851882496e-08,4.10103628492e-09,3.0017355583668e-10,1.80763549749834e-11,8.95589319809801e-13,3.65061945349335e-14,1.22428868281577e-15,3.37800835521821e-17,7.66826684299393e-19,1.43216589780347e-20,2.20064025305365e-22,2.78204653576572e-24,2.89360563275312e-26,2.47613784351395e-28,2.17438922696726e-30,2.59468787505362e-28,1.13391022322444e-25,3.59844514330439e-23,8.29233555886392e-21,1.38760103576473e-18,1.68607981205202e-16,1.48770700321435e-14,9.53196528785323e-13,4.43479207360978e-11,1.49826915562917e-09,3.67563333038689e-08,6.54787362556e-07,8.47020970255073e-06,7.95634858101716e-05,0.000542699232383186,0.00268800689468827,0.00966779238003996,0.0252493392647373,0.0478848891306581,0.0659436103139784,0.0659436103139784,0.0478848891306581,0.0252493392647373,0.00966779238004009,0.00268800689468831,0.000542699232383196,7.95634858101734e-05,8.47020970255095e-06,6.54787362556024e-07,3.67563333038702e-08,1.49826915562917e-09,4.43479207360978e-11,9.53196528785323e-13,1.48770700321435e-14,1.68607981205285e-16,1.38760103606168e-18,8.29233652045994e-21,3.59873162522889e-23,1.21243574398035e-25,2.00625606534004e-26,4.59481983629326e-26,9.80854066493651e-26,1.9264297209964e-25,3.48105382400867e-25,5.78731471532431e-25,8.85222114413694e-25,1.24576522286193e-24,1.61297985719463e-24,1.92145615235504e-24,2.1059148439899e-24,2.12353745994033e-24,1.97009804643433e-24,1.68160715825205e-24
0.13,0.13,4.94490805363741e-21,2.91898795542864e-19,1.41764013000108e-17,5.66447034415821e-16,1.86213957315089e-14,5.03645276282943e-13,1.12071946192609e-11,2.05177000145952e-10,3.09043811276314e-09,3.82975542197996e-08,3.90464577746383e-07,3.27530581868724e-06,2.26038119306427e-05,0.000128342686836791,0.000599542786386678,0.00230424604264128,0.00728613362706027,0.018955054034628,0.0405707031726921,0.0714429956397402,0.103506206309786,0.123376583355227,0.120992569694651,0.0976212299639618,0.0648021571610524,0.035391116543401,0.0159022537353982,0.0058787190663895,0.00178799519589399,0.000447414033437882,9.21112062190154e-05,1.56018087685408e-05,2.17418775087584e-06,2.49275015616866e-07,2.35136512702694e-08,1.82482409599391e-09,1.16514923488938e-10,6.12070875833787e-12,2.64533993887149e-13,9.40634440677081e-15,2.75181907391544e-16,6.62336197414349e-18,1.31158583428338e-19,2.13685256173816e-21,2.86425718669528e-23,3.15870507654761e-25,2.86593234548287e-27,2.23529532531211e-29,5.77567322128242e-28,2.52356361658992e-25,8.00848694535906e-23,1.84549321790451e-20,3.08816289751293e-18,3.75243963042664e-16,3.31095282525842e-14,2.12137788770868e-12,9.86981126917252e-11,3.33445932775056e-09,8.1802724149071e-08,1.45725607482801e-06,1.88507983659406e-05,0.000177071794084066,0.00120779935353023,0.00598226936019869,0.0215160676299465,0.0561934379510648,0.106569780616604,0.146760203726317,0.146760203726317,0.106569780616604,0.0561934379510648,0.0215160676299468,0.00598226936019878,0.00120779935353025,0.00017707179408407,1.88507983659412e-05,1.45725607482806e-06,8.18027241490736e-08,3.33445932775056e-09,9.86981126917252e-11,2.12137788770868e-12,3.31095282525848e-14,3.75243963044858e-16,3.08816290510805e-18,1.84549563666096e-20,8.0155738842513e-23,4.43400645443675e-25,4.74402689451117e-25,1.08121369157212e-24,2.26993223460698e-24,4.38453383548363e-24,7.79188892532365e-24,1.2740042396213e-23,1.91649542425154e-23,2.652488400046e-23,3.37759826673681e-23,3.9570477053956e-23,4.26523900594033e-23,4.22984303560478e-23,3.8593478494413e-23,3.23975664780405e-23
0.14,0.14,3.51449187740053e-21,2.19967613096334e-19,1.13269909582301e-17,4.79877048140922e-16,1.67264977670992e-14,4.79666809296977e-13,1.13170682005481e-11,2.19678629830033e-10,3.50833699013188e-09,4.60971851882499e-08,4.98318631240118e-07,4.43199698369125e-06,3.24303324412924e-05,0.000195237374334324,0.000967017045531677,0.00394062323521282,0.0132115968070793,0.0364422616764125,0.0827017970343959,0.154413114932091,0.237199098834495,0.299779201716086,0.311709168126515,0.266659626671118,0.187682841790947,0.108680464988388,0.0517771353041824,0.0202947713229028,0.00654470264211146,0.00173642203985061,0.000379035836747599,6.8071429381744e-05,1.00579409219141e-05,1.22268026902488e-06,1.22285887726889e-07,1.00623493359025e-08,6.81211630340894e-10,3.79423591597904e-11,1.73870627165385e-12,6.55522682608759e-14,2.03333455112689e-15,5.18907048838138e-17,1.08950671998295e-18,1.88204442098227e-20,2.67478845067209e-22,3.12758140420717e-24,3.00875935593617e-26,2.40160805553341e-28,1.21991457745554e-27,5.32460598688142e-25,1.68975478571879e-22,3.89390782334021e-20,6.51588504889146e-18,7.91747912794887e-16,6.98596179270876e-14,4.47601208883835e-12,2.08248586031438e-10,7.03555945747697e-09,1.72600074844106e-07,3.07474488409443e-06,3.97743381125463e-05,0.000373613534629911,0.00254840240327555,0.0126223197338303,0.0453979365835312,0.118565630875895,0.224857451898864,0.309657440027763,0.309657440027763,0.224857451898864,0.118565630875895,0.0453979365835318,0.0126223197338305,0.0025484024032756,0.00037361353462992,3.97743381125474e-05,3.07474488409453e-06,1.72600074844112e-07,7.03555945747697e-09,2.08248586031438e-10,4.47601208883835e-12,6.98596179271018e-14,7.91747912847386e-16,6.51588522761472e-18,3.89396379918018e-20,1.70588458429047e-22,4.80873989975029e-24,1.04318828691885e-23,2.34081299962034e-23,4.83314898178584e-23,9.18126399230575e-23,1.60466197237232e-22,2.58031923374024e-22,3.81743904968209e-22,5.19612484308256e-22,6.50722517716114e-22,7.4975761773306e-22,7.94794277935394e-22,7.75170737293793e-22,6.95582746177062e-22,5.7426060632652e-22
0.15,0.15,2.26567010260485e-21,1.50354000566678e-19,8.20905028102292e-18,3.68748664973726e-16,1.36278583515409e-14,4.14366253140536e-13,1.03657506854586e-11,2.13342192080288e-10,3.61253747071347e-09,5.03277576761089e-08,5.76849359832189e-07,5.43972396389927e-06,4.22037384278123e-05,0.000269391939151078,0.00141474407416739,0.00611266765454007,0.0217291779963529,0.063549980907622,0.152913970309593,0.302718190071952,0.493048321774623,0.660693546844399,0.728400538721238,0.660693546844399,0.493048321774623,0.302718190071952,0.152913970309593,0.0635499809076218,0.0217291779963528,0.00611266765454009,0.00141474407416739,0.000269391939151078,4.22037384278123e-05,5.43972396389927e-06,5.76849359832185e-07,5.03277576761083e-08,3.61253747071347e-09,2.13342192080288e-10,1.03657506854586e-11,4.14366253140536e-13,1.36278583515408e-14,3.68748664973726e-16,8.20905028102304e-18,1.50354000566678e-19,2.26567010260485e-21,2.80891096073621e-23,2.86509411388631e-25,2.40840905328254e-27,2.45378186696838e-27,1.06511953154182e-24,3.38013873507912e-22,7.78926550510504e-20,1.30341962237367e-17,1.58379062516738e-15,1.39745247398411e-13,8.95369077692105e-12,4.16574711383418e-10,1.40737385365819e-08,3.45264415634907e-07,6.15063461931941e-06,7.95634858101712e-05,0.000747366180598694,0.00509775367921615,0.0252493392647372,0.0908127766439303,0.237175408502714,0.44979862726674,0.619430177969228,0.619430177969228,0.44979862726674,0.237175408502714,0.0908127766439314,0.0252493392647376,0.00509775367921626,0.00074736618059871,7.95634858101732e-05,6.15063461931963e-06,3.45264415634919e-07,1.40737385365819e-08,4.16574711383418e-10,8.95369077692111e-12,1.39745247398729e-13,1.58379062632312e-15,1.30342000930743e-17,7.79045734497068e-20,3.71789856174856e-22,8.91308356807961e-23,2.11261108123601e-22,4.6626306248852e-22,9.46795676580571e-22,1.76884719527683e-21,3.04041706657264e-21,4.80822518824176e-21,6.99592636844275e-21,9.36514387619499e-21,1.15343326119035e-20,1.30701111563367e-20,1.36262039365279e-20,1.30701111563367e-20,1.15343326119035e-20,9.36514387619499e-21
0.16,0.16,1.32483139245764e-21,9.32182704127706e-20,5.39636211067179e-18,2.5701634381425e-16,1.00711719613743e-14,3.24682510188766e-13,8.61186854000069e-12,1.87929735176487e-10,3.37406329295351e-09,4.98391425263161e-08,6.05685966957223e-07,6.05597501714838e-06,4.98173075088907e-05,0.0003371599969027,0.00187737678941859,0.00860055466581435,0.0324161243944026,0.100520660408022,0.256453830003908,0.538297866985822,0.92959920089318,1.32077377717914,1.54390561671186,1.48481610625906,1.17485482756455,0.764813165010495,0.409624682267107,0.180499703701562,0.0654374673634985,0.0195180346563339,0.00478966678146116,0.000967017045531675,0.000160628488115634,2.19518247650441e-05,2.46818833821248e-06,2.28320852910747e-07,1.7376906867828e-08,1.08807537649485e-09,5.60538057464057e-11,2.37580525935407e-12,8.28468857870141e-14,2.37684657916499e-15,5.61029534869446e-17,1.08950671998294e-18,1.7407392224038e-20,2.28821658973779e-22,2.47468633294084e-24,2.20269438961408e-26,4.78326056225366e-27,2.01997961774863e-24,6.41036848051534e-22,1.47721930942615e-19,2.47191039154257e-17,3.00362863745237e-15,2.65024189664826e-13,1.69805033576399e-11,7.90025974940632e-10,2.66905760349649e-08,6.54787362556e-07,1.16645609511304e-05,0.000150890629529841,0.0014173656713446,0.00966779238003992,0.0478848891306579,0.172224694501805,0.44979862726674,0.853034496148987,1.17473748858311,1.17473748858311,0.853034496148987,0.44979862726674,0.172224694501807,0.0478848891306587,0.00966779238004011,0.00141736567134463,0.000150890629529845,1.16645609511308e-05,6.54787362556021e-07,2.66905760349649e-08,7.90025974940632e-10,1.69805033576416e-11,2.65024189671367e-13,3.00362866086049e-15,2.47191809881909e-17,1.4795540788194e-19,1.29175936576288e-21,1.67063624336087e-21,3.9366464514057e-21,8.54484376998133e-21,1.70644047251863e-20,3.135356674234e-20,5.30019143278333e-20,8.24337300941908e-20,1.17957929625044e-19,1.55295232695246e-19,1.88103943116282e-19,2.09626637628244e-19,2.14933361224934e-19,2.02754259003944e-19,1.75972552697271e-19,1.4051693738526e-19
0.17,0.17,7.02674759248891e-22,5.24223999976116e-20,3.21765190856578e-18,1.62487827637063e-16,6.75090845278127e-15,2.30761428203515e-13,6.48968819319842e-12,1.50156472441635e-10,2.85840587890625e-09,4.47675522393837e-08,5.76849359832191e-07,6.11534684800568e-06,5.33383266525469e-05,0.000382751844743753,0.00225972094806016,0.0109761982859253,0.0438640461355561,0.144219853016524,0.390122519965752,0.868233635310402,1.58976087739135,2.39489577196985,2.96825386965988,3.0267397567783,2.53926913188305,1.75267744790388,0.995302000702029,0.46501543549235,0.17874729322603,0.0565289856226671,0.0147083015114903,0.00314857084040172,0.000554528698758272,8.03515389017128e-05,9.5790840444647e-06,9.3953590537266e-07,7.58162663236595e-08,5.03351095183289e-09,2.74940840421901e-10,1.23556929490428e-11,4.5682995309556e-13,1.3896378976869e-14,3.47782992978858e-16,7.16101601615514e-18,1.21311106147788e-19,1.69077607480757e-21,1.93879208645804e-23,1.82923195783617e-25,9.73012187469439e-27,3.63190063969923e-24,1.1525747217147e-21,2.656018354625e-19,4.44445813091613e-17,5.40047963132157e-15,4.76509552561185e-13,3.05306925660098e-11,1.42045495660896e-09,4.79892588676759e-08,1.17729794230812e-06,2.09727071580722e-05,0.000271299108409207,0.00254840240327554,0.0173825469557833,0.0860963186905656,0.309657440027762,0.808731244089737,1.53374334091269,2.11216053813626,2.11216053813626,1.53374334091269,0.808731244089737,0.309657440027766,0.0860963186905669,0.0173825469557836,0.0025484024032756,0.000271299108409214,2.0972707158073e-05,1.17729794230816e-06,4.79892588676759e-08,1.42045495660897e-09,3.05306925660422e-11,4.76509552685119e-13,5.40048006751392e-15,4.44459937623351e-17,2.69809865859217e-19,1.26869073335706e-20,2.90916992099466e-20,6.74910382294527e-20,1.44074140604698e-19,2.82966363105042e-19,5.11319530434479e-19,8.50077933959809e-19,1.30027106375216e-18,1.82985992457835e-18,2.36924835086658e-18,2.82235813418487e-18,3.09330290079776e-18,3.11918813029537e-18,2.89380647051488e-18,2.47005253582243e-18,1.93977648653375e-18
0.18,0.18,3.38047636117442e-22,2.67400715957087e-20,1.7402307619819e-18,9.31774305737281e-17,4.10463205624345e-15,1.48763829012409e-13,4.43588293995993e-12,1.0882343217541e-10,2.19646544022711e-09,3.64742140977987e-08,4.98318631240115e-07,5.60128821866267e-06,5.17998293177319e-05,0.000394119887858759,0.00246710700068054,0.0127059526930999,0.0538376501146534,0.187682841790947,0.538297866985822,1.27022413536967,2.46602613689317,3.9388968095031,5.17620114856795,5.5963813351041,4.97809370691908,3.6431617090763,2.19357982562092,1.08664591343955,0.442876128736186,0.148503300711542,0.0409684519942625,0.00929870811079707,0.0017364220398506,0.0002667765040755,3.37209248989707e-05,3.50679995326823e-06,3.0004204685619e-07,2.11209213927513e-08,1.22321617203359e-09,5.82845142675543e-11,2.28487666359867e-12,7.36939704568048e-14,1.95551325045132e-15,4.26922637182598e-17,7.66826684299399e-19,1.13319555991815e-20,1.37775540855883e-22,1.37818149825126e-24,2.55078558842171e-26,6.19101684130468e-24,1.96468447862951e-21,4.52746180968033e-19,7.57604495368288e-17,9.20568385462716e-15,8.12260501668563e-13,5.20427670896934e-11,2.42131443000746e-09,8.18027241490736e-08,2.00682780039289e-06,3.57501786606393e-05,0.000462457780152058,0.00434401913542369,0.0296303741125294,0.146760203726316,0.527843578854711,1.37856721341389,2.61442636107615,3.60039912964979,3.60039912964979,2.61442636107615,1.37856721341389,0.527843578854718,0.146760203726319,0.02963037411253,0.00434401913542379,0.000462457780152071,3.57501786606405e-05,2.00682780039296e-06,8.18027241490736e-08,2.4213144300076e-09,5.20427670902677e-11,8.12260503829039e-13,9.20569133284643e-15,7.57842648320902e-17,5.22524827007355e-19,1.9006862759448e-19,4.66538852683956e-19,1.06457192139727e-18,2.23499595895026e-18,4.3170519629082e-18,7.67196482955831e-18,1.25439618207556e-17,1.88699885634683e-17,2.61166424611463e-17,3.32561402750047e-17,3.8961452243005e-17,4.19959318681833e-17,4.16474199192516e-17,3.7999490559621e-17,3.18989391359272e-17,2.46367546652707e-17
0.19,0.19,1.47513327573481e-22,1.23719466397573e-20,8.53698326131801e-19,4.84652474924737e-17,2.26368531286693e-15,8.69883883409353e-14,2.75021172604718e-12,7.15369776089939e-11,1.53092762193933e-09,2.69549383959793e-08,3.90464577746383e-07,4.65355180319425e-06,4.56296436768825e-05,0.000368102879880874,0.00244315469459033,0.0133411212335776,0.0599367663212466,0.221540891682727,0.673711721804293,1.68559766578684,3.4697113921978,5.87614354187713,8.18749510900965,9.38575739446218,8.85211828021683,6.86886064492081,4.38512336871913,2.30323652983782,0.995302000702026,0.353859473899553,0.103506206309786,0.0249093025814978,0.00493192380576003,0.000803398029217618,0.000107672495548307,1.18723969600533e-05,1.07703955285549e-06,8.03867571288669e-08,4.93624809575843e-09,2.49384273314276e-10,1.03657506854585e-11,3.54480270925866e-13,9.97339436460243e-15,2.30862571361545e-16,4.39666805818199e-18,6.88895648201952e-20,8.88061040027551e-22,9.41875632124493e-24,1.05079738209708e-25,1.00056097573042e-23,3.17507629709242e-21,7.31671513753037e-19,1.22434523195095e-16,1.48770700321434e-14,1.31267340465893e-12,8.41049837129405e-11,3.91302426999532e-09,1.32199288526965e-07,3.24318303782402e-06,5.77749486072818e-05,0.00074736618059869,0.00702025812739433,0.0478848891306577,0.237175408502714,0.853034496148985,2.22786718530057,4.22510751855348,5.8185128711046,5.8185128711046,4.22510751855348,2.22786718530057,0.853034496148996,0.237175408502718,0.0478848891306587,0.00702025812739449,0.00074736618059871,5.77749486072838e-05,3.24318303782414e-06,1.32199288526965e-07,3.91302426999764e-09,8.41049837223056e-11,1.31267343930998e-12,1.4877187990073e-14,1.22803965542286e-16,1.79624342098436e-18,2.82553321047846e-18,6.88428221496954e-18,1.54494399700344e-17,3.1898939135965e-17,6.05966384235097e-17,1.05908207642535e-16,1.70301901519468e-16,2.51952208313841e-16,3.42945915272198e-16,4.29478960120584e-16,4.94842445496807e-16,5.24566786463045e-16,5.11615186358258e-16,4.59086855568556e-16,3.79013852031669e-16,2.87888356319369e-16
0.2,0.2,5.83867663077186e-23,5.19210321539268e-21,3.79867225745693e-19,2.28654601684527e-17,1.13236824060202e-15,4.61376030058628e-14,1.5466141834918e-12,4.26548641132515e-11,9.67864921999962e-10,1.80684355464807e-08,2.77514682177533e-07,3.50679995326825e-06,3.64582343866716e-05,0.000311845790827701,0.00219454127568942,0.0127059526930998,0.0605243769936951,0.237199098834495,0.764813165010495,2.02888433310153,4.42811443162788,7.9513339807073,11.7468323069299,14.277795447465,14.277795447465,11.7468323069299,7.9513339807073,4.42811443162787,2.02888433310152,0.764813165010497,0.237199098834495,0.0605243769936951,0.0127059526930998,0.00219454127568941,0.0003118457908277,3.64582343866713e-05,3.50679995326828e-06,2.77514682177534e-07,1.80684355464808e-08,9.67864921999962e-10,4.26548641132515e-11,1.5466141834918e-12,4.61376030058641e-14,1.13236824060202e-15,2.2865460168453e-17,3.79867225745698e-19,5.192103215463e-21,5.83868245880206e-23,5.75263971237387e-25,1.53332214051963e-23,4.86466733226667e-21,1.12102455592331e-18,1.8758705841974e-16,2.27937817896941e-14,2.01120187525389e-12,1.28860766403365e-10,5.99530829359147e-09,2.02548064163565e-07,4.96901650045855e-06,8.85194173731693e-05,0.00114507101201763,0.0107560313635291,0.0733664432250207,0.363386372156072,1.30696986182703,3.41340857900397,6.47346410333652,8.9147871481369,8.9147871481369,6.47346410333652,3.41340857900397,1.30696986182705,0.363386372156078,0.0733664432250221,0.0107560313635293,0.00114507101201766,8.85194173731724e-05,4.96901650045872e-06,2.02548064163573e-07,5.99530829362699e-09,1.28860766543882e-10,2.01120238657342e-12,2.27954936364351e-14,1.92859917594357e-16,1.60639716162282e-17,3.89663169103114e-17,9.34636805319331e-17,2.0628102128753e-16,4.18875086813293e-16,7.82561687607895e-16,1.34512122754422e-15,2.12722321507278e-15,3.09509151490743e-15,4.14326506891902e-15,5.10294321539136e-15,5.78239221060858e-15,6.02841510376467e-15,5.78239221060858e-15,5.10294321539136e-15,4.14326506891902e-15,3.09509151490743e-15
0.21,0.21,2.09617430323004e-23,1.97641619147879e-21,1.53316546053381e-19,9.78496471247963e-18,5.13794101422137e-16,2.21961973544188e-14,7.88910351288632e-13,2.30694024050371e-11,5.55014907183284e-10,1.09858221703035e-08,1.78904018099079e-07,2.39699560648511e-06,2.64225053539083e-05,0.000239629545715681,0.00178799519589401,0.0109761982859253,0.0554366723953265,0.230357298495414,0.787528742098265,2.2150853387728,5.12594716515305,9.7592715335732,15.2869304973824,19.7007515364789,20.8883872262764,18.2216054669328,13.0775979541442,7.72198471339277,3.75136659417997,1.49937301088059,0.493048321774624,0.133391726569423,0.0296912113373069,0.00543734076744925,0.000819228025070824,0.000101550639555428,1.03566700008687e-05,8.68994898901106e-07,5.99893186252452e-08,3.40714208118556e-09,1.59208471569462e-10,6.1207087583378e-12,1.93596218556348e-13,5.03792431301261e-15,1.07861391904017e-16,1.89994056539183e-18,2.75342736120064e-20,3.2829703266902e-22,3.27142300277137e-24,2.22925724569779e-23,7.06626241509509e-21,1.62836490007033e-18,2.72483042431146e-16,3.31095282525839e-14,2.92140838781199e-12,1.87179083543341e-10,8.70859566705891e-09,2.94214927334343e-07,7.2178365892699e-06,0.000128580512767054,0.00166329402349348,0.015623871791098,0.106569780616603,0.52784357885471,1.89846318459551,4.95820960413174,9.40314970982202,12.9493385376035,12.9493385376035,9.40314970982202,4.95820960413174,1.89846318459554,0.527843578854718,0.106569780616605,0.0156238717910983,0.00166329402349352,0.000128580512767059,7.21783658927016e-06,2.94214927334462e-07,8.70859566755762e-09,1.87179085483118e-10,2.92141532969283e-12,3.31323848412489e-14,3.41722628585092e-16,1.9460570116119e-16,4.94849511759042e-16,1.16744487526784e-15,2.53404660689632e-15,5.06059538296636e-15,9.29816877008954e-15,1.57181716711201e-14,2.4446428728912e-14,3.49814343751486e-14,4.60541314057518e-14,5.5783835497498e-14,6.21665749033169e-14,6.37403292395852e-14,6.01285121583084e-14,5.2186167759764e-14,4.16715013510695e-14,3.06148180269819e-14
0.22,0.22,6.82606106523592e-24,6.82406721007119e-22,5.61275435145519e-20,3.79811743122638e-18,2.11456166467373e-16,9.68572053581967e-15,3.65008625154976e-13,1.13170682005481e-11,2.88685089007321e-10,6.05862936212689e-09,1.04612608491398e-07,1.48611798676059e-06,1.73692938744051e-05,0.000167020834405196,0.00132135267475274,0.00860055466581436,0.0460568027777638,0.202918071104857,0.735541663553964,2.19357982562093,5.38219244310255,10.8648720017994,18.0446980723697,24.6566595420475,27.7190582120502,25.6378921240483,19.5094836138153,12.2143074154377,6.29146132873522,2.66620678916351,0.929599200893181,0.266659626671117,0.0629329956717538,0.0122196609688228,0.00195208858366338,0.000256566234188857,2.77433621654188e-05,2.46818833821249e-06,1.80657965080727e-07,1.0879164544508e-08,5.39005988098759e-10,2.19710720324423e-11,7.36832068675629e-13,2.03303756647855e-14,4.615108348535e-16,8.6194193900262e-18,1.32444441644329e-19,1.67436101926208e-21,1.7485186397401e-23,3.08129516023979e-23,9.73114697342557e-21,2.24246651436178e-18,3.75243963042664e-16,4.55960506206991e-14,4.02315260181984e-12,2.57769512850495e-10,1.19928488814826e-08,4.05171545114211e-07,9.93988316552353e-06,0.000177071794084065,0.00229056838000694,0.0215160676299464,0.146760203726316,0.726908047667278,2.61442636107614,6.82808810724701,12.9493385376035,17.8328936299194,17.8328936299194,12.9493385376035,6.82808810724701,2.61442636107618,0.726908047667289,0.146760203726319,0.0215160676299469,0.002290568380007,0.000177071794084071,9.93988316552421e-06,4.05171545115759e-07,1.19928488879229e-08,2.57769537487249e-10,4.02323931212645e-12,4.5876830988175e-14,1.2117547535863e-15,2.2951426554351e-15,5.7824019417544e-15,1.34164845780341e-14,2.86403761097838e-14,5.62506431236565e-14,1.01644775417883e-13,1.68986270897224e-13,2.58479781019036e-13,3.63756301117436e-13,4.70980868515606e-13,5.61054177716019e-13,6.14915057877618e-13,6.20060760676589e-13,5.75257331845634e-13,4.9101964687464e-13,3.85606521165105e-13,2.78611259284548e-13
0.23,0.23,2.01624244077395e-24,2.1371647116055e-22,1.86377228927727e-20,1.33723371999781e-18,7.8937142610678e-17,3.83367327379336e-15,1.53182236514269e-13,5.03571714893266e-12,1.3619898268235e-10,3.03072137821244e-09,5.54852790359451e-08,8.35736076207389e-07,1.03566700008687e-05,0.000105591932987124,0.000885729185769567,0.00611266765454007,0.034707251720693,0.162132201820814,0.623128979137408,1.97036294079279,5.12594716515305,10.9713895057439,19.3200726466172,27.9908115186655,33.3642861972674,32.7195859477827,26.3993585076765,17.5242145545283,9.57069250163219,4.30038934764287,1.58976087739135,0.483521117320835,0.120992569694651,0.0249093025814978,0.00421914109462632,0.000587957782539301,6.74105469343678e-05,6.35871223849043e-06,4.93480624464313e-07,3.15087121706462e-08,1.65520128041908e-09,7.15369776089929e-11,2.54372392493616e-12,7.44164546045729e-14,1.79113198375064e-15,3.54687445196289e-17,5.77861361470394e-19,7.74570796163572e-21,8.55113337064408e-23,4.08100048853338e-23,1.27050402341752e-20,2.92777587936081e-18,4.89920458934651e-16,5.95304395161201e-14,5.25264884494255e-12,3.36545209178269e-10,1.56579255274572e-08,5.28994064874663e-07,1.29775628706289e-05,0.000231185850182975,0.00299057792390549,0.0280914891801573,0.191610881038384,0.949054906650035,3.41340857900397,8.91478714813689,16.9067233695151,23.2827181561069,23.2827181561069,16.9067233695151,8.91478714813689,3.41340857900401,0.94905490665005,0.191610881038388,0.0280914891801579,0.00299057792390557,0.000231185850182984,1.29775628706335e-05,5.28994064893377e-07,1.56579256039788e-08,3.36545497066624e-10,5.25364533525693e-12,6.27038836457615e-14,9.78808922902436e-15,2.50682207944557e-14,6.21665876083512e-14,1.41856711558318e-13,2.97818470350832e-13,5.75257331845634e-13,1.022307365254e-12,1.67151242787458e-12,2.51447037613739e-12,3.48010405898491e-12,4.43145894153102e-12,5.19170518555531e-12,5.59605673557562e-12,5.54961669835083e-12,5.063521527801e-12,4.25060869632857e-12,3.28290552808909e-12,2.33278351302758e-12
0.24,0.24,5.40188260604335e-25,6.07103169639275e-23,5.6135742585267e-21,4.2704737538914e-19,2.67283565079351e-17,1.37634740056547e-15,5.83100604772615e-14,2.03244372730641e-12,5.82845142675553e-11,1.3751416821366e-09,2.66932420305909e-08,4.26299492467345e-07,5.60128821866269e-06,6.05509049393511e-05,0.000538533803930098,0.00394062323521281,0.0237233748706253,0.117502644950287,0.478826774594737,1.60534664411739,4.42811443162788,10.0491298871991,18.7628020657667,28.8221615344471,36.4262959639546,37.8759111634703,32.4019225721974,22.8054204671206,13.2058086768692,6.29146132873524,2.46602613689317,0.795249550578934,0.21099336705098,0.0460568027777637,0.00827138780527275,0.00122214460080053,0.000148568389981133,1.48590092743434e-05,1.22268026902488e-06,8.27743096213396e-08,4.61039190315188e-09,2.11270925011101e-10,7.96528348567921e-12,2.47071330262698e-13,6.30526121577374e-15,1.32386416434593e-16,2.28688003382383e-18,3.25014663299504e-20,3.80147113271059e-22,5.32111429115863e-23,1.57262847682225e-20,3.62399273181339e-18,6.06422163250663e-16,7.3686610249203e-14,6.50171393591676e-12,4.16574711383415e-10,1.93813360867319e-08,6.54787362556019e-07,1.60635907445906e-05,0.000286161193769628,0.00370172892540165,0.0347715661326075,0.237175408502713,1.1747374885831,4.22510751855347,11.0346984060396,20.927094535951,28.8192829123414,28.8192829123414,20.927094535951,11.0346984060396,4.22510751855352,1.17473748858312,0.237175408502718,0.0347715661326082,0.00370172892540175,0.000286161193769648,1.60635907446388e-05,6.54787362764026e-07,1.93813369232427e-08,4.1657780647493e-10,6.51225014147494e-12,1.06685837382704e-13,9.5695819558651e-14,2.52101516479511e-13,6.14915073603875e-13,1.37997060108748e-12,2.84926821700257e-12,5.41259617385955e-12,9.45990362468528e-12,1.52116593353412e-11,2.25048054511531e-11,3.06325201716618e-11,3.83618008651775e-11,4.42001800238507e-11,4.68552093847191e-11,4.56983501430794e-11,4.10064291116769e-11,3.38541704410863e-11,2.57146841219558e-11,1.79704521527702e-11
0.25,0.25,1.31273582721284e-25,1.56428835621434e-23,1.53361342063996e-21,1.23701396187629e-19,8.20905028102292e-18,4.48198958872914e-16,2.01329949347572e-14,7.44055854907866e-13,2.26236308576391e-11,5.65950811130839e-10,1.16480890115995e-08,1.97237862826367e-07,2.74780246443192e-06,3.14949078946411e-05,0.000296998865119865,0.00230424604264127,0.0147083015114902,0.0772424092198932,0.333740345705327,1.18637292034177,3.4697113921978,8.34881989312692,16.5278531593103,26.9195262458409,36.0726453965407,39.7693218973253,36.0726453965407,26.9195262458409,16.5278531593103,8.34881989312694,3.4697113921978,1.18637292034177,0.333740345705327,0.0772424092198928,0.0147083015114902,0.00230424604264127,0.000296998865119865,3.14949078946411e-05,2.74780246443192e-06,1.97237862826367e-07,1.16480890115994e-08,5.65950811130831e-10,2.26236308576391e-11,7.44055854907866e-13,2.01329949347572e-14,4.48198958872914e-16,8.20905028102321e-18,1.23701396408723e-19,1.53374648623729e-21,7.37964344000378e-23,1.8455063452628e-20,4.25279486786359e-18,7.11643000985031e-16,8.64720381739766e-14,7.6298319838773e-12,4.88854952388715e-10,2.27442085921256e-08,7.68400088147544e-07,1.88507983659406e-05,0.000335813271744652,0.00434401913542367,0.0408048108580255,0.278327920209857,1.37856721341388,4.95820960413173,12.9493385376035,24.5581729362118,33.8197417918212,33.8197417918212,24.5581729362118,12.9493385376035,4.95820960413179,1.37856721341391,0.278327920209863,0.0408048108580264,0.00434401913542381,0.00033581327174477,1.8850798366436e-05,7.68400090274767e-07,2.27442170054566e-08,4.88885567206743e-10,7.73232733824696e-12,4.02179955639268e-13,8.95407772932382e-13,2.33278776582244e-12,5.59605675403057e-12,1.23508990996832e-11,2.50797863088211e-11,4.68552093847189e-11,8.05379790021031e-11,1.27365664239125e-10,1.85315947985072e-10,2.48074439900085e-10,3.05534345242946e-10,3.4621577067083e-10,3.60946180240842e-10,3.4621577067083e-10,3.05534345242947e-10,2.48074439900085e-10,1.85315947985072e-10,1.27365664239126e-10
0.26,0.26,2.8936056327076e-26,3.65595575874367e-24,3.80033722248783e-22,3.25014661415455e-20,2.28688003382361e-18,1.32386416434593e-16,6.30526121577374e-15,2.47071330262698e-13,7.96528348567921e-12,2.11270925011103e-10,4.61039190315193e-09,8.27743096213396e-08,1.22268026902488e-06,1.48590092743434e-05,0.000148568389981133,0.00122214460080054,0.00827138780527278,0.0460568027777638,0.21099336705098,0.795249550578934,2.46602613689317,6.29146132873522,13.2058086768692,22.8054204671206,32.4019225721974,37.8759111634703,36.4262959639546,28.8221615344471,18.7628020657667,10.0491298871991,4.42811443162788,1.60534664411739,0.478826774594737,0.117502644950287,0.0237233748706252,0.00394062323521279,0.000538533803930098,6.05509049393511e-05,5.60128821866269e-06,4.26299492467345e-07,2.66932420305906e-08,1.37514168213659e-09,5.82845142675553e-11,2.03244372730641e-12,5.83100604772615e-14,1.37634740056547e-15,2.67283565079351e-17,4.27047375635123e-19,5.61372230243192e-21,1.25409825613325e-22,2.05328211399533e-20,4.73150365788984e-18,7.91747912794904e-16,9.62056194532937e-14,8.48867134201975e-12,5.43882097733655e-10,2.53043726363662e-08,8.5489376715591e-07,2.09727071580722e-05,0.000373613534629907,0.00483299643058683,0.0453979365835308,0.30965744002776,1.53374334091269,5.51632222875393,14.4069593111022,27.3225228624298,37.6266048255561,37.6266048255561,27.3225228624298,14.4069593111022,5.516322228754,1.53374334091271,0.309657440027766,0.0453979365835319,0.00483299643058717,0.000373613534630951,2.09727071628072e-05,8.54893787170953e-07,2.53044504889801e-08,5.44160708992938e-10,9.40601681231311e-12,2.87512515352312e-12,7.74590576659657e-12,1.98604258354151e-11,4.68552094052512e-11,1.01703548608068e-10,2.03106172998796e-10,3.73180491992398e-10,6.30846264731012e-10,9.81153442800388e-10,1.40397418174546e-09,1.84837507699007e-09,2.23887516896284e-09,2.49504537737902e-09,2.55820775182129e-09,2.41324806043419e-09,2.09448335917858e-09,1.67247893222571e-09,1.22872074448878e-09,8.30528458644039e-10
0.27,0.27,5.78537015378721e-27,7.75023475068529e-25,8.54197265966772e-23,7.74570780942539e-21,5.77861361470218e-19,3.54687445196287e-17,1.79113198375063e-15,7.44164546045724e-14,2.54372392493616e-12,7.15369776089934e-11,1.65520128041909e-09,3.15087121706462e-08,4.93480624464313e-07,6.35871223849043e-06,6.74105469343675e-05,0.000587957782539301,0.00421914109462634,0.0249093025814978,0.12099256969465,0.483521117320835,1.58976087739135,4.30038934764285,9.5706925016322,17.5242145545283,26.3993585076765,32.7195859477827,33.3642861972674,27.9908115186655,19.3200726466172,10.9713895057439,5.12594716515305,1.97036294079279,0.62312897913741,0.162132201820814,0.034707251720693,0.00611266765454004,0.00088572918576957,0.000105591932987124,1.03566700008687e-05,8.35736076207389e-07,5.54852790359447e-08,3.03072137821243e-09,1.3619898268235e-10,5.03571714893266e-12,1.53182236514268e-13,3.83367327379333e-15,7.89371426106768e-17,1.33723372025725e-18,1.86378790466979e-20,2.81960295255593e-22,2.16590797779669e-20,4.99070102412221e-18,8.35120797921261e-16,1.0147587683398e-13,8.95369077692099e-12,5.73676600966339e-10,2.66905760349648e-08,9.01725856712209e-07,2.21216168093059e-05,0.000394080525015677,0.00509775367921613,0.0478848891306576,0.326620840066809,1.61776361133408,5.81851287110459,15.1961895460309,28.8192829123414,39.6878346468382,39.6878346468382,28.8192829123414,15.1961895460309,5.81851287110466,1.61776361133411,0.326620840066815,0.047884889130659,0.00509775367921814,0.000394080525024912,2.21216168509782e-05,9.01726029976387e-07,2.66912388421598e-08,5.76009384479367e-10,1.65075772491329e-11,2.26062813279873e-11,6.16871555531266e-11,1.55564778587271e-10,3.60946180262501e-10,7.70517367717566e-10,1.51332151875465e-09,2.73456830654752e-09,4.54626908994975e-09,6.95392964519888e-09,9.78620345466073e-09,1.26708859431098e-08,1.50941449408563e-08,1.65431742219692e-08,1.6681610021853e-08,1.54762550392472e-08,1.32099929260045e-08,1.03740439903675e-08,7.49553055092669e-09,4.98270832231229e-09
0.28,0.28,1.04918667683366e-27,1.49024814373793e-25,1.74150219160375e-23,1.67436090267981e-21,1.3244444164419e-19,8.6194193900262e-18,4.615108348535e-16,2.03303756647855e-14,7.36832068675629e-13,2.19710720324426e-11,5.39005988098763e-10,1.0879164544508e-08,1.80657965080727e-07,2.46818833821249e-06,2.77433621654187e-05,0.000256566234188857,0.00195208858366339,0.0122196609688229,0.0629329956717538,0.266659626671117,0.929599200893179,2.6662067891635,6.29146132873522,12.2143074154377,19.5094836138153,25.6378921240483,27.7190582120502,24.6566595420474,18.0446980723696,10.8648720017994,5.38219244310255,2.19357982562092,0.735541663553963,0.202918071104856,0.0460568027777636,0.00860055466581432,0.00132135267475274,0.000167020834405196,1.7369293874405e-05,1.48611798676059e-06,1.04612608491398e-07,6.05862936212683e-09,2.88685089007321e-10,1.13170682005481e-11,3.65008625154976e-13,9.68572053581967e-15,2.11456166467368e-16,3.79811743148578e-18,5.61276996684776e-20,7.50650545102165e-22,2.16638895965914e-20,4.99070106464921e-18,8.3512079792154e-16,1.0147587683398e-13,8.95369077692099e-12,5.73676600966339e-10,2.66905760349648e-08,9.01725856712209e-07,2.21216168093059e-05,0.000394080525015677,0.00509775367921613,0.0478848891306576,0.326620840066809,1.61776361133408,5.81851287110459,15.1961895460309,28.8192829123414,39.6878346468382,39.6878346468382,28.8192829123414,15.1961895460309,5.81851287110466,1.61776361133411,0.326620840066816,0.0478848891306617,0.00509775367923198,0.000394080525091621,2.21216171467792e-05,9.0172723668281e-07,2.66957677401503e-08,5.9164705311911e-10,6.61827727535898e-11,1.67782279772535e-10,4.52021935959093e-10,1.12109615983387e-09,2.55820775184295e-09,5.37078232910144e-09,1.03740439903675e-08,1.84360302628312e-08,3.01436287679858e-08,4.53453173918433e-08,6.27593089220352e-08,7.99158002097162e-08,9.36258870567901e-08,1.00917859771029e-07,1.00080371985278e-07,9.13142556689327e-08,7.66543930175999e-08,5.92030809157176e-08,4.20688228457836e-08,2.75033252725535e-08
0.29,0.29,1.72585454243517e-28,2.59915469560926e-26,3.22047313219267e-24,3.28296948012897e-22,2.75342736119046e-20,1.89994056539187e-18,1.07861391904017e-16,5.03792431301261e-15,1.93596218556351e-13,6.12070875833791e-12,1.59208471569465e-10,3.40714208118558e-09,5.99893186252458e-08,8.68994898901109e-07,1.03566700008688e-05,0.000101550639555429,0.000819228025070832,0.0054373407674493,0.029691211337307,0.133391726569423,0.493048321774625,1.49937301088059,3.75136659417998,7.72198471339279,13.0775979541442,18.2216054669329,20.8883872262764,19.7007515364789,15.2869304973824,9.75927153357321,5.12594716515305,2.2150853387728,0.787528742098265,0.230357298495413,0.0554366723953262,0.0109761982859253,0.00178799519589401,0.000239629545715681,2.64225053539084e-05,2.39699560648509e-06,1.78904018099076e-07,1.09858221703033e-08,5.55014907183282e-10,2.30694024050369e-11,7.88910351288626e-13,2.21961973544185e-14,5.13794101422129e-16,9.78496471272548e-18,1.53316694097287e-19,2.04111570012816e-21,2.0553242694725e-20,4.73150383684476e-18,7.91747912796192e-16,9.62056194532937e-14,8.48867134201975e-12,5.43882097733655e-10,2.53043726363662e-08,8.5489376715591e-07,2.09727071580722e-05,0.000373613534629907,0.00483299643058683,0.0453979365835309,0.30965744002776,1.53374334091269,5.51632222875393,14.4069593111022,27.3225228624298,37.6266048255561,37.6266048255561,27.3225228624298,14.4069593111022,5.516322228754,1.53374334091271,0.309657440027771,0.0453979365835553,0.00483299643070804,0.000373613535205178,2.09727096725433e-05,8.54903879216831e-07,2.53417872809933e-08,6.7124776197278e-10,4.0739589273469e-10,1.14957304474196e-09,3.04745609741343e-09,7.43332734109958e-09,1.66816100218733e-08,3.44430390096322e-08,6.54295232885296e-08,1.14354916686355e-07,1.83884329583962e-07,2.72046656553001e-07,3.70297566561099e-07,4.63732054355032e-07,5.34308604472437e-07,5.6640361023652e-07,5.52419055272309e-07,4.95701327488603e-07,4.09242101597509e-07,3.10848892023467e-07,2.17233667516833e-07,1.3967341064989e-07
0.3,0.3,2.5750485372164e-29,4.11183305992597e-27,5.40188260604339e-25,5.83867663077199e-23,5.19210321539268e-21,3.79867225745698e-19,2.2865460168453e-17,1.13236824060202e-15,4.61376030058641e-14,1.54661418349181e-12,4.26548641132521e-11,9.67864921999962e-10,1.80684355464808e-08,2.77514682177534e-07,3.50679995326828e-06,3.64582343866716e-05,0.000311845790827701,0.00219454127568942,0.0127059526930998,0.0605243769936951,0.237199098834495,0.764813165010495,2.02888433310153,4.42811443162788,7.9513339807073,11.7468323069299,14.277795447465,14.277795447465,11.7468323069298,7.95133398070731,4.42811443162788,2.02888433310153,0.764813165010495,0.237199098834495,0.0605243769936949,0.0127059526930998,0.00219454127568942,0.000311845790827701,3.64582343866716e-05,3.50679995326825e-06,2.7751468217753e-07,1.80684355464807e-08,9.67864921999962e-10,4.26548641132515e-11,1.5466141834918e-12,4.61376030058628e-14,1.13236824060201e-15,2.28654601686738e-17,3.79867358811297e-19,5.25025676623058e-21,1.85133189453531e-20,4.25279540714549e-18,7.11643000989137e-16,8.64720381739766e-14,7.6298319838773e-12,4.88854952388715e-10,2.27442085921256e-08,7.68400088147544e-07,1.88507983659406e-05,0.000335813271744652,0.00434401913542367,0.0408048108580256,0.278327920209858,1.37856721341389,4.95820960413173,12.9493385376035,24.5581729362118,33.8197417918212,33.8197417918212,24.5581729362118,12.9493385376035,4.9582096041318,1.37856721341391,0.278327920209894,0.0408048108581955,0.00434401913628197,0.000335813275754414,1.88508156030095e-05,7.68468262074929e-07,2.29922830320257e-08,1.31938341103275e-09,2.56583758380516e-09,7.24988430254918e-09,1.89027413025698e-08,4.53453173960955e-08,1.00080371985295e-07,2.03223613346033e-07,3.79671694088495e-07,6.52606003211346e-07,1.03205466682102e-06,1.50163067964123e-06,2.01016800679664e-06,2.47577044226039e-06,2.80541544679593e-06,2.9247771918293e-06,2.80541544679593e-06,2.4757704422604e-06,2.01016800679664e-06,1.50163067964124e-06,1.03205466682102e-06,6.52606003211346e-07
0.31,0.31,3.48494923132207e-30,5.90022571772615e-28,8.21864856406678e-26,9.41871828279493e-24,8.8806103998167e-22,6.88895648201952e-20,4.39666805818199e-18,2.30862571361545e-16,9.97339436460243e-15,3.54480270925874e-13,1.03657506854586e-11,2.49384273314276e-10,4.93624809575843e-09,8.03867571288669e-08,1.07703955285549e-06,1.18723969600534e-05,0.000107672495548307,0.000803398029217624,0.00493192380576003,0.0249093025814978,0.103506206309786,0.353859473899552,0.995302000702029,2.30323652983783,4.38512336871913,6.86886064492081,8.85211828021683,9.38575739446218,8.18749510900964,5.87614354187713,3.4697113921978,1.68559766578684,0.673711721804293,0.221540891682726,0.0599367663212464,0.0133411212335776,0.00244315469459033,0.000368102879880874,4.56296436768825e-05,4.65355180319425e-06,3.90464577746383e-07,2.69549383959793e-08,1.53092762193933e-09,7.15369776089939e-11,2.75021172604718e-12,8.69883883409353e-14,2.26368531286693e-15,4.84652474926621e-17,8.53698439522851e-19,1.24215018269102e-20,1.58737691597396e-20,3.62399417867683e-18,6.0642216326234e-16,7.3686610249203e-14,6.50171393591681e-12,4.16574711383418e-10,1.93813360867319e-08,6.54787362556021e-07,1.60635907445907e-05,0.000286161193769628,0.00370172892540165,0.0347715661326075,0.237175408502713,1.1747374885831,4.22510751855348,11.0346984060396,20.927094535951,28.8192829123414,28.8192829123414,20.927094535951,11.0346984060396,4.22510751855354,1.17473748858315,0.237175408502924,0.0347715661337287,0.00370172893099781,0.000286161219484322,1.60636994594915e-05,6.55210231453237e-07,2.08946576054865e-08,5.39928303369569e-09,1.51006466547922e-08,4.20688965323939e-08,1.07875047383991e-07,2.54501547463454e-07,5.52419055272325e-07,1.10320359263394e-06,2.02698939864006e-06,3.42654216450171e-06,5.32929150818555e-06,7.62590983030374e-06,1.00397442153694e-05,1.21608077853614e-05,1.35522371549266e-05,1.38953136718792e-05,1.31079419737955e-05,1.13765206268325e-05,9.08433623357633e-06,6.67399281690917e-06,4.51114786829381e-06,2.80541544679595e-06
0.32,0.32,4.2779657036708e-31,7.67947595781329e-29,1.13418914100719e-26,1.37815796069002e-24,1.37775540827487e-22,1.13319555991815e-20,7.66826684299399e-19,4.26922637182598e-17,1.95551325045132e-15,7.36939704568059e-14,2.28487666359871e-12,5.82845142675543e-11,1.22321617203359e-09,2.11209213927513e-08,3.0004204685619e-07,3.50679995326825e-06,3.37209248989711e-05,0.000266776504075501,0.0017364220398506,0.00929870811079707,0.0409684519942625,0.148503300711541,0.442876128736188,1.08664591343955,2.19357982562092,3.6431617090763,4.97809370691908,5.5963813351041,5.17620114856795,3.9388968095031,2.46602613689317,1.27022413536967,0.538297866985822,0.187682841790947,0.0538376501146532,0.0127059526930998,0.00246710700068054,0.000394119887858759,5.17998293177319e-05,5.60128821866267e-06,4.98318631240115e-07,3.64742140977987e-08,2.19646544022711e-09,1.0882343217541e-10,4.43588293995993e-12,1.48763829012409e-13,4.10463205624345e-15,9.31774305738803e-17,1.74023085358907e-18,2.67801065771189e-20,1.30430820849224e-20,2.92777939535756e-18,4.89920458964738e-16,5.95304395161203e-14,5.25264884494255e-12,3.36545209178269e-10,1.56579255274572e-08,5.28994064874663e-07,1.29775628706289e-05,0.000231185850182975,0.0029905779239055,0.0280914891801573,0.191610881038384,0.949054906650036,3.41340857900397,8.9147871481369,16.9067233695152,23.2827181561069,23.2827181561069,16.9067233695152,8.9147871481369,3.41340857900405,0.949054906650271,0.191610881039668,0.028091489186993,0.0029905779574788,0.000231186001906849,1.29781937168941e-05,5.31407312935097e-07,2.41514743761549e-08,2.78398704817317e-08,8.19441309726761e-08,2.24596886866727e-07,5.66403610726444e-07,1.31418710588126e-06,2.80541544679594e-06,5.50992844880241e-06,9.95642731614552e-06,1.65527398402681e-05,2.53189122788544e-05,3.56310804758639e-05,4.61340660687388e-05,5.49570316613297e-05,6.02328752677316e-05,6.07369131358641e-05,5.63482755415011e-05,4.80969278037943e-05,3.77713786550079e-05,2.72908542630156e-05,1.81417933974704e-05,1.10956333317445e-05
0.33,0.33,4.76330014359829e-32,9.06618027733014e-30,1.41971237022364e-27,1.82909387562262e-25,1.93879208479207e-23,1.69077607480756e-21,1.21311106147787e-19,7.16101601615503e-18,3.47782992978853e-16,1.38963789768692e-14,4.56829953095567e-13,1.23556929490426e-11,2.74940840421899e-10,5.03351095183284e-09,7.58162663236587e-08,9.39535905372663e-07,9.5790840444647e-06,8.03515389017129e-05,0.000554528698758268,0.00314857084040171,0.0147083015114902,0.0565289856226667,0.17874729322603,0.46501543549235,0.995302000702026,1.75267744790388,2.53926913188304,3.02673975677829,2.96825386965987,2.39489577196985,1.58976087739134,0.868233635310401,0.390122519965752,0.144219853016523,0.0438640461355559,0.0109761982859253,0.00225972094806016,0.000382751844743753,5.33383266525471e-05,6.11534684800568e-06,5.76849359832189e-07,4.47675522393836e-08,2.85840587890625e-09,1.50156472441637e-10,6.48968819319844e-12,2.30761428203519e-13,6.75090845278127e-15,1.62487827637179e-16,3.21765197873034e-18,5.24530639244004e-20,1.04338206834878e-20,2.24247426345848e-18,3.75243963112973e-16,4.55960506206996e-14,4.02315260181984e-12,2.57769512850495e-10,1.19928488814827e-08,4.05171545114212e-07,9.93988316552353e-06,0.000177071794084065,0.00229056838000694,0.0215160676299464,0.146760203726316,0.726908047667279,2.61442636107615,6.82808810724702,12.9493385376035,17.8328936299194,17.8328936299194,12.9493385376035,6.82808810724705,2.61442636107639,0.72690804766857,0.146760203733625,0.0215160676683087,0.00229056856532294,0.000177072617720217,9.94325112450182e-06,4.17842431057322e-07,5.58515699443402e-08,1.39931180162743e-07,4.09246124750113e-07,1.10320363822999e-06,2.73614949299274e-06,6.24356689827159e-06,1.31079419737955e-05,2.53189122788544e-05,4.49950119190108e-05,7.35685999839249e-05,0.000110669871302543,0.000153170493469466,0.000195042660035277,0.00022850352510765,0.000246300328134804,0.000244256353788665,0.000222861752970906,0.00018708286319236,0.000144491156364363,0.000102673252233754,6.7124670051444e-05,4.03753037223249e-05
0.34,0.34,4.81070143351865e-33,9.70838348307244e-31,1.61192582992295e-28,2.20192640654727e-26,2.47468632367487e-24,2.28821658973766e-22,1.7407392224038e-20,1.08950671998292e-18,5.61029534869438e-17,2.37684657916499e-15,8.28468857870147e-14,2.37580525935403e-12,5.60538057464051e-11,1.08807537649483e-09,1.73769068678279e-08,2.28320852910747e-07,2.46818833821248e-06,2.19518247650442e-05,0.000160628488115634,0.000967017045531668,0.00478966678146113,0.0195180346563338,0.0654374673634985,0.180499703701562,0.409624682267105,0.764813165010493,1.17485482756455,1.48481610625905,1.54390561671185,1.32077377717914,0.929599200893178,0.538297866985822,0.256453830003908,0.100520660408022,0.0324161243944024,0.0086005546658143,0.0018773767894186,0.000337159996902701,4.98173075088907e-05,6.0559750171484e-06,6.05685966957218e-07,4.98391425263159e-08,3.37406329295354e-09,1.87929735176488e-10,8.61186854000078e-12,3.24682510188766e-13,1.00711719613743e-14,2.57016343814334e-16,5.39636216162178e-18,9.3240536993682e-20,8.39109363496729e-21,1.62838039108151e-18,2.7248304258017e-16,3.31095282525851e-14,2.92140838781199e-12,1.87179083543341e-10,8.70859566705897e-09,2.94214927334345e-07,7.2178365892699e-06,0.000128580512767055,0.00166329402349348,0.015623871791098,0.106569780616603,0.527843578854711,1.89846318459552,4.95820960413174,9.40314970982203,12.9493385376035,12.9493385376035,9.40314970982205,4.95820960413191,1.89846318459666,0.527843578861554,0.106569780654967,0.0156238719891898,0.00166329496460556,0.000128584626401444,7.23437976349211e-06,3.55424703398054e-07,2.17076839278359e-07,6.52793182294896e-07,1.88052913285375e-06,4.98558946428682e-06,1.2160807785634e-05,2.72908542630171e-05,5.63482755415011e-05,0.000107041681362091,0.000187082863192359,0.000300831900119605,0.000445064094353162,0.000605801053359343,0.000758658420614864,0.000874120557729764,0.000926627487440433,0.000903748973258563,0.00081095965369967,0.000669513706312339,0.000508543947431882,0.000355390897728454,0.00022850352510765,0.000135172486054158
0.35,0.35,4.40695551753231e-34,9.42973094819376e-32,1.66004380919011e-29,2.40435953675342e-27,2.86509406502734e-25,2.80891096073573e-23,2.26567010260482e-21,1.50354000566678e-19,8.20905028102292e-18,3.68748664973726e-16,1.36278583515409e-14,4.14366253140533e-13,1.03657506854585e-11,2.13342192080286e-10,3.61253747071342e-09,5.03277576761087e-08,5.76849359832187e-07,5.43972396389927e-06,4.22037384278122e-05,0.000269391939151077,0.00141474407416739,0.00611266765454005,0.0217291779963528,0.0635499809076218,0.152913970309592,0.302718190071951,0.493048321774622,0.660693546844398,0.728400538721237,0.660693546844399,0.493048321774622,0.302718190071952,0.152913970309593,0.0635499809076218,0.0217291779963528,0.00611266765454005,0.00141474407416739,0.000269391939151078,4.22037384278124e-05,5.43972396389927e-06,5.76849359832187e-07,5.03277576761087e-08,3.61253747071349e-09,2.1334219208029e-10,1.03657506854586e-11,4.14366253140542e-13,1.36278583515409e-14,3.68748664973784e-16,8.20905031609878e-18,1.50369329676253e-19,7.13033740912105e-21,1.12105264503278e-18,1.87587058706249e-16,2.27937817896965e-14,2.01120187525389e-12,1.28860766403365e-10,5.99530829359147e-09,2.02548064163565e-07,4.96901650045855e-06,8.85194173731693e-05,0.00114507101201763,0.0107560313635291,0.0733664432250207,0.363386372156072,1.30696986182703,3.41340857900397,6.47346410333652,8.9147871481369,8.91478714813692,6.47346410333665,3.41340857900483,1.30696986183265,0.363386372189651,0.0733664434103381,0.0107560323046413,0.00114507540924232,8.85383201137632e-05,5.0437782897693e-06,4.74594720716569e-07,9.1678035506113e-07,2.80554430756237e-06,7.95037070404304e-06,2.07293721399758e-05,4.9727178631546e-05,0.000109751454426911,0.000222861752970906,0.000416360569054153,0.000715669382511036,0.00113178536894677,0.00164673799500805,0.00220441689026526,0.00271501195963986,0.00307651160212384,0.00320740764957531,0.00307651160212383,0.00271501195963985,0.00220441689026526,0.00164673799500805,0.00113178536894678,0.000715669382511039,0.000416360569054155
0.36,0.36,3.66183470440102e-35,8.30771303883512e-33,1.55068594589528e-30,2.3813642416803e-28,3.00875911168686e-26,3.12758140420503e-24,2.67478845067209e-22,1.88204442098227e-20,1.08950671998295e-18,5.18907048838146e-17,2.03333455112689e-15,6.55522682608759e-14,1.73870627165385e-12,3.79423591597904e-11,6.81211630340894e-10,1.00623493359026e-08,1.22285887726889e-07,1.22268026902489e-06,1.00579409219141e-05,6.8071429381744e-05,0.000379035836747599,0.0017364220398506,0.00654470264211149,0.0202947713229029,0.0517771353041824,0.108680464988388,0.187682841790947,0.266659626671118,0.311709168126515,0.299779201716086,0.237199098834495,0.154413114932091,0.0827017970343959,0.0364422616764124,0.0132115968070792,0.0039406232352128,0.000967017045531677,0.000195237374334324,3.24303324412924e-05,4.43199698369125e-06,4.98318631240113e-07,4.60971851882497e-08,3.50833699013188e-09,2.19678629830033e-10,1.13170682005481e-11,4.79666809296977e-13,1.6726497767099e-14,4.79877048140959e-16,1.13269909811236e-17,2.1997761811607e-19,6.68956817100802e-21,7.31717712049213e-19,1.22434523694726e-16,1.48770700321479e-14,1.31267340465893e-12,8.41049837129405e-11,3.91302426999532e-09,1.32199288526965e-07,3.24318303782403e-06,5.77749486072819e-05,0.000747366180598692,0.00702025812739434,0.0478848891306579,0.237175408502715,0.853034496148987,2.22786718530058,4.22510751855349,5.81851287110463,5.81851287110469,4.22510751855407,2.22786718530459,0.853034496174712,0.237175408654442,0.047884889954295,0.00702026224102889,0.000747385083339304,5.78548644074936e-05,3.55403192984761e-06,1.24463465673986e-06,3.66667794139768e-06,1.10957174367282e-05,3.09245906036816e-05,7.92984279403208e-05,0.000187082863192482,0.00040608058997627,0.000810959653699664,0.00149003015558478,0.00251883466085997,0.00391753654973527,0.00560576962984932,0.00738016767393794,0.00893935130031546,0.00996218433605284,0.0102143782332066,0.00963558508579995,0.00836282558309658,0.00667785186275848,0.00490602001274539,0.00331612309594195,0.00206224739876482,0.00117993933373476
0.37,0.37,2.75986992820222e-36,6.63885952100448e-34,1.31388682845304e-31,2.13935103781136e-29,2.86593118787842e-27,3.15870507653746e-25,2.86425718669528e-23,2.13685256173816e-21,1.31158583428338e-19,6.62336197414359e-18,2.75181907391548e-16,9.40634440677081e-15,2.64533993887149e-13,6.12070875833787e-12,1.16514923488938e-10,1.82482409599393e-09,2.35136512702698e-08,2.49275015616868e-07,2.17418775087584e-06,1.56018087685408e-05,9.21112062190154e-05,0.000447414033437881,0.001787995195894,0.00587871906638953,0.0159022537353982,0.035391116543401,0.0648021571610524,0.0976212299639619,0.120992569694651,0.123376583355227,0.103506206309786,0.0714429956397402,0.0405707031726921,0.018955054034628,0.00728613362706026,0.00230424604264127,0.000599542786386678,0.000128342686836791,2.26038119306427e-05,3.27530581868724e-06,3.90464577746383e-07,3.82975542197994e-08,3.09043811276314e-09,2.05177000145952e-10,1.12071946192609e-11,5.03645276282943e-13,1.86213957315086e-14,5.66447034415837e-16,1.4176401314177e-17,2.91904986482912e-19,6.90959253183916e-21,4.52815100727275e-19,7.57604503271234e-17,9.20568385463461e-15,8.12260501668563e-13,5.20427670896934e-11,2.42131443000746e-09,8.18027241490736e-08,2.0068278003929e-06,3.57501786606394e-05,0.00046245778015206,0.0043440191354237,0.0296303741125295,0.146760203726317,0.527843578854712,1.37856721341389,2.61442636107616,3.60039912964984,3.60039912965014,2.61442636107867,1.37856721343113,0.527843578963434,0.146760204357165,0.0296303774804891,0.00434403567859802,0.000462532541941383,3.60610275526641e-05,3.19595346809207e-06,4.26699077482358e-06,1.35546584693566e-05,4.03753557650919e-05,0.000110669872114804,0.000279094835825011,0.000647564436238751,0.0013823657712769,0.00271501195963983,0.00490602001274539,0.00815634668375823,0.0124758697469297,0.0175571807375985,0.0227325168171039,0.0270800246524518,0.0296796915304644,0.0299280557066613,0.0277655587403331,0.0236997150548511,0.0186118106130254,0.0134475422687167,0.00893935130031549,0.00546736268453946,0.00307651160212382
0.38,0.38,1.88672982086011e-37,4.81210726178134e-35,1.00976862872585e-32,1.74328375383809e-30,2.47613264206255e-28,2.89360563270758e-26,2.78204653576572e-24,2.20064025305365e-22,1.43216589780347e-20,7.66826684299409e-19,3.37800835521826e-17,1.22428868281577e-15,3.65061945349335e-14,8.95589319809801e-13,1.80763549749834e-11,3.00173555836684e-10,4.10103628492003e-09,4.60971851882501e-08,4.26299492467344e-07,3.24350698406571e-06,2.03036665584673e-05,0.000104566776681026,0.000443070242157241,0.00154458231338074,0.00443005528232034,0.0104536233296525,0.0202947713229028,0.0324161243944025,0.0425988261275611,0.0460568027777637,0.0409684519942625,0.0299822993243735,0.0180526070966937,0.00894282099945879,0.00364475851354805,0.00122214460080054,0.000337159996902701,7.65260156345309e-05,1.42903141583138e-05,2.19550314716323e-06,2.77514682177532e-07,2.88600765669129e-08,2.46927014969668e-09,1.73819840504579e-10,1.00667596821071e-11,4.79666809296973e-13,1.88039569796261e-14,6.06482735897471e-16,1.60933794105317e-17,3.51350163242917e-19,7.4633643638911e-21,2.6569509459066e-19,4.44445824430195e-17,5.40047963133293e-15,4.76509552561185e-13,3.05306925660098e-11,1.42045495660897e-09,4.79892588676761e-08,1.17729794230812e-06,2.09727071580723e-05,0.000271299108409207,0.00254840240327555,0.0173825469557833,0.0860963186905657,0.309657440027762,0.808731244089741,1.53374334091272,2.11216053813644,2.11216053813764,1.53374334092281,0.808731244157912,0.309657440450635,0.0860963211038151,0.0173825596266696,0.00254846361305167,0.000271571155065767,2.20851425262859e-05,5.36248599298268e-06,1.45345055241295e-05,4.61354865236954e-05,0.00013517251658485,0.000364387661614243,0.000903748973263965,0.00206224739876487,0.00432954746526584,0.00836282558309658,0.0148618326349787,0.0242996761978593,0.0365542097864874,0.0505921465841081,0.0644225047732591,0.0754746137808599,0.0813528899885276,0.0806777661615311,0.0736111389269828,0.0617933873790732,0.0477253653579853,0.0339129300273012,0.0221712489770723,0.0133359450507023,0.00738016767393797
0.39,0.39,1.17265062796338e-38,3.16388930743799e-36,7.03907876409223e-34,1.2884985209096e-31,1.94049200988665e-29,2.40435953676368e-27,2.45101842319827e-25,2.05566979226084e-23,1.41846866288073e-21,8.0527784467294e-20,3.76124279577103e-18,1.44536189329556e-16,4.56963429618187e-15,1.18862785447104e-13,2.54372392493613e-12,4.47871739397947e-11,6.48779259071291e-10,7.73214284468903e-09,7.58162663236587e-08,6.11624017342333e-07,4.05944145228559e-06,2.2167037017946e-05,9.95883700115934e-05,0.000368102879880872,0.00111941061138645,0.00280071706123312,0.00576512419952069,0.00976354904021996,0.013603992047451,0.0155949734630146,0.0147083015114902,0.0114130053629863,0.00728613362706025,0.00382695940799192,0.00165375127827102,0.0005879577825393,0.000171981489912666,4.13882328739779e-05,8.19467387020026e-06,1.33489183870014e-06,1.78904018099076e-07,1.97266675189847e-08,1.78956290254304e-09,1.33567200974337e-10,8.20185892569844e-12,4.14366253140539e-13,1.72232884433314e-14,5.88989272353556e-16,1.6571365949359e-17,3.83593404528082e-19,7.94635263787888e-21,1.4783639490016e-19,2.47191053909912e-17,3.00362863746807e-15,2.65024189664827e-13,1.69805033576399e-11,7.90025974940632e-10,2.66905760349649e-08,6.54787362556e-07,1.16645609511304e-05,0.000150890629529841,0.0014173656713446,0.00966779238003995,0.0478848891306581,0.172224694501806,0.449798627266749,0.853034496149066,1.17473748858377,1.1747374885883,0.853034496186403,0.449798627514815,0.172224696015129,0.0478848976242076,0.00966783623876119,0.00141757403958824,0.000151801414576612,1.53273258682585e-05,1.42070245174827e-05,4.61607566447738e-05,0.000144491946390338,0.000416360586034657,0.00110384148888746,0.00269248086990786,0.00604237023752506,0.0124758697469297,0.0236997150548511,0.0414213462726384,0.0666061128853774,0.0985400461118954,0.134128240157013,0.167971842031465,0.193535900017352,0.205161271150476,0.200095821317392,0.179551670611832,0.148234630314197,0.112594892883223,0.0786858250176456,0.0505921465841082,0.0299280557066615,0.0162885600676002
0.4,0.4,1.77099139661681e-39,1.92937162432036e-37,4.45231897168702e-35,8.63837472303649e-33,1.37936647208357e-30,1.81212973876745e-28,1.95865780613751e-26,1.74175658897921e-24,1.27431257802694e-22,7.67050735630934e-21,3.79867225745698e-19,1.54774415494695e-17,5.18831258345453e-16,1.43091128082559e-14,3.24682510188766e-13,6.06128487050958e-12,9.30958045648053e-11,1.17640032785178e-09,1.22303751160385e-08,1.04612608491397e-07,7.361865833833e-07,4.26237228043225e-06,2.03036665584673e-05,7.95714330311272e-05,0.000256566234188857,0.000680614870092472,0.00148546690388692,0.00266737539249861,0.00394062323521281,0.00478966678146113,0.00478966678146114,0.00394062323521281,0.00266737539249861,0.00148546690388692,0.000680614870092471,0.000256566234188857,7.95714330311275e-05,2.03036665584673e-05,4.26237228043228e-06,7.361865833833e-07,1.04612608491397e-07,1.22303751160385e-08,1.17640032785178e-09,9.3095804564806e-11,6.06128487050962e-12,3.24682510188766e-13,1.43091128082559e-14,5.18831258345457e-16,1.54774415519075e-17,3.79868290865679e-19,8.00852123058104e-21,7.80200863099977e-20,1.30341979654999e-17,1.58379062518711e-15,1.39745247398414e-13,8.95369077692111e-12,4.16574711383423e-10,1.40737385365821e-08,3.45264415634908e-07,6.15063461931943e-06,7.95634858101715e-05,0.000747366180598698,0.0050977536792162,0.0252493392647376,0.0908127766439336,0.237175408502746,0.449798627267019,0.619430177971562,0.6194301779872,0.449798627394106,0.237175409333244,0.09081278162664,0.0252493667680629,0.00509789335262692,0.000748018786601924,8.23689012569693e-05,1.72462679510641e-05,4.07205681379597e-05,0.000135186559792694,0.000416360985628866,0.00117993934268846,0.00307651160226358,0.0073801676739396,0.0162885600676003,0.03307561680155,0.0617933873790732,0.106214753931453,0.167971842031465,0.244397588053387,0.327164474663344,0.402943501931427,0.456594805886926,0.47602150180324,0.456594805886926,0.402943501931427,0.327164474663344,0.244397588053388,0.167971842031466,0.106214753931453,0.0617933873790734,0.0330756168015502
0.41,0.41,4.19680661705012e-38,1.70250965410814e-37,3.11640367001243e-36,5.27129826717235e-34,8.89414154965933e-32,1.23882369392153e-29,1.41971240914082e-27,1.33860171520718e-25,1.03839359475372e-23,6.62723296584227e-22,3.47986253057751e-20,1.50332040171639e-18,5.34319012973339e-17,1.5624614764922e-15,3.75904583971121e-14,7.44055854907855e-13,1.21169430989873e-11,1.62345483801364e-10,1.78956290254302e-09,1.62298063572002e-08,1.21098655469617e-07,7.4340404137879e-07,3.75465577659284e-06,1.56018087685408e-05,5.33383266525468e-05,0.000150024931214496,0.000347173924814689,0.000660983130040069,0.00103536448741121,0.00133430700948596,0.00141474407416739,0.00123412631511019,0.000885729185769562,0.00052300026783978,0.000254075319537807,0.000101550639555429,3.33935398627313e-05,9.03445309888049e-06,2.01094822875872e-06,3.68264220049548e-07,5.54852790359445e-08,6.87789650692731e-09,7.01444173411571e-10,5.88559265195693e-11,4.06300075343514e-12,2.30761428203517e-13,1.07829886180398e-14,4.14547870630728e-16,1.31120272734555e-17,3.41212780730819e-19,7.47429128772821e-21,3.90677588335473e-20,6.51588691380562e-18,7.91747912817739e-16,6.9859617927102e-14,4.47601208883867e-12,2.08248586031445e-10,7.0355594574771e-09,1.72600074844108e-07,3.07474488409446e-06,3.97743381125468e-05,0.000373613534629918,0.00254840240327564,0.0126223197338313,0.0453979365835417,0.118565630875997,0.224857451899781,0.309657440035316,0.309657440084992,0.224857452297771,0.118565633434103,0.0453979516776767,0.0126224016727088,0.0025488116453772,0.000375494060841365,4.77247068053884e-05,3.39993341751027e-05,0.000110842471377387,0.000364394696697191,0.00110384169687102,0.00307651160659985,0.00788894983371389,0.0186118106130263,0.0403986495892624,0.0806777661615311,0.148234630314197,0.250584542450838,0.389733442652678,0.557686155271899,0.734210930364443,0.889325246394719,0.991081090971015,1.01617042823843,0.958589588070437,0.831969979967223,0.664341522524741,0.488072043493609,0.329902236784197,0.205161271150477,0.117385457115603,0.0617933873790735
0.42,0.42,1.45823494425996e-36,5.54365688734921e-36,1.95799695272525e-35,9.19429126863079e-35,5.38938773005648e-33,7.68690979047961e-31,9.33422184996704e-29,9.33136640339335e-27,7.67499041432957e-25,5.19362024485379e-23,2.89149307959702e-21,1.32444441644233e-19,4.99119950603386e-18,1.54751809462978e-16,3.94753650832467e-15,8.28468857870147e-14,1.4304933194537e-12,2.03214687276996e-11,2.37511129961046e-10,2.28387563671029e-09,1.8068435546481e-08,1.17605670773953e-07,6.29789751341545e-07,2.77474148955762e-06,1.00579409219141e-05,2.99954406212628e-05,7.35971547302108e-05,0.000148568389981133,0.000246746739387599,0.000337159996902701,0.000379035836747599,0.000350577563615015,0.000266776504075501,0.000167020834405196,8.60306757487752e-05,3.64582343866715e-05,1.27115217355137e-05,3.64635601790215e-06,8.60558121816215e-07,1.67094039943833e-07,2.66932420305906e-08,3.50833699013184e-09,3.79368173771132e-10,3.37504912637449e-11,2.4703524353408e-12,1.48763829012408e-13,7.37047356183856e-15,3.00436746744916e-16,1.00755861753088e-17,2.78001795582931e-19,6.39087495960075e-21,1.85727964259428e-20,3.08816470943195e-18,3.7524396306862e-16,3.31095282526378e-14,2.12137788770985e-12,9.86981126917494e-11,3.33445932775103e-09,8.18027241490788e-08,1.45725607482814e-06,1.88507983659424e-05,0.00017707179408409,0.00120779935353051,0.00598226936020188,0.0215160676299796,0.0561934379513808,0.106569780619383,0.146760203748822,0.146760203893998,0.106569781766081,0.0561934452008629,0.0215161096987698,0.00598249395702614,0.00120890255712289,0.000182057383515249,3.95801704831229e-05,8.07556840002717e-05,0.000279176638539953,0.000903752307717886,0.00269248096860295,0.00738016767605935,0.0186118106130585,0.0431836963653427,0.0921849014430161,0.181054186320613,0.327164474663342,0.543916835037653,0.83196997996722,1.17082396681285,1.51594814185879,1.80586748856982,1.97922973459309,1.99579223026567,1.85158324169411,1.5804470437234,1.24115336381121,0.896767255418474,0.596132540103963,0.364598357902,0.205161271150476,0.106214753931453
0.43,0.43,4.68006633701056e-35,1.77190570446284e-34,6.19159947880354e-34,1.99820896897211e-33,6.21913409553769e-33,5.95316951799834e-32,5.60777952766939e-30,5.90119428206239e-28,5.14547233391267e-26,3.69179859348679e-24,2.17927499001484e-22,1.05839000257428e-20,4.22901317093948e-19,1.39024697853136e-17,3.76014415728803e-16,8.36713245445569e-15,1.53182236514268e-13,2.30727723665537e-12,2.8592410476039e-11,2.91515312419244e-10,2.44529684232547e-09,1.68756852026332e-08,9.58188286012807e-08,4.47610135830906e-07,1.7203173944441e-06,5.43972396389931e-06,1.41515743392664e-05,3.02895112245947e-05,5.33383266525471e-05,7.72762647097946e-05,9.21112062190152e-05,9.03313354530525e-05,7.28826248873702e-05,4.8380370888637e-05,2.64225053539083e-05,1.18723969600533e-05,4.38896822639983e-06,1.33489183870014e-06,3.34032967833291e-07,6.87689193555744e-08,1.16480890115993e-08,1.62321771955031e-09,1.86105189042428e-10,1.75549583415016e-11,1.36238777285286e-12,8.6988388340935e-14,4.56963429618275e-15,1.97497325671197e-16,7.0226432465616e-18,2.05447026201014e-19,4.9809019389595e-21,8.3902701253162e-21,1.38760264875899e-18,1.68607981254584e-16,1.48770700323444e-14,9.53196528789221e-13,4.43479207361749e-11,1.49826915563058e-09,3.67563333038929e-08,6.54787362556373e-07,8.47020970255604e-06,7.95634858102413e-05,0.000542699232384024,0.00268800689469758,0.0096677923801351,0.0252493392656321,0.0478848891384034,0.065943610375665,0.0659436107659998,0.0478848921781137,0.025249358167478,0.00966790025508691,0.00268857329829856,0.000545435381875817,9.17242935955349e-05,5.81973883339086e-05,0.000187737650554915,0.000647601192571975,0.00206224889703397,0.00604237028187294,0.0162885600685534,0.0403986495892771,0.0921849014430161,0.193535900017352,0.373828209275296,0.664341522524739,1.08622430884798,1.63401647567259,2.26152887836833,2.87976227139,3.37380463517884,3.63657054444038,3.60639170969398,3.29050510193705,2.76223760969796,2.13338036187748,1.51594814185879,0.991081090971014,0.596132540103963,0.329902236784196,0.167971842031465
0.44,0.44,1.38626527002566e-33,5.22749173302052e-33,1.8193226963081e-32,5.84380830371279e-32,1.73254234157092e-31,4.76200585811375e-31,1.4980261006621e-30,3.66288827332472e-29,3.13495241403015e-27,2.3804400576719e-25,1.48981503281008e-23,7.67162822748685e-22,3.25014661991407e-20,1.13286455976567e-18,3.2487226930394e-17,7.66490730004077e-16,1.48785560324302e-14,2.37615231525758e-13,3.12210410858508e-12,3.37504912637449e-11,3.00173555836685e-10,2.19646544022709e-09,1.32231806794557e-08,6.5494842658979e-08,2.66893432707464e-07,8.94804758770079e-07,2.46818833821249e-06,5.60128821866269e-06,1.04582051719675e-05,1.60651952608295e-05,2.03036665584673e-05,2.11116681098241e-05,1.80605195875576e-05,1.27115217355137e-05,7.36079057490197e-06,3.50679995326825e-06,1.37453921907102e-06,4.43264440658563e-07,1.17605670773952e-07,2.56716183076683e-08,4.61039190315188e-09,6.81211630340887e-10,8.28105897533532e-11,8.28226866640462e-12,6.81510206650266e-13,4.61376030058692e-14,2.56978804538938e-15,1.17760378939458e-16,4.43977236570619e-18,1.37715339471127e-19,3.53000165449648e-21,3.60653139683746e-21,5.9110938980791e-19,7.18257506502844e-17,6.33752155697215e-15,4.06054655610493e-13,1.88918855004202e-11,6.3825155423249e-10,1.56579255275265e-08,2.78934562773203e-07,3.60824654702623e-06,3.38934551830417e-05,0.000231185850185271,0.00114507101204272,0.0041184078906726,0.010756031365862,0.0203986078379979,0.0280914893357225,0.0280914903012538,0.0203986152514648,0.0107560767088466,0.00411866239196801,0.00114638519912354,0.000237429417081253,6.11843094458647e-05,0.000113359700973921,0.000406359524539042,0.00138238142920243,0.0043295481035174,0.0124758697658217,0.0330756168019562,0.0806777661615378,0.181054186320614,0.373828209275299,0.710140632998358,1.24115336381121,1.99579223026567,2.95266380037195,4.01903200724603,5.03312507977639,5.79912907088296,6.14747285460401,5.9956912090204,5.38010422189021,4.44171729322351,3.37380463517884,2.35774993314071,1.51594814185879,0.896767255418475,0.488072043493608,0.244397588053387
0.45,0.45,3.78974547052128e-32,1.42336250879986e-31,4.93390027344792e-31,1.57846362175164e-30,4.66066840396196e-30,1.27009023766596e-29,3.19583387214028e-29,7.59093345040131e-29,3.31438701534084e-28,1.42348499587983e-26,9.24380081360349e-25,5.04391134970577e-23,2.26567160316663e-21,8.37324577856842e-20,2.54595425419876e-18,6.36893734165983e-17,1.31081973206974e-15,2.21961973544228e-14,3.09224430428861e-13,3.5442849626904e-12,3.34228191776855e-11,2.59308731004797e-10,1.65520128041909e-09,8.69248801729715e-09,3.75575281148147e-08,1.33508683872859e-07,3.90464577746382e-07,9.39535905372663e-07,1.85996484301725e-06,3.02939358943537e-06,4.05944145228558e-06,4.47544758818194e-06,4.05944145228558e-06,3.02939358943537e-06,1.85996484301724e-06,9.3953590537266e-07,3.90464577746382e-07,1.33508683872859e-07,3.75575281148147e-08,8.69248801729712e-09,1.65520128041908e-09,2.59308731004795e-10,3.34228191776855e-11,3.54428496269041e-12,3.0922443042889e-13,2.2196197354507e-14,1.31081973228438e-15,6.36893739042163e-17,2.54595525458047e-18,8.37343382194033e-20,2.27500675586925e-21,1.48192085909517e-21,2.38737297130961e-19,2.90081458016438e-17,2.55952349924332e-15,1.63992567035597e-13,7.62983198453799e-12,2.57769512862041e-10,6.32373835808692e-09,1.12652802626824e-07,1.45725607486699e-06,1.36884890819931e-05,9.33686155380221e-05,0.000462457780214232,0.00166329402410842,0.00434401914101981,0.00823834927652118,0.0113452598174149,0.0113452620146765,0.00823836591127599,0.00434411921579574,0.0016638464425488,0.000465263195598869,0.000106476557506037,7.00367646229991e-05,0.000224319009045733,0.000811072306502291,0.0027150182833782,0.00836282584086613,0.023699715062481,0.0617933873792374,0.1482346303142,0.327164474663345,0.664341522524743,1.24115336381121,2.13338036187748,3.37380463517884,4.90885677878431,6.57127413580588,8.09333658600221,9.17095183257755,9.56114745070021,9.17095183257755,8.0933365860022,6.57127413580588,4.9088567787843,3.37380463517885,2.13338036187749,1.24115336381122,0.664341522524742,0.327164474663344
0.46,0.46,9.56187599032684e-31,3.57690211120072e-30,1.23492438946038e-29,3.93498467846858e-29,1.15721775522178e-28,3.14091730088342e-28,7.86805941991116e-28,1.81914466207251e-27,3.89011056149196e-27,8.38236194479428e-27,6.58522211446621e-26,3.03118594012347e-24,1.43294516617605e-22,5.61362581520043e-21,1.80974972240319e-19,4.80017266836429e-18,1.04750224579691e-16,1.88067038489424e-15,2.77798580569085e-14,3.37603524783695e-13,3.37554215109502e-12,2.77676874283906e-11,1.87929735176485e-10,1.04643174191193e-09,4.7938663411004e-09,1.80684355464807e-08,5.60292480240369e-08,1.42944895006445e-07,3.00042046856189e-07,5.1814964185844e-07,7.36186583383298e-07,8.60558121816212e-07,8.27622197764973e-07,6.54852766174212e-07,4.26299492467342e-07,2.28320852910747e-07,1.00608796499242e-07,3.64742140977986e-08,1.0879164544508e-08,2.66971413599628e-09,5.39005988098758e-10,8.95327723059679e-11,1.22357357119265e-11,1.37574440926297e-12,1.27263844516249e-13,9.68572053697676e-15,6.06482738868449e-16,3.12438584184938e-17,1.32426568627113e-18,4.62064538029376e-20,1.37699834704595e-21,6.56936047985722e-22,9.15236200223362e-20,1.11071613062929e-17,9.80023521078288e-16,6.27915875400239e-14,2.9214083896769e-12,9.86981127209909e-11,2.42131443047407e-09,4.3133956716773e-08,5.5797298418913e-07,5.24122509022111e-06,3.57501786740564e-05,0.000177071794225925,0.000636863450260554,0.00166329403584441,0.00315440541392119,0.00434401990594112,0.00434402450620608,0.00315443975525665,0.00166349724710686,0.000637966652473227,0.000182581722532873,6.10690909394948e-05,0.000112282906451145,0.000416918542038247,0.0014900732895415,0.00490602243405982,0.0148618327336768,0.04142134627556,0.106214753931516,0.25058454245084,0.543916835037656,1.08622430884798,1.99579223026567,3.37380463517884,5.247268975355,7.50854030032811,9.88522362886171,11.9736421453718,13.3436561802774,13.6814524447176,12.9061990968605,11.2014258632643,8.94452022504727,6.57127413580588,4.44171729322352,2.76223760969797,1.5804470437234,0.831969979967224,0.402943501931427
0.47,0.47,2.22661708030247e-29,8.29598489242862e-29,2.8527238541816e-28,9.05359117761824e-28,2.65186487259286e-27,7.16887926571342e-27,1.78862998682824e-26,4.11869042237584e-26,8.75324383897474e-26,1.71725300575329e-25,3.13457988716789e-25,6.8198825736115e-25,9.01698994924309e-24,3.42501389004564e-22,1.16700207838335e-20,3.28154932432221e-19,7.59271113071526e-18,1.4453619142589e-16,2.26368531486474e-15,2.91685687143445e-14,3.09224430430278e-13,2.69706920786469e-12,1.9353967015801e-11,1.14263498123566e-10,5.55014907183275e-10,2.21799924349273e-09,7.29252207830388e-09,1.97266675189847e-08,4.39025059462634e-08,8.03867571288666e-08,1.21098655469617e-07,1.50090687417533e-07,1.53048044634028e-07,1.28398939672273e-07,8.8624684588466e-08,5.03277576761083e-08,2.35136512702695e-08,9.03841291627537e-09,2.85840587890622e-09,7.43729876736207e-10,1.59208471569463e-10,2.80399174882288e-11,4.06300075343551e-12,4.84369387593217e-13,4.75079275887297e-14,3.83367328755969e-15,2.54521095916217e-16,1.39025588084762e-17,6.24965734032802e-19,2.34930675365508e-20,1.42020200604388e-21,1.40310475715829e-21,3.49701536520617e-20,4.034370312308e-18,3.55758327895453e-16,2.27937854506424e-14,1.06049151952888e-12,3.58280996959335e-11,8.78953937025706e-10,1.56579255429084e-08,2.02548064369842e-07,1.90260107085259e-06,1.29775628992694e-05,6.42782899856704e-05,0.000231185853032247,0.000603787294707999,0.00114507121512382,0.0015769105961073,0.00157691945682977,0.00114513644154094,0.000604166941322301,0.000233212839581622,7.42347170039984e-05,5.79725747896398e-05,0.000188985464260677,0.000715871930575196,0.00251885031878551,0.00815634756271218,0.0242996762336874,0.0666061128864381,0.167971842031489,0.38973344265268,0.831969979967225,1.6340164756726,2.95266380037194,4.9088567787843,7.50854030032811,10.566702105947,13.6814524447176,16.2979784625318,17.8625750731841,18.0120518202134,16.7105637516153,14.2635559047444,11.2014258632643,8.09333658600219,5.38010422189023,3.29050510193707,1.85158324169412,0.958589588070437,0.456594805886926
0.48,0.48,4.78538991845564e-28,1.77581702312077e-27,6.08202868716232e-27,1.92250765842188e-26,5.60863344793915e-26,1.51013370788622e-25,3.75269363352969e-25,8.60676973881835e-25,1.82182487068349e-24,3.55911987170375e-24,6.41735250335534e-24,1.06867747569477e-23,1.68282593059026e-23,4.20763555482812e-23,7.12819906876535e-22,2.03849222024913e-20,4.99233781648756e-19,1.00756282594217e-17,1.67313889079912e-16,2.28587816423481e-15,2.56941271026567e-14,2.37615231546871e-13,1.80789955559101e-12,1.13170682005574e-11,5.82845142675601e-11,2.46963085888337e-10,8.60935306022371e-10,2.46927014969667e-09,5.82674896791892e-09,1.13121100819121e-08,1.80684355464808e-08,2.37441754256869e-08,2.56716183076685e-08,2.28354205854802e-08,1.67118448919601e-08,1.00623493359026e-08,4.98464229919906e-09,2.03155329376457e-09,6.81211630340894e-10,1.87929735176487e-10,4.26548641132518e-11,7.96528348568011e-12,1.22375230993354e-12,1.54684011191208e-13,1.60863287836336e-14,1.37634754945169e-15,9.68859175826301e-17,5.61215392304376e-18,2.69741077280613e-19,1.54351139309467e-20,9.71557191720106e-21,1.62146447729456e-20,3.66681869174864e-20,1.42351662889841e-18,1.22480992317976e-16,7.84462139463851e-15,3.64972236726047e-13,1.233037636298e-11,3.02495327825432e-10,5.38873439667007e-09,6.97076837230528e-08,6.54787367616625e-07,4.46627746246165e-06,2.21216173845638e-05,7.95634912227688e-05,0.000207795722158888,0.000394080898196179,0.0005427019669515,0.000542717668413456,0.000394194879932373,0.00020844828130689,8.29900279746756e-05,3.86743566495747e-05,7.80348773901353e-05,0.000301486687482159,0.00113185507663007,0.00391754193846964,0.0124758700494251,0.0365542097988178,0.0985400461122604,0.244397588053395,0.5576861552719,1.17082396681285,2.26152887836834,4.01903200724602,6.57127413580587,9.88522362886168,13.6814524447176,17.4215465232266,20.4103286566343,21.9999697733325,21.8173984622301,19.9063958465714,16.7105637516153,12.9061990968605,9.17095183257752,5.99569120902042,3.606391709694,1.99579223026567,1.01617042823843,0.47602150180324
0.49,0.49,9.49201660491265e-27,3.5083090363229e-26,1.19675860735745e-25,3.76777224163543e-25,1.09479319578398e-24,2.93595166736471e-24,7.2666639894891e-24,1.65993323656258e-23,3.49957679087856e-23,6.80941494681805e-23,1.22285074957357e-22,2.02678274576929e-22,3.10053797040707e-22,4.38646028635139e-22,6.0652330272186e-22,1.8303270471728e-21,3.05306022478972e-20,6.37859581945789e-19,1.12177582306363e-17,1.62488470868977e-16,1.93652835276412e-15,1.89883084146273e-14,1.53182236778355e-13,1.01669375814266e-12,5.55177071384154e-12,2.49420703187984e-11,9.21919689362855e-11,2.80358220357478e-10,7.01444173411573e-10,1.44388479462018e-09,2.44529684232546e-09,3.40714208118558e-09,3.9057866364135e-09,3.68371819446583e-09,2.85840587890623e-09,1.82482409599393e-09,9.58468249354904e-10,4.14184715218752e-10,1.47254989260713e-10,4.30730457223572e-11,1.03657506854603e-11,2.05236948738842e-12,3.34325846565779e-13,4.48068043732408e-14,4.94057663971552e-15,4.48200422827433e-16,3.3456337624796e-17,2.06519425588405e-18,1.30007443294095e-19,6.10425251366707e-20,1.11697806435833e-19,1.99449194466012e-19,3.27855103869232e-19,9.31708668986075e-19,4.05914166914769e-17,2.56031035505479e-15,1.19083934394923e-13,4.02315376586002e-12,9.86981178174744e-11,1.75823520307398e-09,2.27442093751989e-08,2.13643895475058e-07,1.45725617647304e-06,7.21783761157755e-06,2.59599672695399e-05,6.7799610799619e-05,0.000128581143613322,0.000177076340353159,0.000177101937712837,0.000128764397096642,6.8831584928461e-05,3.12892493178221e-05,3.25367488681243e-05,0.00011212712737737,0.000445277738239334,0.00164676073921663,0.00560577138808446,0.0175571808362966,0.0505921465881313,0.134128240157132,0.327164474663347,0.734210930364442,1.51594814185879,2.87976227139002,5.03312507977638,8.09333658600218,11.9736421453718,16.2979784625318,20.4103286566343,23.5166280159725,24.9292317161687,24.3137267920304,21.8173984622301,18.0120518202134,13.6814524447176,9.56114745070018,6.14747285460403,3.63657054444039,1.97922973459309,0.991081090971015,0.456594805886926
0.5,0.5,1.73767684117056e-25,6.39685982576391e-25,2.17337176163553e-24,6.8150739196863e-24,1.97231594786151e-23,5.26807278732742e-23,1.29866283516122e-22,2.9546797951005e-22,6.20431440119888e-22,1.20239327150332e-21,2.1506445711144e-21,3.55025962461277e-21,5.40905024303913e-21,7.60595210724606e-21,9.87250442121035e-21,1.18811675981011e-20,1.46797472016617e-20,4.98723608471852e-20,6.94663500635547e-19,1.04874642465642e-17,1.32395168383164e-16,1.37635387929537e-15,1.17726026007526e-14,8.28468885780672e-14,4.79666810921253e-13,2.2848766644711e-12,8.95458511925217e-12,2.88727259917033e-11,7.65931133224657e-11,1.67167277568623e-10,3.00173555836694e-10,4.43458724277448e-10,5.39005988098761e-10,5.39005988098759e-10,4.43458724277445e-10,3.00173555836683e-10,1.67167277568592e-10,7.65931133223822e-11,2.88727259915058e-11,8.95458511882219e-12,2.28487666361181e-12,4.79666809360154e-13,8.28468860635201e-14,1.17725992745455e-14,1.37635138000644e-15,1.32399503410604e-16,1.05156813096469e-17,7.88470524447433e-19,2.99397142920408e-19,5.92211683265073e-19,1.20649589396333e-18,2.24055422473627e-18,3.78419661812185e-18,5.94726483311461e-18,2.04619585049175e-17,8.02033060881671e-16,3.68483411793824e-14,1.24451127039115e-12,3.05307121005205e-11,5.4388221392523e-10,7.03556081070266e-09,6.60873565005601e-08,4.50779175772982e-07,2.23272470834714e-06,8.0303155821259e-06,2.09728345237376e-05,3.97753192659902e-05,5.47812992525199e-05,5.48196906402665e-05,4.00463847691002e-05,2.2474337837714e-05,1.56562102007692e-05,3.78638035126961e-05,0.000153621272476247,0.000605867140700115,0.0022044239258247,0.00738016821782006,0.0227325168476346,0.0644225047745036,0.167971842031502,0.402943501931428,0.889325246394718,1.80586748856982,3.37380463517885,5.79912907088294,9.17095183257752,13.3436561802774,17.862575073184,21.9999697733325,24.9292317161687,25.9898933744559,24.9292317161687,21.9999697733325,17.862575073184,13.3436561802774,9.17095183257752,5.79912907088297,3.37380463517885,1.80586748856982,0.889325246394718,0.402943501931427
0.51,0.51,2.93595166736475e-24,1.07647808056458e-23,3.64276239990581e-23,1.13769503865899e-22,3.27936870617974e-22,8.72416753025986e-22,2.14203770070423e-21,4.85399795185738e-21,1.01517621056071e-20,1.95953326378985e-20,3.49086628003366e-20,5.73962014301432e-20,8.70968511300938e-20,1.2198070178806e-19,1.57670107312017e-19,1.88097398620077e-19,2.07175770566393e-19,2.12346174827603e-19,2.34990595869268e-19,7.83533181552871e-19,8.34552556623106e-18,9.05904322430479e-17,8.20733717837345e-16,6.12343447865082e-15,3.759048332265e-14,1.89855359699664e-13,7.88910357872112e-13,2.6970692108636e-12,7.5860576784415e-12,1.75549583419912e-11,3.34228191778608e-11,5.23535298755392e-11,6.74696522177136e-11,7.15369776089982e-11,6.24039840016064e-11,4.47871739397952e-11,2.64456724951974e-11,1.28473981808133e-11,5.13493992355813e-12,1.68855481149395e-12,4.5682995318374e-13,1.01684228026916e-13,1.86213977360737e-14,2.80563881339621e-15,3.47814126472472e-16,3.55751072921502e-17,3.30643035624056e-18,1.13833402429365e-18,2.40667532051691e-18,5.59068963190677e-18,1.18625672910546e-17,2.28860840781845e-17,4.01427606745301e-17,6.40549868554964e-17,9.64317896547934e-17,3.54527416759228e-16,1.0949617801776e-14,3.65132734102091e-13,8.95386152123133e-12,1.59503806233314e-10,2.06331029652924e-09,1.93813606199825e-08,1.32199547065499e-07,6.5478987706254e-07,2.35505674479537e-06,6.15081993527783e-06,1.16659649253171e-05,1.60733769480477e-05,1.61263500535139e-05,1.2034858517692e-05,8.16080262611632e-06,1.2394778455339e-05,4.67888534312944e-05,0.000195174859323802,0.000758677801950945,0.00271501402294788,0.00893935145981895,0.0270800246614056,0.0754746137812249,0.193535900017363,0.456594805886927,0.991081090971015,1.97922973459309,3.63657054444039,6.147472854604,9.56114745070018,13.6814524447176,18.0120518202134,21.8173984622301,24.3137267920304,24.9292317161687,23.5166280159725,20.4103286566343,16.2979784625318,11.9736421453718,8.09333658600218,5.03312507977641,2.87976227139002,1.51594814185879,0.734210930364442,0.327164474663344
0.52,0.52,4.5782357819662e-23,1.67191006730238e-22,5.63504041555141e-22,1.75287328634712e-21,5.03237938443285e-21,1.33341578348051e-20,3.26082260745408e-20,7.35966624703266e-20,1.53305745550137e-19,2.94732554292633e-19,5.22958407155531e-19,8.5639782428981e-19,1.29435476323495e-18,1.80551234452545e-18,2.32443262987051e-18,2.76186754198835e-18,3.02871607724296e-18,3.06545793412679e-18,2.86524667343425e-18,2.50104016024245e-18,2.42585396967745e-18,6.83872547769379e-18,5.28682709175278e-17,4.11134652310857e-16,2.67240794824624e-15,1.43093009029526e-14,6.30434953198545e-14,2.28521085652028e-13,6.8151022423481e-13,1.67216121164141e-12,3.37554215352051e-12,5.60619940535477e-12,7.66043019910697e-12,8.61186854006873e-12,7.96528348569673e-12,6.0612848705138e-12,3.79479017520191e-12,1.95465652090867e-12,8.28347853433501e-13,2.88811620306579e-13,8.28468863255733e-14,1.9552279119811e-14,3.79646665091709e-15,6.06539464821504e-16,7.99324782558906e-17,9.40533988302497e-18,3.3026767838387e-18,7.49500086433554e-18,1.98428181435889e-17,4.81051649041662e-17,1.06044871815091e-16,2.12533656258956e-16,3.87261663866138e-16,6.41545480920242e-16,9.67222565530688e-16,1.38758294561583e-15,4.65072535374245e-15,1.03341268313856e-13,2.49139700180576e-12,4.434996710213e-11,5.73681222246646e-10,5.38877052630259e-09,3.67566978898216e-08,1.82058791290269e-07,6.54817995384316e-07,1.71035392023225e-06,3.24503141297928e-06,4.47894829218826e-06,4.54619320643427e-06,3.70691509218403e-06,4.1858762878916e-06,1.28155951479178e-05,5.51390869719853e-05,0.000228540281440951,0.000874125946464124,0.00307651217580042,0.00996218438040078,0.0296796915329538,0.0813528899886293,0.205161271150479,0.47602150180324,1.01617042823843,1.99579223026567,3.606391709694,5.99569120902038,9.17095183257752,12.9061990968605,16.7105637516153,19.9063958465714,21.8173984622301,21.9999697733325,20.4103286566343,17.4215465232266,13.6814524447176,9.88522362886168,6.57127413580587,4.01903200724604,2.26152887836834,1.17082396681285,0.557686155271899,0.244397588053387
0.53,0.53,6.58895852378713e-22,2.39656934303514e-21,8.04512118118101e-21,2.49255382629536e-20,7.12731356511433e-20,1.88094696819238e-19,4.5813830128741e-19,1.02987855763558e-18,2.13670612960007e-18,4.09140941785462e-18,7.23053528825521e-18,1.1793353713572e-17,1.77530740096341e-17,2.46648891315789e-17,3.16267187562374e-17,3.74281594033487e-17,4.08801208078228e-17,4.12093033725596e-17,3.83396927810612e-17,3.29222936235325e-17,2.61127459017599e-17,1.93737776894647e-17,1.58571111673942e-17,3.29890361479181e-17,1.76897646247111e-16,9.80659477839507e-16,4.57083369667446e-15,1.75631948888077e-14,5.55341544917496e-14,1.44472953703491e-13,3.09224461380748e-13,5.44528892010029e-13,7.88910354361634e-13,9.40359687351654e-13,9.22189055971712e-13,7.44055854960689e-13,4.93913306208106e-13,2.69746319390187e-13,1.21204834337754e-13,4.48068047443344e-14,1.36278613420123e-14,3.41014558642739e-15,7.02138368296798e-16,1.19268020065414e-16,1.80034064506453e-17,7.17960350849433e-18,1.78760574573095e-17,5.39430928030717e-17,1.49414652813308e-16,3.76353570934487e-16,8.6186647452913e-16,1.79441382528745e-15,3.39659566287596e-15,5.84526135344707e-15,9.14565516158525e-15,1.30258861478406e-14,1.76153141944127e-14,4.65307206743149e-14,6.7738441670851e-13,1.17108761395177e-11,1.5124180881269e-10,1.42051559461589e-09,9.68934589815142e-09,4.79936973983599e-08,1.72638440913828e-07,4.51084543470967e-07,8.57132643493818e-07,1.19239208777928e-06,1.27092382958364e-06,1.38920237171035e-06,3.25619445360684e-06,1.37248372297793e-05,6.02808645266013e-05,0.00024631001699907,0.000926628907895383,0.00320740780079479,0.0102143782448966,0.0299280557073176,0.0806777661615579,0.200095821317393,0.456594805886926,0.958589588070437,1.85158324169411,3.29050510193707,5.3801042218902,8.09333658600218,11.2014258632643,14.2635559047444,16.7105637516153,18.0120518202134,17.862575073184,16.2979784625318,13.6814524447176,10.566702105947,7.50854030032809,4.90885677878429,2.95266380037195,1.6340164756726,0.831969979967223,0.389733442652678,0.167971842031466
0.54,0.54,8.75194857239937e-21,3.17056346620198e-20,1.06007723910526e-19,3.27120629735379e-19,9.31639132202456e-19,2.44882006791687e-18,5.94066952971548e-18,1.3300968871517e-17,2.74853027512834e-17,5.24188076467621e-17,9.22663022366305e-17,1.49888549994994e-16,2.24731093898854e-16,3.10976261382162e-16,3.9715558597309e-16,4.68126770182868e-16,5.0925540160017e-16,5.11301628636258e-16,4.73792384474984e-16,4.05199039475839e-16,3.19830178506247e-16,2.33004144727381e-16,1.56802983113799e-16,9.85807026163257e-17,6.57441624453087e-17,9.00814618487165e-17,3.14790728188542e-16,1.2307512870499e-15,4.10731747554448e-15,1.1323058370894e-14,2.56944916010164e-14,4.79738069483946e-14,7.36940063592424e-14,9.31366186172494e-14,9.68430611603716e-14,8.28468863957821e-14,5.83100606161875e-14,3.37652842413369e-14,1.60863291007876e-14,6.30526366501547e-15,2.03334964794087e-15,5.39563215906464e-16,1.18191701222146e-16,2.3147279106635e-17,1.15441603853462e-17,3.26256113266726e-17,1.12319043755869e-16,3.55453650960683e-16,1.02303515777715e-15,2.67695087375698e-15,6.36837971571204e-15,1.37738745155328e-14,2.70845681110872e-14,4.84201727894167e-14,7.86990937180405e-14,1.1629657738436e-13,1.5643048626317e-13,1.97509834640149e-13,3.75924237042972e-13,3.13576400130156e-12,3.79922616319781e-11,3.55201188870016e-10,2.42199979358858e-09,1.19981263288643e-08,4.31782106579084e-08,1.12999049048996e-07,2.16138947442976e-07,3.10758109043922e-07,3.95132790313316e-07,7.80047497662602e-07,3.03742999489584e-06,1.39384476287315e-05,6.07489059847869e-05,0.000244258775103103,0.000903749328240112,0.00307651163991461,0.00963558508872136,0.0277655587404971,0.0736111389269895,0.179551670611832,0.402943501931426,0.831969979967223,1.5804470437234,2.76223760969796,4.4417172932235,6.57127413580587,8.94452022504727,11.2014258632643,12.9061990968605,13.6814524447176,13.3436561802774,11.9736421453718,9.88522362886168,7.50854030032809,5.24726897535499,3.37380463517883,1.99579223026567,1.08622430884798,0.543916835037655,0.250584542450838,0.106214753931453
0.55,0.55,1.07290706515255e-19,3.8712593509482e-19,1.28917476110377e-18,3.96223916486282e-18,1.12392917107859e-17,2.94243288032971e-17,7.10957355099533e-17,1.58544033526069e-16,3.26306420491308e-16,6.19827299523837e-16,1.08663864532991e-15,1.75820275854002e-15,2.62556112119753e-15,3.61863411619841e-15,4.60295340679689e-15,5.40378235739938e-15,5.85502136574169e-15,5.85502136574676e-15,5.40378235753066e-15,4.60295340949869e-15,3.61863416194819e-15,2.62556175855658e-15,1.75821006385581e-15,1.08670753489473e-15,6.20361774654079e-16,3.29718044606307e-16,1.76460586690924e-16,1.48507570633641e-16,3.04606236194843e-16,8.1604677056667e-16,1.94049007393481e-15,3.83496244855458e-15,6.24443269659364e-15,8.36723974518335e-15,9.22461245226982e-15,8.36713893566471e-15,6.24404700548817e-15,3.83367375577208e-15,1.93652942280378e-15,8.04818305121506e-16,2.75251197682337e-16,7.78153403671235e-17,2.00529065876142e-17,1.36950033580588e-17,4.55370362540342e-17,1.79120086788826e-16,6.47680389070536e-16,2.12996868854305e-15,6.36837976091934e-15,1.73110508591747e-14,4.27815519374009e-14,9.61232084258348e-14,1.96353479935194e-13,3.64659529950715e-13,6.15708522278417e-13,9.4515237103258e-13,1.31911203770079e-12,1.67525585620285e-12,1.96957960480072e-12,2.71750542665976e-12,1.08901594211422e-11,8.58408195310622e-11,5.75610580994507e-10,2.84798001379053e-09,1.02671026042564e-08,2.70518868747352e-08,5.31765712132468e-08,8.63893894492103e-08,1.69788098070979e-07,6.0303723969131e-07,2.83210602919931e-06,1.31181616076117e-05,5.6351116980954e-05,0.000222862326647684,0.000810959737804694,0.00271501196859353,0.00836282558378876,0.02369971505489,0.0617933873790748,0.148234630314197,0.327164474663344,0.664341522524741,1.24115336381122,2.13338036187749,3.37380463517883,4.90885677878429,6.57127413580587,8.09333658600218,9.17095183257752,9.56114745070018,9.17095183257752,8.09333658600218,6.57127413580587,4.90885677878429,3.37380463517883,2.13338036187748,1.24115336381122,0.664341522524741,0.327164474663344,0.148234630314197,0.0617933873790732
0.56,0.56,1.21391651003759e-18,4.36252017708841e-18,1.44695639636734e-17,4.42937861117131e-17,1.25140973531893e-16,3.26306420491306e-16,7.85273738749001e-16,1.74415827828361e-15,3.57536247809716e-15,6.7643119453333e-15,1.18112684850674e-14,1.90343837475525e-14,2.83106906786582e-14,3.88625660809443e-14,4.92358961717361e-14,5.75707100275182e-14,6.21284743554933e-14,6.18798364714772e-14,5.6882279296604e-14,4.82585410715852e-14,3.77868553607039e-14,2.730716907482e-14,1.82130206038364e-14,1.12113200338941e-14,6.36945691964794e-15,3.33992466143467e-15,1.61717541911254e-15,7.26293007199973e-16,3.14290977902642e-16,1.65094564814526e-16,1.72134980732751e-16,2.90760790518103e-16,4.83729613051616e-16,6.8287236681904e-16,7.97264805764565e-16,7.66554442008311e-16,6.0649664335916e-16,3.9481482235568e-16,2.11462614895665e-16,9.32209681784292e-17,3.40692212919228e-17,1.18246863961063e-17,1.20926918062423e-17,4.86041903384271e-17,2.18776545670607e-16,9.03911935037944e-16,3.39659691134216e-15,1.16039445248998e-14,3.60417651470908e-14,1.01775931494644e-13,2.6128997075693e-13,6.09872450222683e-13,1.29417769733042e-12,2.49682111279711e-12,4.37944993432745e-12,6.9837766005193e-12,1.01251196332908e-11,1.3346253810071e-11,1.60019310786837e-11,1.75804694933001e-11,1.92765401721559e-11,3.44983059565322e-11,1.42206097369357e-10,6.53273281020702e-10,2.3476693490846e-09,6.34546792933342e-09,1.37854416663682e-08,3.11353024607485e-08,1.06972699906449e-07,5.07071533072916e-07,2.4817658338811e-06,1.13788162166789e-05,4.80975660644934e-05,0.000187082992055751,0.000669513725204903,0.0022044168922766,0.00667785186291398,0.0186118106130341,0.0477253653579856,0.112594892883223,0.244397588053387,0.488072043493607,0.896767255418473,1.51594814185879,2.35774993314069,3.37380463517883,4.4417172932235,5.3801042218902,5.99569120902038,6.147472854604,5.79912907088294,5.03312507977638,4.01903200724602,2.95266380037194,1.99579223026566,1.24115336381121,0.710140632998361,0.373828209275298,0.181054186320613,0.0806777661615311,0.03307561680155
0.57,0.57,1.26760777988896e-17,4.53724253433091e-17,1.49888549994995e-16,4.56997986657074e-16,1.28596598149067e-15,3.33975061293732e-15,8.00512211421371e-15,1.7708886282981e-14,3.61562933961953e-14,6.81311813672661e-14,1.18488800217976e-13,1.90185783169283e-13,2.81739773729557e-13,3.85201206323934e-13,4.860673843597e-13,5.66075928000109e-13,6.08446306087646e-13,6.03586052006359e-13,5.5261859792831e-13,4.66961594070203e-13,3.64171700366973e-13,2.62120259870721e-13,1.74126291518621e-13,1.06757274261969e-13,6.04087674723278e-14,3.15480073273301e-14,1.52059794921438e-14,6.76454290909217e-15,2.77810010980677e-15,1.05536698762029e-15,3.76229178138032e-16,1.37054034294194e-16,6.88369470359115e-17,6.01224164632021e-17,6.49272406551515e-17,6.42675035192162e-17,5.35571237513429e-17,3.69076741532932e-17,2.0968838370837e-17,9.94441908371388e-18,4.85820548599952e-18,8.08266922214623e-18,3.9694538705219e-17,2.04655668100379e-16,9.6622637089994e-16,4.14861297042955e-15,1.61946091960336e-14,5.74747129186989e-14,1.85447838204219e-13,5.4400809269456e-13,1.45086687843865e-12,3.51793971744422e-12,7.75510783056874e-12,1.5542680127158e-11,2.83206096696044e-11,4.69156684852609e-11,7.06597105456724e-11,9.67530678315108e-11,1.2044878243249e-10,1.36355434861511e-10,1.40706979165615e-10,1.35309556970419e-10,1.39627875350832e-10,2.27287395152941e-10,5.90534124839653e-10,1.62105397041382e-09,4.53833163343395e-09,1.65563568329185e-08,7.99945701778298e-08,4.11665912848631e-07,2.0114457387992e-06,9.08482544630796e-06,3.77715146923238e-05,0.000144491183841145,0.00050854395146453,0.00164673799543868,0.00490602001277901,0.0134475422687186,0.0339129300273012,0.0786858250176452,0.167971842031465,0.329902236784195,0.596132540103962,0.991081090971011,1.51594814185878,2.13338036187748,2.76223760969795,3.29050510193705,3.60639170969397,3.63657054444037,3.37380463517883,2.87976227138999,2.26152887836832,1.63401647567259,1.08622430884797,0.664341522524736,0.373828209275297,0.193535900017352,0.0921849014430157,0.040398649589262,0.0162885600676001
0.58,0.58,1.22165995612807e-16,4.35527824232857e-16,1.43301533368224e-15,4.35166178439535e-15,1.21963195824114e-14,3.15479992733747e-14,7.53154739546501e-14,1.65945687061554e-13,3.37455950424405e-13,6.333409605392e-13,1.09705253952728e-12,1.7538265596432e-12,2.58770772970559e-12,3.52381555560646e-12,4.42874299628873e-12,5.1370897524448e-12,5.49949983581404e-12,5.43373679954359e-12,4.95499667890891e-12,4.17020593647466e-12,3.23922414882432e-12,2.32216922752042e-12,1.53644173187358e-12,9.38226485404865e-13,5.2877224036663e-13,2.75041970925133e-13,1.32037917602133e-13,5.85016066780238e-14,2.39225223634294e-14,9.02862588061018e-15,3.14524745572675e-15,1.01205789193812e-15,3.02068346915585e-16,8.55154755268883e-17,2.51981514723866e-17,9.64216528831471e-18,5.31299634984918e-18,3.33961574551818e-18,1.98616928415208e-18,1.46529179046987e-18,4.16391490406059e-18,2.48254493438757e-17,1.46629880582547e-16,7.91077669010124e-16,3.8810563199391e-15,1.73110510853222e-14,7.01997728881405e-14,2.58813307203941e-13,8.67513253651551e-13,2.64365181606693e-12,7.32438244895895e-12,1.84491512708639e-11,4.22493849550675e-11,8.79636032732176e-11,1.66503839273575e-10,2.86539245919614e-10,4.48314304865338e-10,6.37704837552299e-10,8.24699327947153e-10,9.69645457742294e-10,1.03657588720082e-09,1.00815397574022e-09,8.96020184234893e-10,7.46605628613555e-10,6.5466083013111e-10,8.52506458650175e-10,2.37059645820762e-09,1.1162105453422e-08,5.99335995701982e-08,3.11363741229783e-07,1.50189916969085e-06,6.6740955347281e-06,2.72908830750565e-05,0.000102673258198832,0.000355390898660374,0.00113178536906389,0.00331612309595577,0.00893935130031738,0.0221712489770726,0.0505921465841083,0.106214753931453,0.205161271150477,0.364598357902001,0.596132540103965,0.896767255418473,1.24115336381122,1.5804470437234,1.85158324169411,1.99579223026567,1.97922973459309,1.80586748856982,1.51594814185879,1.17082396681285,0.831969979967223,0.543916835037654,0.327164474663344,0.181054186320615,0.0921849014430165,0.0431836963653425,0.0186118106130255,0.00738016767393801
0.59,0.59,1.08663864532988e-15,3.85841716952722e-15,1.26445268088744e-14,3.8244179375783e-14,1.06757274133286e-13,2.75041970587088e-13,6.53988076651836e-13,1.43519216504639e-12,2.90683006936669e-12,5.4337367995436e-12,9.37447417697034e-12,1.49267273774145e-11,2.19357076599309e-11,2.97514449493667e-11,3.72420725246939e-11,4.30258030349394e-11,4.58768396670939e-11,4.51468408382512e-11,4.10044134302512e-11,3.43718736261931e-11,2.65916431407157e-11,1.89870068174726e-11,1.25123015828978e-11,7.61004571616173e-12,4.27175850449497e-12,2.21307169987005e-12,1.05816560588572e-12,4.66961594536633e-13,1.9018578526484e-13,7.14898437125606e-14,2.48016359935306e-14,7.9412363296254e-15,2.34683033651311e-15,6.40239314158525e-16,1.61393875604847e-16,3.77565106416281e-17,8.33675554677123e-18,1.84970602751106e-18,6.37164881296116e-19,1.71962191130837e-18,1.19049508546693e-17,8.04663529874666e-17,4.96074932435337e-16,2.78089819255916e-15,1.41730898787231e-14,6.5672377885725e-14,2.76655665158636e-13,1.05958308075062e-12,3.6895133221044e-12,1.16799711890531e-11,3.36165453818895e-11,8.79636032731738e-11,2.09262573593192e-10,4.52604360663546e-10,8.89988769440621e-10,1.59106872737479e-09,2.58602056259904e-09,3.82132195248425e-09,5.13374050952443e-09,6.27036634985948e-09,6.96292325707878e-09,7.02972984956076e-09,6.45354794847668e-09,5.3926538567711e-09,4.12936703451301e-09,3.05211229011119e-09,3.08908906736911e-09,8.63168084640084e-09,4.27197921591853e-08,2.17573279745053e-07,1.03220941858942e-06,4.5112078195205e-06,1.81418131904049e-05,6.71246757933002e-05,0.000228503526633409,0.000715669382892243,0.00206224739885432,0.00546736268455894,0.0133359450507061,0.0299280557066622,0.0617933873790736,0.117385457115603,0.205161271150477,0.329902236784197,0.488072043493608,0.664341522524741,0.831969979967223,0.958589588070437,1.01617042823843,0.991081090971015,0.889325246394719,0.734210930364443,0.557686155271899,0.389733442652678,0.250584542450838,0.148234630314197,0.0806777661615317,0.0403986495892624,0.0186118106130255,0.00788894983364403,0.00307651160212384
0.6,0.6,8.92050248823026e-15,3.15479992733747e-14,1.02973077028302e-13,3.10202235766869e-13,8.6245316777127e-13,2.21307169985718e-12,5.24112855590856e-12,1.14557494074173e-11,2.31095539190267e-11,4.30258030349394e-11,7.39325646904403e-11,1.1724974962942e-10,1.7161586787619e-10,2.31831434608394e-10,2.89039082075657e-10,3.32590760998973e-10,3.5321013538476e-10,3.46198752346794e-10,3.1317508536775e-10,2.61467837737857e-10,2.01473861914341e-10,1.43280969628863e-10,9.40432604091528e-11,5.69686866969422e-11,3.18503422168953e-11,1.64346841905303e-11,7.82668739470291e-12,3.44004384462555e-12,1.39546623461046e-12,5.22449180553465e-13,1.80525326472468e-13,5.7570712919021e-14,1.69447264281854e-14,4.6029647414793e-15,1.15402292679628e-15,2.67044036671575e-16,5.7049857301501e-17,1.13106413425157e-17,2.56781517602009e-18,4.71354435653262e-18,3.38744799056672e-17,2.38274308007089e-16,1.52619014111309e-15,8.88779006669897e-15,4.70563150065358e-14,2.26506501080075e-13,9.91247373263716e-13,3.94386507117288e-12,1.42659490255407e-11,4.69156684234352e-11,1.40272897964523e-10,3.81301269562252e-10,9.42326390394938e-10,2.11725456247685e-09,4.32497320941649e-09,8.03216065854953e-09,1.35618823449657e-08,2.08183439258593e-08,2.90543394868669e-08,3.68650188576779e-08,4.25262007891358e-08,4.46003005757021e-08,4.2526665748735e-08,3.68683043176366e-08,2.90757382058505e-08,2.09546632784042e-08,1.4409391306811e-08,1.30382533034782e-08,3.18516828045955e-08,1.41807645715726e-07,6.53557283292525e-07,2.80580017636999e-06,1.10957745578389e-05,4.037535083044e-05,0.00013517250034832,0.00041636057300102,0.00117993933472625,0.00307651160235034,0.00738016767398503,0.0162885600676091,0.0330756168015517,0.0617933873790737,0.106214753931453,0.167971842031466,0.244397588053387,0.327164474663344,0.402943501931427,0.456594805886926,0.47602150180324,0.456594805886926,0.402943501931427,0.327164474663344,0.244397588053387,0.167971842031465,0.106214753931453,0.0617933873790732,0.0330756168015503,0.0162885600676003,0.00738016767393801,0.00307651160212384,0.00117993933373477
0.61,0.61,6.7586951171453e-14,2.38069537194252e-13,7.7395224483245e-13,2.32216922752041e-12,6.43047319052936e-12,1.643468419053e-11,3.8765836441553e-11,8.4392979497213e-11,1.69563684790334e-10,3.14433446652986e-10,5.38138410562221e-10,8.50018958131482e-10,1.2391748689155e-09,1.66727004368934e-09,2.07037331793941e-09,2.3727978587297e-09,2.50981774977199e-09,2.45015182121349e-09,2.20756332382696e-09,1.83570423278618e-09,1.40883980427973e-09,9.97906570729841e-10,6.52360288340365e-10,3.93599478760415e-10,2.19174930799261e-10,1.12641028287487e-10,5.34283422914143e-11,2.33892425547925e-11,9.44996022610787e-12,3.52381555561988e-12,1.21273446772298e-12,3.85201206452629e-13,1.12922093746255e-13,3.05519951365125e-14,7.6290354881753e-15,1.75820490320136e-15,3.7398380354122e-16,7.35407901151769e-17,1.45313660757322e-17,1.31126928284398e-17,8.79964848179931e-17,6.41583025884879e-16,4.26885903946541e-15,2.58250539973193e-14,1.42039754656889e-13,7.102597794764e-13,3.22896361976017e-12,1.33458949614985e-11,5.0149992650081e-11,1.71329704468988e-10,5.32148789502181e-10,1.50269939714326e-09,3.85788934350161e-09,9.00463351039992e-09,1.91082510080923e-08,3.68650183376022e-08,6.46616215946053e-08,1.03113932476244e-07,1.49495021160092e-07,1.97049224144797e-07,2.36135538821e-07,2.57268511427547e-07,2.54830158695741e-07,2.29485966116309e-07,1.87897979119e-07,1.39935714919753e-07,9.51632014623463e-08,6.12817847582432e-08,4.91192150107725e-08,9.91919972395344e-08,3.87331875253662e-07,1.6083716582556e-06,6.24479736847095e-06,2.23442891623334e-05,7.35687350184521e-05,0.000222861791750292,0.000621136990164106,0.00159275150445073,0.00375765975686451,0.00815634668386001,0.0162885600676184,0.0299280557066644,0.0505921465841087,0.0786858250176456,0.112594892883223,0.148234630314197,0.179551670611832,0.200095821317392,0.205161271150476,0.193535900017352,0.167971842031465,0.134128240157013,0.0985400461118954,0.0666061128853774,0.0414213462726384,0.0236997150548511,0.0124758697469298,0.00604237023752504,0.00269248086990486,0.00110384148862243,0.000416360569054154
0.62,0.62,4.72613103037343e-13,1.65807892054424e-12,5.36876015786699e-12,1.60439822390107e-11,4.42506553600907e-11,1.12641028287488e-10,2.64632311751056e-10,5.73797299262949e-10,1.14826861260942e-09,2.12079090651823e-09,3.61511049758322e-09,5.68741167016965e-09,8.25804258661596e-09,1.10664655515651e-08,1.36870583769523e-08,1.56235840298482e-08,1.64596494056011e-08,1.6004048473105e-08,1.43617876367427e-08,1.18947825781679e-08,9.09230258658934e-09,6.41446762487689e-09,4.17654071521993e-09,2.50981774977199e-09,1.39199289348528e-09,7.12526817593956e-10,3.36616016377674e-10,1.46770137942292e-10,5.90622508157853e-11,2.19357076599316e-11,7.51904476564189e-12,2.37871853276884e-12,6.9453287398854e-13,1.87159519844365e-13,4.65479334066951e-14,1.06846015061628e-14,2.26354975745928e-15,4.4283549733778e-16,8.25484547517843e-17,3.79989269934474e-17,2.0859171222492e-16,1.57071315202945e-15,1.08556090245663e-14,6.82224516740646e-14,3.8979883213305e-13,2.02484784274752e-12,9.56275160754762e-12,4.1059341249257e-11,1.60280135274141e-10,5.68834651174941e-10,1.83540118835641e-09,5.38411830239808e-09,1.4359416742964e-08,3.48175034044252e-08,7.67533030635923e-08,1.53827911136754e-07,2.8029272890714e-07,4.64330425264925e-07,6.99328250214603e-07,9.57576818611769e-07,1.19207833918274e-06,1.34919459755049e-06,1.38829909327427e-06,1.29876433214373e-06,1.10463402896157e-06,8.54208560126276e-07,6.00781965424254e-07,3.85514955313069e-07,2.32176082614877e-07,1.62790642753237e-07,2.59813990591469e-07,8.69686351578797e-07,3.24218922419177e-06,1.13800616208057e-05,3.68399619679366e-05,0.0001097518010895,0.000300831994147346,0.000758658443801816,0.00176026264498232,0.00375765975740539,0.00738016767413432,0.0133359450507353,0.0221712489770773,0.0339129300273019,0.0477253653579853,0.0617933873790732,0.0736111389269828,0.0806777661615311,0.0813528899885276,0.0754746137808599,0.0644225047732591,0.0505921465841081,0.0365542097864874,0.0242996761978593,0.0148618326349787,0.00836282558309658,0.00432954746526587,0.00206224739876483,0.000903748973258565,0.000364387661137734,0.000135172486054157
0.63,0.63,3.05012771938205e-12,1.0658005335653e-11,3.43718736261933e-11,1.0230570306473e-10,2.81038518267984e-10,7.12526817593958e-10,1.66727004368934e-09,3.6006428411032e-09,7.17667875622235e-09,1.32018968073422e-08,2.24139565490593e-08,3.51212595422453e-08,5.07914959416381e-08,6.77924439356335e-08,8.3510472705656e-08,9.4944532021467e-08,9.96250011221075e-08,9.64797312933053e-08,8.62329405926325e-08,7.11343998370634e-08,5.41571139038162e-08,3.8054035379501e-08,2.46783027538522e-08,1.47706369257589e-08,8.15929288748697e-09,4.15982621745202e-09,1.95734426375143e-09,8.50018958131485e-10,3.40689988325693e-10,1.26025809477115e-10,4.30258030349397e-11,1.35571324411606e-11,3.94253953994532e-12,1.05816560581739e-12,2.62120260118281e-13,5.99262260671771e-14,1.26445706781747e-14,2.46290158565447e-15,4.47900250508054e-16,1.24347391525772e-16,4.53736293941856e-16,3.49662896776281e-15,2.50978428056867e-14,1.63852113678549e-13,9.72545155515332e-13,5.2481493555801e-12,2.57478647459375e-11,1.14845735386928e-10,4.65722422333311e-10,1.71703063204274e-09,5.75529460340278e-09,1.75386312154276e-08,4.85917403616931e-08,1.22396171239643e-07,2.80292728907071e-07,5.83572007785665e-07,1.10462709771687e-06,1.90097127465489e-06,2.9742264856397e-06,4.23068937570919e-06,5.47125383265249e-06,6.43281718011202e-06,6.87628990051831e-06,6.68260503262359e-06,5.90440639420764e-06,4.74293414940094e-06,3.46395113701013e-06,2.3007315377894e-06,1.39296043451467e-06,7.84432523536437e-07,4.80242009593063e-07,5.81694339773181e-07,1.61076730213921e-06,5.35595922154918e-06,1.6980865246054e-05,4.97299960878421e-05,0.000134051523021826,0.000332470870609872,0.00075865846797948,0.00159275151207637,0.00307651160405451,0.00546736268487737,0.00893935130036926,0.0134475422687244,0.0186118106130264,0.0236997150548512,0.0277655587403332,0.0299280557066613,0.0296796915304644,0.0270800246524518,0.0227325168171039,0.0175571807375985,0.0124758697469297,0.00815634668375823,0.00490602001274539,0.00271501195963983,0.00138236577127692,0.000647564436238675,0.000279094835815805,0.000110669871302543,4.03753037223248e-05
0.64,0.64,1.81676877497898e-11,6.32289592584282e-11,2.03096189263338e-10,6.02083715258175e-10,1.64733282328218e-09,4.15982621745204e-09,9.69478960406465e-09,2.08531157584761e-08,4.13973827259082e-08,7.58480080776141e-08,1.28258111205888e-07,2.00168099149334e-07,2.88319658501807e-07,3.83286046999329e-07,4.70263345621347e-07,5.32511037231547e-07,5.56526005595392e-07,5.36798974193364e-07,4.7786723739267e-07,3.92619802442452e-07,2.97718970779942e-07,2.08358001217426e-07,1.34580835786488e-07,8.02279369301009e-08,4.41405146677115e-08,2.24139565490593e-08,1.05043461253471e-08,4.5434827800532e-09,1.81375287581798e-09,6.6824652119399e-10,2.27229474399894e-10,7.13118964546045e-11,2.06551652197656e-11,5.52159724398091e-12,1.36229179876969e-12,3.10202241320742e-13,6.51912875979188e-14,1.26454078827855e-14,2.27314601903158e-15,4.6946833207511e-16,9.18890686172347e-16,7.07976806837605e-15,5.2754577625649e-14,3.5777949225757e-13,2.20606161328195e-12,1.23668359306156e-11,6.30286759362534e-11,2.92049447812162e-10,1.23030620907293e-09,4.71203668482961e-09,1.64075120099261e-08,5.19416114889306e-08,1.49495021140344e-07,3.91180015123996e-07,9.30604632564372e-07,2.01276180217064e-06,3.95783946240252e-06,7.0755888307543e-06,1.15002060516381e-05,1.69936737631855e-05,2.2830086250376e-05,2.78847303186239e-05,3.09644924846487e-05,3.12608013927784e-05,2.86929294568265e-05,2.39435458248721e-05,1.81652777903801e-05,1.25298398707799e-05,7.8592442494072e-06,4.48985782483031e-06,2.36719688113418e-06,1.27651510697741e-06,1.14349990324621e-06,2.4794735327263e-06,7.25845270207667e-06,2.0750190461107e-05,5.4963125407875e-05,0.000134052350814386,0.000300832292472321,0.00062113706634292,0.00117993935099408,0.00206224740190283,0.00331612309646066,0.00490602001282335,0.0066778518627691,0.0083628255830979,0.0096355850858001,0.0102143782332066,0.00996218433605284,0.00893935130031546,0.00738016767393794,0.00560576962984932,0.00391753654973527,0.00251883466085997,0.00149003015558478,0.000810959653699664,0.000406080589976273,0.000187082863192359,7.92984279254438e-05,3.09245892910082e-05,1.10956333317444e-05
0.65,0.65,9.98735883142707e-11,3.46198752346798e-10,1.10756623616849e-09,3.27026752990829e-09,8.91181621390298e-09,2.24139565490594e-08,5.20283669559136e-08,1.11463128501702e-07,2.2038986921645e-07,4.02180852855884e-07,6.77361516603658e-07,1.0529045741793e-06,1.51052135866356e-06,2.00001887148659e-06,2.44405334841516e-06,2.75649135073308e-06,2.86927352886229e-06,2.75649135073308e-06,2.44405334841516e-06,2.00001887148659e-06,1.51052135866356e-06,1.0529045741793e-06,6.77361516603658e-07,4.02180852855882e-07,2.2038986921645e-07,1.11463128501701e-07,5.20283669559134e-08,2.24139565490593e-08,8.91181621390295e-09,3.27026752990829e-09,1.1075662361685e-09,3.46198752346798e-10,9.98735883142725e-11,2.65916431407483e-11,6.53445029801122e-12,1.48197989277965e-12,3.10202347317078e-13,5.99276143188347e-14,1.07003851347606e-14,1.92098830810526e-15,1.79321202080344e-15,1.30462897973112e-14,1.00816079895031e-13,7.10260357570351e-13,4.54950475439791e-12,2.64941281713e-11,1.40272897965132e-10,6.75206363498014e-10,2.95486677446288e-09,1.17564960837275e-08,4.25261946904161e-08,1.39853636504242e-07,4.18147615552837e-07,1.13664306497076e-06,2.80903537984802e-06,6.31144689861588e-06,1.289256343235e-05,2.3943533468277e-05,4.04274014950819e-05,6.20586085954268e-05,8.66097652395096e-05,0.000109893070857774,0.000126768799736622,0.0001329514469803,0.000126768800579373,0.000109893076452742,8.6609798814029e-05,6.20587939134217e-05,4.04283426091858e-05,2.3947930694439e-05,1.29114661737325e-05,6.38620868822959e-06,3.08108203648529e-06,2.04742811175529e-06,3.22356306235126e-06,8.09022232934555e-06,2.07718983118722e-05,4.97389351274416e-05,0.000109754409293684,0.000222862428177269,0.00041636070932705,0.000715669409005162,0.00113178537349627,0.0016467379957183,0.00220441689036605,0.00271501195965284,0.00307651160212534,0.00320740764957545,0.00307651160212383,0.00271501195963984,0.00220441689026524,0.00164673799500804,0.00113178536894677,0.000715669382511031,0.00041636056905415,0.000222861752970904,0.00010975145442691,4.9727178631358e-05,2.07293721171819e-05,7.95036869284111e-06,2.80541544679595e-06
0.66,0.66,5.0672346448015e-10,1.74946125318573e-09,5.5745139423887e-09,1.63937779603048e-08,4.44959471960988e-08,1.11463128501702e-07,2.57698188520968e-07,5.49871065876498e-07,1.08287850900159e-06,1.9681942853895e-06,3.30160841788424e-06,5.11154895667586e-06,7.30379964091128e-06,9.63195715940258e-06,1.17232924315449e-05,1.31690370441761e-05,1.36529910377456e-05,1.3063843101177e-05,1.15367497270494e-05,9.40297652214171e-06,7.07321072861585e-06,4.91062993687902e-06,3.14649598618266e-06,1.86074354855466e-06,1.01558254180464e-06,5.11579692048634e-07,2.37837718716338e-07,1.02051062294369e-07,4.04132422318595e-08,1.47706369257591e-08,4.98246339602071e-09,1.55116635233919e-09,4.45699348333376e-10,1.18193879422176e-10,2.89279288636556e-11,6.53445030828991e-12,1.3622919525926e-12,2.62122258443298e-13,4.65714826195545e-14,7.88131183466544e-15,3.61106273230283e-15,2.19176933326048e-14,1.75168663598969e-13,1.28191317096985e-12,8.53000398077278e-12,5.16035153421316e-11,2.83823254521642e-10,1.41923817578887e-09,6.4521018504435e-09,2.66677125285569e-08,1.00209509452894e-07,3.42350312179337e-07,1.06333752676789e-06,3.00268776694712e-06,7.7088186499509e-06,1.79930217173982e-05,3.81820287269886e-05,7.36635283151211e-05,0.000129206586840906,0.000206041836599101,0.000298720337581232,0.000393742950338587,0.000471845059084022,0.000514072832477278,0.000509200141175461,0.000458554542665923,0.00037543271789847,0.000279455037097016,0.000189117199494723,0.000116357273837404,6.5092521733852e-05,3.31273564463594e-05,1.54043823258497e-05,6.7650957092908e-06,3.46496596299661e-06,3.65957690045298e-06,7.46360681985999e-06,1.70492622231884e-05,3.68590319442329e-05,7.35734026339335e-05,0.000135173522538469,0.000228503728475897,0.000355390934006355,0.000508543953315434,0.000669513707179846,0.000810959653815958,0.00090374897327273,0.000926627487441997,0.000874120557729916,0.000758658420614873,0.000605801053359338,0.000445064094353158,0.000300831900119603,0.000187082863192358,0.00010704168136209,5.63482755415007e-05,2.72908542630155e-05,1.21608077853614e-05,4.98558943117726e-06,1.88052621144535e-06,6.52606003211348e-07
0.67,0.67,2.37279785872972e-09,8.15929288748703e-09,2.58948660570401e-08,7.58480080776144e-08,2.05042578926519e-07,5.11579692048634e-07,1.17801793254619e-06,2.50357076738371e-06,4.91062993687903e-06,8.88963453997823e-06,1.48525140555109e-05,2.29026323641615e-05,3.25941902684851e-05,4.28118855639455e-05,5.18988673967942e-05,5.80658475341078e-05,5.99588125733414e-05,5.71418954702072e-05,5.02603636082513e-05,4.08005459878826e-05,3.0568609798575e-05,2.11375557793179e-05,1.34897285281318e-05,7.94549608399817e-06,4.31924849783443e-06,2.16702902706761e-06,1.0034382025872e-06,4.28830729519711e-07,1.69141637670509e-07,6.15721797355231e-08,2.06865415842909e-08,6.41446762487694e-09,1.83570423278619e-09,4.84857553729645e-10,1.18193879422939e-10,2.65916431538028e-11,5.5215974377626e-12,1.05816821514824e-12,1.87191459908404e-13,3.0907445088905e-14,8.19929283977973e-15,3.37212000513778e-14,2.76737802128047e-13,2.10348274571138e-12,1.45402868884733e-11,9.13792445544502e-11,5.22108547008294e-10,2.71214349372398e-09,1.28086436954048e-08,5.49961448350231e-08,2.14684144107486e-07,7.61914631637288e-07,2.45839281669066e-06,7.21165369337108e-06,1.92334445442864e-05,4.66356351992947e-05,0.000102805735392264,0.000206041836599093,0.000375432704134194,0.000621938456442919,0.000936701772731779,0.0012826078499379,0.00159670639915775,0.00180715273283702,0.00185953035689687,0.00173960363851735,0.00147957152305737,0.00114409015650555,0.000804309519527553,0.000514073447695719,0.000298722895788903,0.000157823067743403,7.58329987450226e-05,3.32106883547864e-05,1.34727683132591e-05,5.65369407752778e-06,3.85326354472916e-06,5.79362193344949e-06,1.15024642683618e-05,2.23749189825289e-05,4.03822666248867e-05,6.71260892896192e-05,0.000102673515235645,0.000144491200674294,0.000187082869979421,0.000222861753916055,0.000244256353908325,0.000246300328148576,0.000228503525109089,0.000195042660035413,0.000153170493469476,0.000110669871302543,7.35685999839242e-05,4.49950119190105e-05,2.53189122788542e-05,1.31079419737954e-05,6.24356689826935e-06,2.73614949261747e-06,1.10320359263394e-06,4.09242101597509e-07,1.3967341064989e-07
0.68,0.68,1.02546261743565e-08,3.51212595422455e-08,1.11017053546475e-07,3.23875932085245e-07,8.72041232066422e-07,2.16702902706762e-06,4.9700619532912e-06,1.05203028213908e-05,2.05524710131462e-05,3.70569108447925e-05,6.16657113599629e-05,9.47082133407752e-05,0.000134245861619126,0.000175623866536685,0.000212048657347715,0.000236296279870308,0.000243023128119686,0.000230678805472152,0.000202086427211007,0.000163393946571845,0.00012192819495062,8.39733909835705e-05,5.33763168322421e-05,3.13130144810044e-05,1.69539352437867e-05,8.47199178653567e-06,3.90723827819813e-06,1.66312017798678e-06,6.53351260525383e-07,2.36885893200998e-07,7.92685710088813e-08,2.4481173080324e-08,6.9780292313761e-09,1.83570423278625e-09,4.45699348334228e-10,9.98735883286651e-11,2.06551654412127e-11,3.94254263723822e-12,6.94572259015986e-13,1.13377415564387e-13,2.17304128668465e-14,4.80775828956224e-14,3.97594687354538e-13,3.13804838279041e-12,2.25338481005122e-11,1.47114154505239e-10,8.73197031437149e-10,4.71203668483272e-09,2.31176506278972e-08,1.03113932474751e-07,4.18147615552837e-07,1.54163130266039e-06,5.16737567231547e-06,1.57470125360272e-05,4.36279624803266e-05,0.000109893070855895,0.000251660067518519,0.000523958546673353,0.000991786447968711,0.00170678191045362,0.00267040119488033,0.00379851299772522,0.00491235043486573,0.00577568747613254,0.00617385820585551,0.00599995837050876,0.00530125193827785,0.00425840803727231,0.00310995945290232,0.00206490859724294,0.00124648130487314,0.000684086113086369,0.000341337877257686,0.000154870204666756,6.3958202573771e-05,2.42155801248296e-05,8.8368777511984e-06,4.06929030345905e-06,3.94515515415516e-06,6.42616052942133e-06,1.11381595264348e-05,1.81507980309806e-05,2.72925877244376e-05,3.77716820447834e-05,4.80969760792429e-05,5.63482825252768e-05,6.07369140543928e-05,6.02328753775643e-05,5.49570316732694e-05,4.61340660699185e-05,3.56310804759696e-05,2.53189122788628e-05,1.65527398402686e-05,9.95642731614545e-06,5.50992844880237e-06,2.80541544679591e-06,1.31418710587833e-06,5.66403610236518e-07,2.24596827336286e-07,8.19388783238303e-08,2.75033252725533e-08
0.69,0.69,4.09023526935448e-08,1.3952659854183e-07,4.39273585937701e-07,1.27638748345223e-06,3.42294049202741e-06,8.47199178653563e-06,1.9352677881753e-05,4.08005459878826e-05,7.93889844528308e-05,0.000142568599364915,0.000236296279870307,0.000361459173000072,0.000510306360817019,0.000664924105440388,0.000799617957011938,0.000887487743840313,0.000909099784311458,0.000859468788832106,0.000749925342967193,0.000603914303038389,0.000448850760640928,0.000307891699135597,0.000194923122611699,0.000113893281119119,6.14189254514409e-05,3.0568609798575e-05,1.40416624079061e-05,5.95292939266009e-06,2.32922959886705e-06,8.41130215158173e-07,2.80339008244113e-07,8.62329405926331e-08,2.44811730803239e-08,6.41446762487698e-09,1.55116635234001e-09,3.46198752361192e-10,7.13118966846518e-11,1.35571357836616e-11,2.37876268624525e-12,3.85731476195539e-13,6.33605634762496e-14,6.54158902951977e-14,5.19721028174137e-13,4.25621220103567e-12,3.17494663211711e-11,2.15327738155545e-10,1.32770722699288e-09,7.44291883817977e-09,3.79334958558021e-08,1.75768510979023e-07,7.40453686993757e-07,2.83591589703592e-06,9.87477968700064e-06,3.12608011336925e-05,8.99728366598983e-05,0.000235429751017103,0.000560079780329641,0.00121137070305487,0.00238200604114124,0.0042584080278124,0.00692134194668261,0.0102275582295651,0.0137401741237276,0.016782286572324,0.018635826132196,0.0188141580423212,0.0172686960937712,0.0144102968099769,0.0109326369620017,0.00754076750274584,0.00472873320494529,0.0026959559971012,0.00139739796348757,0.000658522613366979,0.000282157351809965,0.000109967832645204,3.90986344247561e-05,1.29386590886032e-05,4.512466015027e-06,2.58114295105505e-06,3.04155098297294e-06,4.56308947978269e-06,6.68438024691855e-06,9.08622483112783e-06,1.13768328099079e-05,1.31079888894637e-05,1.38953200819832e-05,1.35522379511791e-05,1.21608078752852e-05,1.00397442246022e-05,7.62590983116553e-06,5.32929150825863e-06,3.42654216450731e-06,2.02698939864044e-06,1.10320359263395e-06,5.52419055272306e-07,2.54501547459829e-07,1.07875046777569e-07,4.2068822845783e-08,1.50941449408561e-08,4.98270832231223e-09
0.7,0.7,1.50572655700647e-07,5.11579692048634e-07,1.6041679930994e-06,4.64254115674296e-06,1.24002671876193e-05,3.05686097985751e-05,6.95488091987692e-05,0.000146040420086694,0.000283025661055332,0.000506230046197221,0.000835678805704645,0.00127321053160762,0.0017903190039644,0.00232343210369684,0.00278290842084734,0.00307636037541557,0.00313866429999255,0.00295543826033673,0.00256843322807046,0.00206007975005811,0.00152499756902072,0.00104189423370891,0.000656972940903856,0.000382332041002077,0.000205354050204109,0.000101797055329553,4.65732475999938e-05,1.96655997147393e-05,7.66385416757765e-06,2.75649135073309e-06,9.15030143110275e-07,2.80339008244113e-07,7.92685710088807e-08,2.06865415842909e-08,4.98246339602139e-09,1.10756623618158e-09,2.27229474617165e-10,4.30258063143768e-11,7.51908976820132e-12,1.2132959211598e-12,1.86893705097654e-13,9.04739902960563e-14,6.18853291644041e-13,5.24851737542406e-12,4.0670195856848e-11,2.86539249859052e-10,1.83540118872094e-09,1.06884941602067e-08,5.65901259855596e-08,2.72397688584598e-07,1.19207833775333e-06,4.74290903076025e-06,1.71562914157917e-05,5.64209838404779e-05,0.000168692788044345,0.000458554540333037,0.00113324575417049,0.00254621940750207,0.00520123131054147,0.00965951081905978,0.0163095778092065,0.0250362295914826,0.0349408730951812,0.0443340289886058,0.0511421839239248,0.0536364417995238,0.0511421839240887,0.0443340289894632,0.0349408730991908,0.0250362296087196,0.0163095778773804,0.00965951106713425,0.00520123214106994,0.00254622196570981,0.00113325300396832,0.000458573443073626,0.000168738133361736,5.65210642124628e-05,1.73595150291376e-05,5.12258072484872e-06,1.84468434096466e-06,1.30445235540561e-06,1.55822080562678e-06,2.0208565009568e-06,2.47760584344873e-06,2.80570198604181e-06,2.92481786198539e-06,2.80542069494527e-06,2.47577105796887e-06,2.01016807246901e-06,1.5016306860096e-06,1.03205466738246e-06,6.52606003256341e-07,3.79671694091772e-07,2.03223613346249e-07,1.00080371985289e-07,4.53453173918436e-08,1.89027405909267e-08,7.24979783051096e-09,2.55820775182126e-09,8.3052845864403e-10
0.71,0.71,5.11579692048629e-07,1.73116694189701e-06,5.40672112168947e-06,1.55846966427916e-05,4.14602676923089e-05,0.000101797055329552,0.000230678805472149,0.000482446918846101,0.00093123811970505,0.001658980641376,0.00272766641348847,0.00413914422103485,0.00579694562138284,0.00749302633393876,0.00893891188423449,0.00984195598337609,0.010001094833581,0.00937957234120582,0.00811872617689753,0.00648577854389791,0.0047819573915863,0.00325400827824698,0.00204362388384143,0.00118454796422984,0.000633685393322622,0.000312870133409314,0.000142568599364913,5.99588125733405e-05,2.32729549491488e-05,8.33718424253268e-06,2.75649135073306e-06,8.41130215158164e-07,2.36885893200993e-07,6.15721797355222e-08,1.47706369257594e-08,3.27026752991906e-09,6.68246521380546e-10,1.26025812402382e-10,2.19357493610901e-11,3.52435602266437e-12,5.28817559930584e-13,1.39712283051285e-13,6.73481449778238e-13,5.88460764961971e-12,4.73647319824546e-11,3.46662517138885e-10,2.3067382596146e-09,1.39549532571985e-08,7.6753303063598e-08,3.83799481160565e-07,1.74481872376306e-06,7.211653693371e-06,2.70992976312831e-05,9.25805650038795e-05,0.000287554547245249,0.00081200606543796,0.00208466813300593,0.0048657882217767,0.0103254288568815,0.0199205633205926,0.0349408730951808,0.0557191536509782,0.0807818677171944,0.106478491509211,0.12759936418801,0.139018869228108,0.137701164740634,0.12400525695144,0.101526917410343,0.0755720015177665,0.051142183941156,0.0314656158713285,0.0176007764690903,0.00895088669674397,0.00413846263155034,0.00173960803484727,0.000664824711503892,0.000231010331092576,7.30102700816995e-05,2.10373662103766e-05,5.61092724250668e-06,1.51599705556632e-06,5.91141620930533e-07,4.64238246432534e-07,5.05511830670932e-07,5.54010123999676e-07,5.66638208729106e-07,5.34340052985461e-07,4.63735887132768e-07,3.70297991244981e-07,2.72046699334555e-07,1.83884333502159e-07,1.14354917012609e-07,6.54295233132283e-08,3.44430390113323e-08,1.66816100219594e-08,7.43332733637428e-09,3.04745530566587e-09,1.14947683912253e-09,3.98907221392676e-10,1.27365664239127e-10
0.72,0.72,1.60416799309939e-06,5.40672112168951e-06,1.68185076273509e-05,4.82847857400954e-05,0.000127938874415911,0.000312870133409315,0.000706146895355015,0.0014709413800383,0.00282790647276579,0.00501769296619359,0.00821698490817914,0.0124191038950173,0.0173235700338919,0.0223025179108062,0.0264996270838298,0.029059958702393,0.0294116634662903,0.0274734720439664,0.0236851900126029,0.0188455823862089,0.0138392201413627,0.00937957234120584,0.00586710447508164,0.00338714642184159,0.00180473518408799,0.000887487743840303,0.000402791788324588,0.000168720641033698,6.52266674778636e-05,2.3272954949149e-05,7.66385416757763e-06,2.32922959886704e-06,6.53351260525376e-07,1.69141637670507e-07,4.04132422318595e-08,8.91181621391099e-09,1.81375287596362e-09,3.40689990697998e-10,5.90622859473623e-11,9.45043322845353e-12,1.40125608797294e-12,2.5461909666632e-13,6.75838987746184e-13,5.99947433537944e-12,5.01502902072301e-11,3.81301298986582e-10,2.63575021169233e-09,1.65645205020201e-08,9.46437868165767e-08,4.91636331394289e-07,2.32185155804602e-06,9.96927446873503e-06,3.89162760974117e-05,0.00013811397339437,0.00044563837729128,0.00130727263262458,0.00348648961152417,0.0084537461438478,0.018635826132179,0.0373496656403906,0.0680555279516552,0.112740178307777,0.16979803031151,0.232501200404846,0.28943854859122,0.32758662728842,0.337081236603887,0.315341851366077,0.268205246058374,0.207391782553689,0.145798965090771,0.093187134834915,0.0541497053327329,0.0286071674785657,0.0137401744969076,0.00599995931130501,0.00238200822473836,0.000859762414374237,0.000282138307296383,8.4186760332664e-05,2.28575895752274e-05,5.67189877860964e-06,1.32138403831142e-06,3.33922878897599e-07,1.38989198197873e-07,1.08112532643818e-07,1.02148165980101e-07,9.37972167612589e-08,7.99374917672207e-08,6.2761805743148e-08,4.5345578681814e-08,3.0143653627731e-08,1.84360324131816e-08,1.0374044159474e-08,5.37078234119202e-09,2.55820775260721e-09,1.12109615488963e-09,4.52021100840791e-10,1.67680803895823e-10,5.72290819766743e-11,1.79704521527705e-11
0.73,0.73,4.64254115674291e-06,1.55846966427916e-05,4.82847857400954e-05,0.0001380675533517,0.00036436974956981,0.000887487743840305,0.00199504078785178,0.00413914422103485,0.00792571959859091,0.0140067124527658,0.0228456272923635,0.034390566243349,0.0477798663546397,0.0612660526200809,0.0725043783674026,0.0791913838151952,0.0798290563477381,0.0742700000004755,0.0637727605979724,0.0505389686767536,0.0369646755143847,0.0249526563794643,0.0155459060471544,0.00893891188423451,0.004743759233924,0.00232343210369682,0.00105028387539267,0.000438180225929684,0.000168720641033698,5.99588125733409e-05,1.96655997147392e-05,5.95292939266004e-06,1.66312017798676e-06,4.28830729519706e-07,1.02051062294368e-07,2.24139565490647e-08,4.54348278015657e-09,8.50018959880584e-10,1.46770164850562e-10,2.33896189083161e-11,3.44482953735711e-12,5.22287974521985e-13,6.40013119903833e-13,5.56354188942215e-12,4.82761708823109e-11,3.81301340657988e-10,2.73809682933282e-09,1.78759022903496e-08,1.06102535861726e-07,5.7256154493724e-07,2.80903537984799e-06,1.25294169870056e-05,5.08092913502885e-05,0.000187324263246214,0.000627889975419202,0.0019134260679254,0.00530125193647614,0.0133531529221156,0.0305793198769678,0.0636664217687878,0.120512385382101,0.207391782552642,0.324481564132434,0.461558900303915,0.596901752338745,0.70180619668167,0.750188088288782,0.729057446657193,0.644157336173269,0.51744093742484,0.377892466036526,0.250907881112468,0.151460362876032,0.0831232095759156,0.0414747938681524,0.0188141582275345,0.00775932575007967,0.00290938963638842,0.000991788162786637,0.000307381348041192,8.66147479476238e-05,2.21945238880954e-05,5.17774971630571e-06,1.10736677037787e-06,2.26109876227015e-07,5.35466283594476e-08,2.24091441893966e-08,1.59427465223532e-08,1.27824968043162e-08,9.79954934962223e-09,6.95538051207731e-09,4.5464124889261e-09,2.73458119210334e-09,1.51332257144074e-09,7.70517445904259e-10,3.60946185520507e-10,1.55564773920701e-10,6.16863204504197e-11,2.25048054520713e-11,7.55388647225423e-12,2.33278351302938e-12
0.74,0.74,1.24002671876191e-05,4.14602676923089e-05,0.000127938874415911,0.00036436974956981,0.00095774847153425,0.00232343210369682,0.00520209008963926,0.0107496696243962,0.0205013155360333,0.0360859138239673,0.0586223265396172,0.0878937021579302,0.121624713438241,0.155329973161559,0.183087236379992,0.199172895096801,0.199973186920666,0.185303091326762,0.158475790215289,0.125087108153562,0.0911237415318233,0.061266052620081,0.0380169805397082,0.0217723198753267,0.0115080345454909,0.00561392973223075,0.00252756395150175,0.00105028387539267,0.000402791788324588,0.000142568599364914,4.65732475999936e-05,1.40416624079061e-05,3.90723827819808e-06,1.00343820258719e-06,2.37837718716335e-07,5.20283669559163e-08,1.05043461254138e-08,1.95734426492388e-09,3.36616035115213e-10,5.34286145410438e-11,7.83028373413286e-12,1.10135654746987e-12,6.03626508328089e-13,4.69657122382983e-12,4.22510011613463e-11,3.46662664443626e-10,2.58602057669039e-09,1.75386312166269e-08,1.08142906961718e-07,6.06232204771772e-07,3.08971618895398e-06,1.43164979031894e-05,6.03105960118197e-05,0.000230987813274367,0.000804309383381378,0.00254621940750206,0.0073283657022,0.0191759577299201,0.0456189846295331,0.0986671960391111,0.194016461216155,0.346851032995192,0.563749313884577,0.833043502119612,1.11914911798549,1.3669318195,1.5179042267553,1.5324295157387,1.40655029750215,1.17373119265073,0.890472776204458,0.61420205847538,0.385159407023595,0.219587883089823,0.113819023508936,0.0536364418330658,0.0229796646005708,0.00895088623703813,0.00316976478885762,0.00102053241395044,0.000298721168109593,7.94965593788774e-05,1.92351170232182e-05,4.23278385899075e-06,8.48478445527241e-07,1.56386118888568e-07,2.79226280657321e-08,6.06019711604924e-09,2.37048362398836e-09,1.46882964975377e-09,9.88477825249346e-10,6.31598292798343e-10,3.73250691765258e-10,2.03112130662503e-10,1.01704008287236e-10,4.6855241630463e-11,1.98604231604109e-11,7.74511413792414e-12,2.77891954035557e-12,9.17345470594609e-13,2.7861125929768e-13
0.75,0.75,3.05686097985748e-05,0.000101797055329553,0.000312870133409316,0.000887487743840307,0.00232343210369682,0.00561392973223075,0.0125191062065204,0.0257661208886078,0.0489433983724387,0.0858042040841465,0.138832894415673,0.207322078270311,0.285738061633059,0.363462826583629,0.426698651123191,0.462329818971784,0.462329818971784,0.426698651123191,0.363462826583629,0.285738061633059,0.207322078270311,0.138832894415673,0.0858042040841465,0.0489433983724387,0.0257661208886078,0.0125191062065204,0.00561392973223074,0.00232343210369682,0.000887487743840303,0.000312870133409317,0.000101797055329553,3.05686097985748e-05,8.47199178653555e-06,2.16702902706759e-06,5.11579692048627e-07,1.11463128501702e-07,2.24139565490983e-08,4.15982621816654e-09,7.12526829456499e-10,1.12641207338684e-10,1.64371412471141e-11,2.24372602133517e-12,6.22743721743944e-13,3.61713833856654e-12,3.36198851325022e-11,2.86539572203232e-10,2.22051531449579e-09,1.5644512740307e-08,1.00209509453082e-07,5.83572007785667e-07,3.08971618895398e-06,1.48724098700235e-05,6.50852719359171e-05,0.000258954058855002,0.000936701772731737,0.00308048134074,0.00921031415115453,0.0250362295914826,0.0618731217106233,0.1390188692281,0.283977607450029,0.527391420945803,0.890472776204292,1.3669318195,1.90770703153974,2.42055596629361,2.7922686309008,2.92845049661271,2.7922686309008,2.42055596629361,1.90770703153976,1.3669318195001,0.890472776204606,0.527391420946697,0.283977607452361,0.139018869233696,0.0618731217229741,0.025036229616562,0.00921031419800959,0.00308048142127793,0.000936701900097388,0.000258954244170946,6.50855200103561e-05,1.48727154043684e-05,3.09006240472465e-06,5.83932953965895e-07,1.00555725223564e-07,1.59500470831009e-08,2.46858972497153e-09,4.7185519388188e-10,1.60982209621014e-10,8.41235693413962e-11,4.72029111358758e-11,2.51104406302991e-11,1.23533561562091e-11,5.59623578677287e-12,2.33279537557392e-12,8.94696844456078e-13,3.15707956593968e-13,1.02495356317775e-13,3.06148181151617e-14
0.76,0.76,6.95488091987688e-05,0.00023067880547215,0.000706146895355017,0.00199504078785179,0.00520209008963928,0.0125191062065204,0.0278059759920147,0.0569996682448756,0.107839006296796,0.188299337290773,0.303452745141959,0.451338846439322,0.619560502558414,0.784935727417967,0.917812219682102,0.990473678827686,0.986509807475105,0.906837018282993,0.769354393549626,0.602411149267371,0.435340356688355,0.290358284144203,0.178734701234038,0.101543680592728,0.0532434622011696,0.0257661208886078,0.0115080345454909,0.00474375923392399,0.00180473518408799,0.000633685393322627,0.000205354050204107,6.14189254514405e-05,1.69539352437865e-05,4.31924849783438e-06,1.01558254180462e-06,2.20389869216448e-07,4.41405146677322e-08,8.15929288788283e-09,1.39199290031309e-09,2.19175037858902e-10,3.18518684056947e-11,4.29153864458656e-12,7.61843694164341e-13,2.55722987906741e-12,2.4324175548586e-11,2.15328356693669e-10,1.73346147806302e-09,1.26872356683607e-08,8.44225475882372e-08,5.10726650954352e-07,2.80903537984798e-06,1.40463833908763e-05,6.38572847139995e-05,0.000263933792596608,0.000991786447968709,0.00338828522294016,0.0105239887354273,0.0297179883525871,0.0762951730690149,0.178079258093869,0.377892466035669,0.729057446657181,1.27877426520423,2.03922264832182,2.95647373351207,3.89692479546329,4.66991144541699,5.08784516810502,5.03961951034358,4.538373466149,3.71570592568931,2.76580182876306,1.87171363720935,1.15158598431613,0.644157336173577,0.327586627289275,0.151460362868434,0.0636664217725076,0.024331030990711,0.00845374615540204,0.00267040121285073,0.000766906573512808,0.000200238264293337,4.75324879691295e-05,1.02582647037493e-05,2.01280865738001e-06,3.59091295657243e-07,5.82686681008412e-08,8.61652315172933e-09,1.17346485776663e-09,1.55484557299862e-10,2.50025837517915e-11,6.97832544152397e-12,2.99266719334851e-12,1.39191086844928e-12,6.15818958480702e-13,2.52160103305923e-13,9.50932900850854e-14,3.29994485817601e-14,1.05362170115537e-14,3.09509205346618e-15
0.77,0.77,0.000146040420086692,0.000482446918846104,0.0014709413800383,0.00413914422103486,0.0107496696243962,0.0257661208886078,0.0569996682448756,0.116376416654057,0.219294125729283,0.38138040954324,0.612151796127302,0.906837018282993,1.23984877519322,1.56450717512279,1.82203101775098,1.95840873545763,1.94276501479716,1.77871585172095,1.50301128595983,1.17216101415905,0.84368760486065,0.560461041421815,0.343620096209705,0.194437955386253,0.101543680592728,0.0489433983724387,0.0217723198753267,0.00893891188423451,0.00338714642184159,0.00118454796422985,0.000382332041002075,0.000113893281119119,3.13130144810041e-05,7.94549608399809e-06,1.86074354855464e-06,4.02180852855879e-07,8.02279369301109e-08,1.47706369259583e-08,2.50981775334492e-09,3.9359953695907e-10,5.69695485634152e-11,7.62164966056864e-12,1.08026623996792e-12,1.68746948319924e-12,1.60043728227674e-11,1.47115240756757e-10,1.23030630627668e-09,9.3542849177572e-09,6.46616215951105e-08,4.06369599410937e-07,2.32185155804602e-06,1.20610831459264e-05,5.69608934609694e-05,0.000244571526947513,0.000954714718518796,0.00338828522294014,0.0109326369478891,0.0320707053357172,0.0855324116766239,0.207391782552642,0.457183967335761,0.916281800174821,1.6695742945542,2.76580182876304,4.1655753060268,5.70384271979606,7.1006599335216,8.03652882612231,8.26945561586355,7.73613349104929,6.57975329794401,5.08784516810502,3.57681751369829,2.28611619897346,1.3284292801188,0.701806196681789,0.337081236604134,0.147194159898666,0.0584366351349111,0.0210920330395841,0.00692134194901528,0.00206490839741964,0.000560079784580236,0.000138113978457889,3.09644980011438e-05,6.31145249467254e-06,1.16959215894188e-06,1.97053655362602e-07,3.01860043298315e-08,4.20566561892338e-09,5.33820301930045e-10,6.22756467097743e-11,6.98536142964081e-12,9.07690920573313e-13,1.94610246801023e-13,6.63151861829667e-14,2.53619076288634e-14,9.31744938831668e-15,3.17458356053981e-15,9.96551534436271e-16,2.87891346778892e-16
0.78,0.78,0.00028302566105533,0.000931238119705056,0.0028279064727658,0.00792571959859093,0.0205013155360334,0.0489433983724388,0.107839006296796,0.219294125729284,0.411573575915062,0.71291431439321,1.1397157513271,1.68160941751068,2.28993458413197,2.87799732744196,3.33831305875167,3.57382350770947,3.53108771500498,3.21998075104694,2.70998826306114,2.10499422773326,1.5090504994921,0.998449266937993,0.609701967303005,0.343620096209705,0.178734701234039,0.0858042040841466,0.0380169805397082,0.0155459060471544,0.00586710447508165,0.00204362388384145,0.000656972940903855,0.000194923122611698,5.33763168322417e-05,1.34897285281318e-05,3.14649598618263e-06,6.77361516603651e-07,1.34580835786492e-07,2.46783027539433e-08,4.17654071691977e-09,6.52360317103666e-10,9.40437029061546e-11,1.25184905836658e-11,1.61514075869586e-12,1.08394907515952e-12,9.58096462783364e-12,9.1381002649917e-11,7.93872863647419e-10,6.27036470420313e-09,4.50270350781408e-08,2.93962898870593e-07,1.74481872376305e-06,9.41557236120648e-06,4.61935945891147e-05,0.00020604183659909,0.00083554084894525,0.00308048134073999,0.0103254288568816,0.0314656158096424,0.0871772155399437,0.219587883084631,0.502866113877123,1.0469718171674,1.98178360915097,3.41048460730637,5.33598470589095,7.59017307955388,9.81583847425951,11.5409550061971,12.3365781237936,11.9890921861153,10.5929398583793,8.50913344085311,6.21430812141537,4.1260914769301,2.49071216716296,1.36693181950001,0.68203833383714,0.309392183299942,0.127599364188121,0.0478438702907832,0.0163095778094849,0.0050547275786206,0.00142426699677897,0.000364857844815391,8.49756682848482e-05,1.7993022332313e-05,3.46379605960408e-06,6.06232675752628e-07,9.64641678405086e-08,1.39552117368922e-08,1.83557017462727e-09,2.19570173261419e-10,2.39152439709306e-11,2.38678588945737e-12,2.25314898458588e-13,2.30934430670807e-14,3.57865387868129e-15,9.23332982713391e-16,2.86110553125585e-16,8.70078104193292e-17,2.46518513426872e-17
0.79,0.79,0.000506230046197219,0.00165898064137601,0.00501769296619361,0.0140067124527658,0.0360859138239674,0.0858042040841467,0.188299337290773,0.381380409543241,0.71291431439321,1.22994489376685,1.95840873545764,2.87799732744196,3.9034336333822,4.88621506340798,5.64504907091698,6.0191092988789,5.92333237155038,5.37983976150234,4.5096407177259,3.48886295704357,2.49112341046674,1.64163249592838,0.998449266937993,0.560461041421815,0.290358284144203,0.138832894415673,0.0612660526200811,0.0249526563794643,0.00937957234120585,0.003254008278247,0.00104189423370891,0.000307891699135596,8.39733909835698e-05,2.11375557793177e-05,4.91062993687898e-06,1.05290457417929e-06,2.08358001217427e-07,3.80540353795388e-08,6.4144676256121e-09,9.97906583654022e-10,1.43281176176057e-10,1.89900078731615e-11,2.36181231141483e-12,7.38221627939388e-13,5.22571140704569e-12,5.16061408758082e-11,4.65722655323132e-10,3.82132196616828e-09,2.85061607840422e-08,1.93331425362783e-07,1.19207833775333e-06,6.68260452082438e-06,3.40584865169634e-05,0.000157813281539942,0.000664814337459907,0.00254621940750205,0.00886604419761802,0.028067425632708,0.080781867717194,0.211379964324635,0.502866113877122,1.08762590492246,2.13867767273358,3.82340011451373,6.21430812141537,9.18278545661187,12.3365781237936,15.0679305466599,16.732126020445,16.8922408428888,15.50465201761,12.9382459600493,9.8158384742595,6.77045762392091,4.24568007826455,2.4205559662936,1.25464717145967,0.591243958385831,0.253308895229562,0.0986671960391312,0.0349408730952111,0.0112495031077833,0.00329284696969383,0.000876291051342152,0.000212013651682695,4.66356352614607e-05,9.3263259569828e-06,1.69567224278015e-06,2.802927638885e-07,4.21231302763788e-08,5.75531032157435e-09,7.14922561273357e-10,8.07430202095317e-11,8.29227207598584e-12,7.74991922961076e-13,6.61672203029228e-14,5.26010259575995e-15,4.24690110903448e-16,4.55257419964216e-17,8.25628844611609e-18,2.00906535082147e-18
0.8,0.8,0.000835678805704642,0.00272766641348849,0.00821698490817916,0.0228456272923636,0.0586223265396174,0.138832894415673,0.303452745141959,0.612151796127303,1.1397157513271,1.95840873545764,3.10584293762729,4.54595368359151,6.14101118487861,7.65639154539995,8.81003728735944,9.35622641370549,9.17050103211369,8.29573308433051,6.9260534868642,5.33686573422023,3.79538710338136,2.49112341046674,1.5090504994921,0.84368760486065,0.435340356688356,0.207322078270311,0.0911237415318234,0.0369646755143847,0.0138392201413627,0.00478195739158634,0.00152499756902072,0.000448850760640926,0.000121928194950619,3.05686097985748e-05,7.0732107286158e-06,1.51052135866355e-06,2.97718970779942e-07,5.41571139038306e-08,9.09230258687845e-09,1.4088398095594e-09,2.01473949567363e-10,2.65929661600566e-11,3.25737947776243e-12,5.90678201442426e-13,2.60697460035338e-12,2.64977467989372e-11,2.48394859508114e-10,2.11725458856601e-09,1.64075120118899e-08,1.15598182260605e-07,7.40453686993761e-07,4.31204630329379e-06,2.28300862499551e-05,0.000109893070855893,0.000480918725548648,0.0019134260679254,0.00692134194668259,0.022761849438437,0.0680555279516548,0.18499410495717,0.45718396733576,1.02721822353633,2.09832647228837,3.89692479546328,6.57975329794403,10.1003358976988,14.0961542763716,17.8856238255447,20.6322295570103,21.6384850024126,20.6322295570103,17.8856238255447,14.0961542763716,10.1003358976988,6.57975329794402,3.89692479546328,2.09832647228836,1.02721822353633,0.45718396733576,0.184994104957172,0.0680555279516577,0.0227618494384407,0.00692134194668759,0.00191342606793115,0.000480918725554677,0.000109893070861675,2.28300862550581e-05,4.31204630743705e-06,7.40453690088844e-07,1.15598184387691e-07,1.6407513355047e-08,2.11725534503848e-09,2.48394958554113e-10,2.64943344458418e-11,2.56928120865961e-12,2.2654546252776e-13,1.81702718851542e-14,1.32829220004314e-15,8.93648669757494e-17,5.79098247353651e-18,4.29640929154786e-19
0.81,0.81,0.00127321053160762,0.00413914422103487,0.0124191038950173,0.0343905662433491,0.0878937021579304,0.207322078270311,0.451338846439321,0.906837018282994,1.68160941751068,2.87799732744196,4.54595368359151,6.62718343640647,8.9166627686896,11.0724838794011,12.6898689295372,13.422659736672,13.1035626799291,11.8061844711943,9.81745917451413,7.5345619489879,5.33686573422023,3.48886295704357,2.10499422773326,1.17216101415905,0.602411149267371,0.285738061633059,0.125087108153562,0.0505389686767536,0.0188455823862089,0.00648577854389796,0.0020600797500581,0.000603914303038385,0.000163393946571843,4.08005459878821e-05,9.40297652214164e-06,2.00001887148657e-06,3.92619802442452e-07,7.11343998370684e-08,1.18947825782713e-08,1.83570423474705e-09,2.61467871556261e-10,3.43724038960648e-11,4.17776519908284e-12,5.64933269310728e-13,1.20266900915249e-12,1.23714388826105e-11,1.20447287388523e-10,1.06652529549148e-09,8.58589063402615e-09,6.28402896186472e-08,4.1814761555284e-07,2.5296456621795e-06,1.39132433176601e-05,6.95721923804955e-05,0.000316287201722269,0.00130727263262457,0.00491235043486467,0.0167822865723214,0.0521256574405398,0.147194159898158,0.377892466035667,0.88203233945116,1.8717136372093,3.61104517253972,6.33381039903858,10.1003358976988,14.6435102639577,19.3015948673589,23.1302228082041,25.2002620879261,24.961398841346,22.4787109318505,18.4040119294562,13.6991061373146,9.27065833428015,5.70384271979604,3.1905321724779,1.62254718675776,0.750188088288776,0.31534185136602,0.1205123853821,0.0418716787580831,0.0132265837043859,0.00379851299772554,0.000991786447969232,0.000235429751017595,5.08092913507176e-05,9.96927446907798e-06,1.7783719060355e-06,2.88416595356541e-07,4.25261947963235e-08,5.70074251889869e-09,6.94776243781076e-10,7.69834140809983e-11,7.75511471483847e-12,7.10262601825172e-13,5.91415962162777e-14,4.47741843784231e-15,3.08250162289572e-16,1.93152692771581e-17,1.10620554903489e-18
0.82,0.82,0.00179031900396439,0.00579694562138289,0.017323570033892,0.0477798663546398,0.121624713438241,0.28573806163306,0.619560502558414,1.23984877519323,2.28993458413197,3.9034336333822,6.14101118487861,8.91666276868959,11.9490715057044,14.7786697104771,16.8696429657828,17.7723887351312,17.2804513505078,15.5072120020208,12.8434509563204,9.81745917451412,6.92605348686419,4.5096407177259,2.70998826306113,1.50301128595983,0.769354393549625,0.363462826583628,0.158475790215289,0.0637727605979723,0.0236851900126029,0.00811872617689757,0.00256843322807044,0.000749925342967187,0.000202086427211004,5.02603636082508e-05,1.15367497270493e-05,2.44405334841514e-06,4.77867237392668e-07,8.62329405926337e-08,1.43617876367762e-08,2.20756332448907e-09,3.13175097230296e-10,4.10046066565932e-11,4.95785817636945e-12,5.91145050124591e-13,5.28470872138658e-13,5.25355313765354e-12,5.30996399560445e-11,4.88436231001222e-10,4.08476046775419e-09,3.10573196290975e-08,2.14684144107495e-07,1.34919458388978e-06,7.70881864995076e-06,4.00442062593228e-05,0.000189116826313958,0.000812006065437954,0.00316976449333991,0.0112495031077417,0.0362976329408211,0.10647849150921,0.283977607450028,0.688564966889522,1.51790422675529,3.04216271075592,5.54318186911533,9.18278545661184,13.830197066473,18.9374247386225,23.5750212078824,26.6822153556687,27.4555595320473,25.6848677201817,21.8455502719355,16.8922408428888,11.8754523567701,7.59017307955385,4.41054053358098,2.33007863008417,1.11914911798549,0.488701821205864,0.194016461216153,0.0700280158245778,0.0229796645252269,0.00685573730327413,0.00185953035675503,0.00045855454033307,0.000102805735392296,2.09547416550736e-05,3.88316548255352e-06,6.5422646290719e-07,1.00209509460565e-07,1.39549532614283e-08,1.76679620367492e-09,2.03368249596438e-10,2.12822955581253e-11,2.0248480307987e-12,1.75147975005058e-13,1.37738983307167e-14,9.84802665363754e-16,6.40160673311828e-17,3.7836180686151e-18
0.83,0.83,0.00232343210369682,0.0074930263339388,0.0223025179108063,0.061266052620081,0.155329973161559,0.363462826583629,0.784935727417966,1.56450717512279,2.87799732744196,4.88621506340798,7.65639154539995,11.0724838794011,14.7786697104771,18.2051807227146,20.6977916431708,21.7181281720343,21.0324632033199,18.7986753861789,15.5072120020208,11.8061844711943,8.2957330843305,5.37983976150234,3.21998075104694,1.77871585172095,0.906837018282993,0.426698651123191,0.185303091326762,0.0742700000004755,0.0274734720439664,0.00937957234120588,0.00295543826033671,0.0008594687888321,0.000230678805472149,5.71418954702066e-05,1.30638431011769e-05,2.75649135073304e-06,5.36798974193362e-07,9.64797312933053e-08,1.60040484731149e-08,2.45015182141675e-09,3.46198756129839e-10,4.51469048521582e-11,5.43472159473077e-12,6.17359926521771e-13,2.37027741697885e-13,2.03070286406052e-12,2.12828063932213e-11,2.03368289741168e-10,1.76679620450529e-09,1.39549532573216e-08,1.00209509452906e-07,6.54226462894645e-07,3.88316548253465e-06,2.09547416550474e-05,0.000102805735392263,0.000458554540333031,0.00185953035675499,0.00685573730327419,0.0229796645252269,0.0700280158245779,0.194016461216154,0.488701821205865,1.11914911798549,2.33007863008418,4.41054053358098,7.59017307955385,11.8754523567701,16.8922408428888,21.8455502719355,25.6848677201817,27.4555595320473,26.6822153556687,23.5750212078823,18.9374247386225,13.830197066473,9.18278545661183,5.54318186911531,3.04216271075591,1.51790422675529,0.68856496688952,0.283977607450027,0.10647849150921,0.0362976329408209,0.0112495031077416,0.00316976449333991,0.000812006065437957,0.00018911682631396,4.00442062593247e-05,7.70881864995207e-06,1.34919458389062e-06,2.14684144107993e-07,3.1057319629183e-08,4.08476046503489e-09,4.884361927291e-10,5.3099166192751e-11,5.24814936683041e-12,4.71588597050091e-13,3.85264536087473e-14,2.86149789671458e-15,1.93226466109348e-16,1.18625787175711e-17
0.84,0.84,0.00278290842084731,0.00893891188423453,0.0264996270838298,0.0725043783674026,0.183087236379992,0.426698651123191,0.9178122196821,1.82203101775098,3.33831305875166,5.64504907091697,8.81003728735942,12.6898689295372,16.8696429657828,20.6977916431707,23.4375113411071,24.4944867914379,23.6262371404727,21.0324632033199,17.2804513505078,13.1035626799291,9.17050103211366,5.92333237155036,3.53108771500497,1.94276501479715,0.986509807475103,0.462329818971783,0.199973186920666,0.079829056347738,0.0294116634662902,0.0100010948335811,0.00313866429999252,0.000909099784311448,0.000243023128119682,5.99588125733405e-05,1.36529910377454e-05,2.86927352886225e-06,5.5652600559539e-07,9.96250011221072e-08,1.64596494056037e-08,2.50981774982871e-09,3.53210136481603e-10,4.58768589477123e-11,5.49980796801844e-12,6.12923355083131e-13,1.21269005999862e-13,7.161148008328e-13,7.75561708596809e-12,7.69834395116814e-11,6.94776214910861e-10,5.70074245850921e-09,4.25261946904288e-08,2.88416595186241e-07,1.77837190578356e-06,9.9692744687351e-06,5.08092913502885e-05,0.000235429751017102,0.000991786447968715,0.00379851299772511,0.0132265837043855,0.041871678758083,0.1205123853821,0.315341851366021,0.750188088288779,1.62254718675777,3.19053217247792,5.70384271979605,9.27065833428017,13.6991061373146,18.4040119294562,22.4787109318505,24.961398841346,25.2002620879261,23.1302228082041,19.3015948673589,14.6435102639577,10.1003358976988,6.33381039903855,3.6110451725397,1.87171363720928,0.882032339451154,0.377892466035665,0.147194159898157,0.0521256574405393,0.016782286572321,0.00491235043486465,0.00130727263262456,0.000316287201722266,6.95721923804949e-05,1.391324331766e-05,2.52964566217954e-06,4.18147615552856e-07,6.28402896184927e-08,8.58589063156607e-09,1.06652526257466e-09,1.20446882191217e-10,1.23668359298542e-11,1.15441046831448e-12,9.79716753176111e-14,7.55926263157025e-15,5.30269878151798e-16,3.3818404496069e-17
0.85,0.85,0.00307636037541555,0.00984195598337613,0.0290599587023931,0.0791913838151952,0.199172895096801,0.462329818971784,0.990473678827684,1.95840873545763,3.57382350770946,6.01910929887888,9.35622641370547,13.422659736672,17.7723887351311,21.7181281720343,24.4944867914379,25.4966816910377,24.4944867914379,21.7181281720343,17.7723887351311,13.422659736672,9.35622641370545,6.01910929887888,3.57382350770946,1.95840873545763,0.990473678827684,0.462329818971783,0.199172895096801,0.079191383815195,0.0290599587023929,0.00984195598337613,0.00307636037541555,0.000887487743840303,0.000236296279870304,5.80658475341069e-05,1.31690370441759e-05,2.75649135073304e-06,5.32511037231546e-07,9.49445320214666e-08,1.56235840298488e-08,2.37279785874409e-09,3.325907612881e-10,4.30258083146025e-11,5.13717740546507e-12,5.67398947340963e-13,7.57260389656105e-14,2.31910283432922e-13,2.56965587176464e-12,2.64941655929806e-11,2.48394542440894e-10,2.11725456266491e-09,1.64075120099378e-08,1.15598182260469e-07,7.40453686993757e-07,4.31204630329382e-06,2.28300862499553e-05,0.000109893070855894,0.000480918725548652,0.00191342606792541,0.00692134194668253,0.0227618494384367,0.0680555279516549,0.184994104957171,0.457183967335761,1.02721822353633,2.09832647228837,3.89692479546328,6.57975329794403,10.1003358976988,14.0961542763716,17.8856238255447,20.6322295570103,21.6384850024126,20.6322295570102,17.8856238255447,14.0961542763715,10.1003358976988,6.57975329794399,3.89692479546326,2.09832647228836,1.02721822353633,0.457183967335756,0.184994104957169,0.0680555279516541,0.0227618494384364,0.00692134194668253,0.00191342606792538,0.000480918725548644,0.000109893070855892,2.28300862499549e-05,4.31204630329374e-06,7.40453686993743e-07,1.15598182260467e-07,1.64075120099261e-08,2.11725456247697e-09,2.4839453967911e-10,2.6494128164854e-11,2.56918774500634e-12,2.26506501079389e-13,1.81553289392493e-14,1.32301934118613e-15,8.76530203149802e-17
0.86,0.86,0.00313866429999252,0.0100010948335811,0.0294116634662903,0.0798290563477382,0.199973186920666,0.462329818971784,0.986509807475103,1.94276501479715,3.53108771500497,5.92333237155036,9.17050103211367,13.1035626799291,17.2804513505078,21.0324632033199,23.6262371404727,24.4944867914379,23.4375113411071,20.6977916431707,16.8696429657828,12.6898689295372,8.81003728735941,5.64504907091697,3.33831305875165,1.82203101775098,0.9178122196821,0.42669865112319,0.183087236379991,0.0725043783674023,0.0264996270838297,0.00893891188423453,0.00278290842084731,0.000799617957011928,0.000212048657347712,5.18988673967933e-05,1.17232924315447e-05,2.44405334841513e-06,4.70263345621345e-07,8.35104727056557e-08,1.36870583769524e-08,2.07037331794271e-09,2.89039082144947e-10,3.72420738391014e-11,4.42876566544208e-12,4.86422834884437e-13,5.43030214312338e-14,7.0275331264224e-14,7.74221633694066e-13,8.28976965609791e-12,8.07379619385818e-11,7.14913263262265e-10,5.75529460341261e-09,4.2123105829951e-08,2.80292728907068e-07,1.69567219672603e-06,9.32632590119903e-06,4.66356351992944e-05,0.000212013651618956,0.000876291051282042,0.00329284696964166,0.0112495031077416,0.0349408730951807,0.0986671960391109,0.25330889522955,0.591243958385825,1.25464717145967,2.4205559662936,4.24568007826455,6.77045762392091,9.81583847425949,12.9382459600493,15.50465201761,16.8922408428888,16.732126020445,15.0679305466598,12.3365781237935,9.18278545661181,6.21430812141533,3.82340011451371,2.13867767273357,1.08762590492245,0.502866113877118,0.211379964324633,0.0807818677171932,0.0280674256327073,0.00886604419761793,0.00254621940750203,0.000664814337459901,0.00015781328153994,3.4058486516963e-05,6.68260452082431e-06,1.1920783377533e-06,1.9333142536268e-07,2.85061607825994e-08,3.82132194708634e-09,4.65722422333301e-10,5.16035153146872e-11,5.19840423799714e-12,4.76101368069793e-13,3.96430838944783e-14,3.00105568877822e-15,2.06547193415145e-16
0.87,0.87,0.00295543826033671,0.00937957234120586,0.0274734720439664,0.0742700000004755,0.185303091326762,0.426698651123191,0.906837018282992,1.77871585172095,3.21998075104693,5.37983976150233,8.29573308433049,11.8061844711943,15.5072120020208,18.7986753861789,21.0324632033199,21.7181281720343,20.6977916431707,18.2051807227146,14.7786697104771,11.0724838794011,7.65639154539993,4.88621506340797,2.87799732744195,1.56450717512278,0.784935727417965,0.363462826583627,0.155329973161559,0.0612660526200807,0.0223025179108062,0.00749302633393879,0.00232343210369681,0.00066492410544038,0.000175623866536682,4.28118855639449e-05,9.63195715940241e-06,2.00001887148656e-06,3.83286046999326e-07,6.77924439356332e-08,1.1066465551565e-08,1.66727004369003e-09,2.31831434623492e-10,2.97514452468705e-11,3.52382088579212e-12,3.85288028516095e-13,4.01483197707035e-14,2.09296849726707e-14,2.12209390172604e-13,2.35817017823684e-12,2.38589951333195e-11,2.19468528607983e-10,1.835401188364e-09,1.39549532571118e-08,9.64638040842082e-08,6.06232204771763e-07,3.46379549854993e-06,1.79930217173981e-05,8.49756676647877e-05,0.00036485784424014,0.00142426699628796,0.00505472757823501,0.0163095778092063,0.047843870290598,0.127599364188008,0.309392183299878,0.682038333837108,1.3669318195,2.49071216716295,4.12609147693009,6.21430812141536,8.50913344085309,10.5929398583793,11.9890921861152,12.3365781237935,11.5409550061971,9.81583847425946,7.59017307955383,5.33598470589091,3.41048460730634,1.98178360915095,1.04697181716739,0.502866113877118,0.219587883084629,0.0871772155399427,0.0314656158096417,0.0103254288568815,0.00308048134073996,0.000835540848945241,0.000206041836599088,4.61935945891142e-05,9.41557236120635e-06,1.74481872376303e-06,2.93962898870521e-07,4.50270350771626e-08,6.27036469132195e-09,7.93872706999232e-10,9.13792444471559e-11,9.56275160754246e-12,9.09822783653045e-13,7.86990268226857e-14,6.18900076789539e-15,4.42497001307395e-16
0.88,0.88,0.00256843322807044,0.00811872617689756,0.0236851900126029,0.0637727605979724,0.158475790215289,0.363462826583628,0.769354393549623,1.50301128595983,2.70998826306113,4.50964071772589,6.92605348686419,9.8174591745141,12.8434509563204,15.5072120020208,17.2804513505078,17.7723887351311,16.8696429657828,14.7786697104771,11.9490715057043,8.91666276868956,6.14101118487859,3.90343363338218,2.28993458413197,1.23984877519322,0.619560502558412,0.285738061633059,0.12162471343824,0.0477798663546395,0.0173235700338919,0.00579694562138287,0.00179031900396438,0.000510306360817014,0.000134245861619124,3.25941902684848e-05,7.30379964091112e-06,1.51052135866354e-06,2.88319658501806e-07,5.07914959416378e-08,8.2580425866159e-09,1.23917486891563e-09,1.71615867879181e-10,2.1935707721151e-11,2.5877088691365e-12,2.81759054347777e-13,2.86073052889445e-14,6.77417240084735e-15,5.29782663766409e-14,6.09890203296597e-13,6.41010539214999e-12,6.1253339431618e-11,5.32148789507586e-10,4.20315114854758e-09,3.01825242257727e-08,1.97049223903662e-07,1.1695869672367e-06,6.31144689861583e-06,3.09644924515269e-05,0.00013811397339437,0.00056007978032963,0.00206490839413673,0.0069213419466825,0.021092033038059,0.0584366351339939,0.147194159898159,0.337081236603876,0.701806196681668,1.32842928011875,2.28611619897344,3.57681751369828,5.08784516810501,6.57975329794401,7.73613349104925,8.26945561586351,8.03652882612227,7.10065993352156,5.70384271979602,4.16557530602677,2.76580182876302,1.66957429455419,0.916281800174812,0.457183967335757,0.207391782552639,0.085532411676623,0.0320707053357165,0.010932636947889,0.00338828522294011,0.000954714718518784,0.000244571526947511,5.69608934609686e-05,1.20610831459262e-05,2.32185155804598e-06,4.06369599410888e-07,6.4661621594498e-08,9.35428490973185e-09,1.2303062090729e-09,1.47114154118108e-10,1.59931615058597e-11,1.58071220906595e-12,1.42039754567848e-13,1.16039444070359e-14,8.6186647251075e-16
0.89,0.89,0.00206007975005809,0.00648577854389794,0.0188455823862089,0.0505389686767536,0.125087108153562,0.285738061633059,0.602411149267369,1.17216101415905,2.10499422773325,3.48886295704356,5.33686573422022,7.53456194898787,9.81745917451409,11.8061844711943,13.1035626799291,13.422659736672,12.6898689295372,11.0724838794011,8.91666276868956,6.62718343640644,4.54595368359149,2.87799732744195,1.68160941751067,0.906837018282989,0.45133884643932,0.20732207827031,0.0878937021579299,0.0343905662433489,0.0124191038950172,0.00413914422103486,0.00127321053160761,0.000361459173000068,9.47082133407741e-05,2.29026323641611e-05,5.11154895667579e-06,1.05290457417929e-06,2.00168099149332e-07,3.5121259542245e-08,5.68741167016961e-09,8.500189581315e-10,1.17249749629959e-10,1.49267273888678e-11,1.75382678109146e-12,1.90189675858963e-13,1.90965945666945e-14,2.66210336162189e-15,1.20901559613459e-14,1.43410769699765e-13,1.56573012406226e-12,1.55426801845026e-11,1.40272897968072e-10,1.15096005231569e-09,8.58589063155774e-09,5.8230306299976e-08,3.5904709547722e-07,2.01276180217063e-06,1.02582190053992e-05,4.75324469627014e-05,0.000200238230439167,0.000766906547798125,0.00267040119488028,0.0084537461438477,0.024331030983876,0.0636664217687877,0.151460362866571,0.327586627288416,0.644157336173213,1.15158598431598,1.87171363720929,2.76580182876303,3.7157059256893,4.53837346614899,5.03961951034356,5.08784516810499,4.66991144541696,3.89692479546326,2.95647373351204,2.0392226483218,1.27877426520422,0.729057446657174,0.377892466035665,0.178079258093867,0.0762951730690141,0.0297179883525863,0.0105239887354272,0.00338828522294011,0.0009917864479687,0.000263933792596605,6.38572847139986e-05,1.40463833908761e-05,2.80903537984794e-06,5.1072665095432e-07,8.4422547587883e-08,1.26872356637459e-08,1.73346142239439e-09,2.15327736866364e-10,2.43178061173829e-11,2.49682111271742e-12,2.33071453842135e-13,1.97801400931678e-14,1.52618879919512e-15
0.9,0.9,0.00152499756902071,0.00478195739158633,0.0138392201413627,0.0369646755143847,0.0911237415318232,0.20732207827031,0.435340356688354,0.843687604860648,1.50905049949209,2.49112341046673,3.79538710338135,5.33686573422021,6.92605348686418,8.29573308433048,9.17050103211365,9.35622641370544,8.81003728735939,7.65639154539992,6.14101118487859,4.54595368359148,3.10584293762727,1.95840873545763,1.1397157513271,0.612151796127299,0.303452745141957,0.138832894415672,0.0586223265396169,0.0228456272923634,0.00821698490817908,0.00272766641348848,0.000835678805704637,0.000236296279870304,6.16657113599618e-05,1.48525140555107e-05,3.30160841788418e-06,6.77361516603651e-07,1.28258111205887e-07,2.24139565490591e-08,3.61511049758318e-09,5.38138410562219e-10,7.39325646905283e-11,9.37447417891844e-12,1.09705257865595e-12,1.18489514742653e-13,1.1823131031387e-14,1.26568984255383e-15,2.54932288632741e-15,3.06615520132781e-14,3.47702274115259e-13,3.5855903742018e-12,3.36165453840396e-11,2.86539245896932e-10,2.22051528507146e-09,1.56445127378581e-08,1.00209509452894e-07,5.83572007785655e-07,3.08971618895399e-06,1.48724098700235e-05,6.50852719359165e-05,0.000258954058854998,0.000936701772731723,0.00308048134073995,0.0092103141511544,0.0250362295914822,0.0618731217106232,0.139018869228099,0.283977607450028,0.5273914209458,0.890472776204288,1.36693181949999,1.90770703153973,2.42055596629358,2.79226863090078,2.92845049661269,2.79226863090078,2.42055596629359,1.90770703153972,1.36693181949999,0.890472776204283,0.527391420945797,0.283977607450026,0.139018869228098,0.0618731217106226,0.025036229591482,0.0092103141511544,0.00308048134073995,0.000936701772731723,0.000258954058854998,6.50852719359165e-05,1.48724098700232e-05,3.08971618895393e-06,5.83572007785645e-07,1.00209509452892e-07,1.56445127378577e-08,2.2205152850714e-09,2.86539245896802e-10,3.36165453818889e-11,3.58559033929313e-12,3.47701751156852e-13,3.06543214779894e-14,2.45705658409074e-15
0.91,0.91,0.0010418942337089,0.00325400827824698,0.00937957234120582,0.0249526563794642,0.0612660526200808,0.138832894415672,0.290358284144201,0.560461041421813,0.998449266937988,1.64163249592837,2.49112341046673,3.48886295704356,4.50964071772588,5.37983976150231,5.92333237155035,6.01910929887886,5.64504907091695,4.88621506340795,3.90343363338218,2.87799732744194,1.95840873545762,1.22994489376684,0.712914314393206,0.381380409543238,0.188299337290772,0.0858042040841461,0.0360859138239671,0.0140067124527657,0.00501769296619356,0.001658980641376,0.000506230046197216,0.000142568599364913,3.7056910844792e-05,8.88963453997807e-06,1.96819428538946e-06,4.02180852855878e-07,7.58480080776138e-08,1.32018968073421e-08,2.12079090651822e-09,3.14433446652983e-10,4.30258030349524e-11,5.43373679984485e-12,6.33340966824942e-13,6.81313006076318e-14,6.76636844452619e-15,6.52073043624742e-16,5.12098040249568e-16,5.96175511629254e-15,7.02000675917671e-14,7.52028086926001e-13,7.32438245016125e-12,6.48554680083716e-11,5.221085469983e-10,3.82132194708641e-09,2.54275826883533e-08,1.53827911136748e-07,8.46065197466807e-07,4.23068937563165e-06,1.92334445442859e-05,7.94953306581327e-05,0.000298720337581134,0.0010205318974572,0.00316976449333987,0.00895088608147333,0.0229796645252269,0.0536364417994924,0.113819023495171,0.219587883084631,0.385159407021791,0.614202058474801,0.890472776204286,1.17373119265067,1.40655029750213,1.53242951573868,1.51790422675528,1.36693181949999,1.11914911798548,0.833043502119603,0.56374931388457,0.346851032995187,0.194016461216152,0.0986671960391097,0.0456189846295325,0.0191759577299196,0.00732836570219988,0.00254621940750202,0.000804309383381367,0.000230987813274363,6.03105960118188e-05,1.43164979031891e-05,3.08971618895392e-06,6.06232204771753e-07,1.08142906961624e-07,1.75386312154271e-08,2.58602056233633e-09,3.46662505899582e-10,4.22493849550648e-11,4.68136529188724e-12,4.71588592842056e-13,4.31909416695645e-14,3.59633943298276e-15
0.92,0.92,0.00065697294090385,0.00204362388384143,0.00586710447508161,0.0155459060471543,0.0380169805397081,0.0858042040841461,0.178734701234037,0.343620096209703,0.609701967303001,0.998449266937986,1.50905049949209,2.10499422773325,2.70998826306112,3.21998075104692,3.53108771500496,3.57382350770945,3.33831305875164,2.87799732744194,2.28993458413196,1.68160941751067,1.13971575132709,0.712914314393205,0.411573575915059,0.219294125729282,0.107839006296795,0.0489433983724384,0.0205013155360332,0.00792571959859085,0.00282790647276577,0.00093123811970505,0.000283025661055328,7.93889844528296e-05,2.05524710131458e-05,4.91062993687895e-06,1.08287850900156e-06,2.20389869216446e-07,4.13973827259078e-08,7.17667875622229e-09,1.14826861260941e-09,1.69563684790333e-10,2.31095539190283e-11,2.90683006940902e-12,3.37455951342433e-13,3.61563114874199e-14,3.57568660702025e-15,3.31586083434396e-16,1.05672065146224e-16,1.05482279282001e-15,1.28857091258711e-14,1.43398986497811e-13,1.45086687905903e-12,1.33458949615332e-11,1.11610861206353e-10,8.48601581496926e-10,5.86596996742743e-09,3.68650183375947e-08,2.10633621187768e-07,1.09415677745188e-06,5.16737567231534e-06,2.21870283575445e-05,8.66097652393013e-05,0.000307378300585886,0.000991786447968697,0.00290938874860406,0.00775932532721073,0.0188141580422184,0.0414747937934337,0.0831232095481977,0.151460362866571,0.250907881109496,0.377892466035667,0.517440937424609,0.644157336173209,0.729057446657174,0.750188088288773,0.701806196681663,0.596901752338739,0.46155890030391,0.32448156413243,0.20739178255264,0.120512385382099,0.063666421768787,0.0305793198769674,0.0133531529221153,0.00530125193647608,0.00191342606792538,0.000627889975419192,0.000187324263246211,5.08092913502876e-05,1.25294169870054e-05,2.80903537984795e-06,5.72561544937227e-07,1.06102535861682e-07,1.78759022898069e-08,2.73809682287013e-09,3.81301269562241e-10,4.82754490290756e-11,5.55677757747677e-12,5.81511524124056e-13,5.53263804517914e-14,4.78569274963107e-15
0.93,0.93,0.000382332041002072,0.00118454796422984,0.00338714642184157,0.00893891188423448,0.0217723198753266,0.0489433983724384,0.101543680592728,0.194437955386252,0.343620096209703,0.560461041421811,0.843687604860645,1.17216101415904,1.50301128595982,1.77871585172094,1.94276501479714,1.95840873545762,1.82203101775097,1.56450717512277,1.23984877519322,0.906837018282987,0.612151796127297,0.381380409543238,0.219294125729282,0.116376416654056,0.0569996682448752,0.0257661208886076,0.0107496696243961,0.00413914422103482,0.00147094138003829,0.000482446918846101,0.000146040420086691,4.0800545987882e-05,1.05203028213906e-05,2.50357076738366e-06,5.49871065876486e-07,1.11463128501699e-07,2.08531157584759e-08,3.60064284110317e-09,5.73797299262941e-10,8.43929794972121e-11,1.14557494074174e-11,1.4351921650518e-12,1.65945687183451e-13,1.77088887784445e-14,1.74420472399827e-15,1.59329954019063e-16,2.53916341189953e-17,1.70136417765676e-16,2.15042396243749e-15,2.48597500707565e-14,2.61289971052355e-13,2.49682111273403e-12,2.16915575045291e-11,1.71329704468987e-10,1.23030620907292e-09,8.03216065853977e-09,4.76749425289408e-08,2.57268485880005e-07,1.2621809573957e-06,5.62982995576386e-06,2.28300862499548e-05,8.41702171584418e-05,0.000282129152234693,0.000859757753015797,0.0023820060411412,0.00599995837019295,0.013740174123727,0.0286071673424194,0.0541497052870343,0.0931871348208019,0.145798965086761,0.20739178255264,0.26820524605812,0.315341851366018,0.337081236603873,0.327586627288414,0.289438548591216,0.232501200404843,0.169798030311508,0.112740178307776,0.0680555279516543,0.0373496656403901,0.0186358261321787,0.00845374614384761,0.00348648961152411,0.00130727263262456,0.000445638377291273,0.000138113973394368,3.8916276097411e-05,9.96927446873489e-06,2.32185155804598e-06,4.91636331394279e-07,9.46437868165572e-08,1.65645205017935e-08,2.63575020900684e-09,3.8130126956224e-10,5.01499926500808e-11,5.99669715826722e-12,6.51916511560803e-13,6.44333134970398e-14,5.78985344873163e-15
0.94,0.94,0.000205354050204106,0.000633685393322622,0.00180473518408798,0.00474375923392398,0.0115080345454908,0.0257661208886076,0.0532434622011693,0.101543680592728,0.178734701234037,0.290358284144201,0.435340356688353,0.602411149267367,0.76935439354962,0.906837018282987,0.986509807475098,0.990473678827678,0.917812219682095,0.784935727417961,0.619560502558409,0.451338846439318,0.303452745141956,0.188299337290772,0.107839006296795,0.0569996682448751,0.0278059759920145,0.0125191062065203,0.00520209008963922,0.00199504078785177,0.000706146895355009,0.000230678805472148,6.95488091987682e-05,1.93526778817527e-05,4.97006195329109e-06,1.17801793254617e-06,2.57698188520963e-07,5.20283669559125e-08,9.69478960406455e-09,1.66727004368933e-09,2.64632311751053e-10,3.87658364415525e-11,5.24112855590858e-12,6.53988076652463e-13,7.53154739693656e-14,8.00512242716218e-15,7.8527978953973e-16,7.12020982824719e-17,7.64050068517789e-18,2.51560674998379e-17,3.26285160920272e-16,3.91819597094298e-15,4.27815520671314e-14,4.24683877887367e-13,3.83277773086035e-12,3.14485130173895e-11,2.34598492579491e-10,1.59106872736136e-09,9.81050318232604e-09,5.49961448350223e-08,2.80292728907063e-07,1.29876338804948e-06,5.47125383185677e-06,2.09547416550471e-05,7.29653010718266e-05,0.000230987813274363,0.000664814337459899,0.00173960363762261,0.00413846091673238,0.0089508860814733,0.0176007762659841,0.0314656158096419,0.0511421839239188,0.0755720015133344,0.101526917409294,0.124005256951211,0.137701164740587,0.139018869228098,0.127599364188007,0.10647849150921,0.0807818677171932,0.0557191536509775,0.0349408730951803,0.0199205633205923,0.0103254288568814,0.00486578822177658,0.00208466813300589,0.000812006065437946,0.000287554547245244,9.25805650038775e-05,2.70992976312828e-05,7.21165369337087e-06,1.74481872376303e-06,3.83799481160558e-07,7.67533030635898e-08,1.3954953257111e-08,2.30673825858464e-09,3.46662505899582e-10,4.73646187785942e-11,5.88355531734027e-12,6.64452984878438e-13,6.82224470844309e-14,6.36837971516941e-15
0.95,0.95,0.000101797055329552,0.000312870133409314,0.000887487743840299,0.0023234321036968,0.00561392973223071,0.0125191062065203,0.0257661208886076,0.0489433983724383,0.0858042040841458,0.138832894415672,0.207322078270309,0.285738061633057,0.363462826583625,0.426698651123188,0.46232981897178,0.46232981897178,0.426698651123188,0.363462826583625,0.285738061633057,0.207322078270309,0.138832894415671,0.0858042040841458,0.0489433983724382,0.0257661208886075,0.0125191062065203,0.00561392973223069,0.00232343210369679,0.000887487743840296,0.000312870133409311,0.000101797055329552,3.05686097985744e-05,8.47199178653548e-06,2.16702902706757e-06,5.11579692048623e-07,1.11463128501699e-07,2.24139565490588e-08,4.15982621745198e-09,7.12526817593948e-10,1.12641028287487e-10,1.64346841905298e-11,2.21307169985717e-12,2.75041970587152e-13,3.15479992749897e-14,3.33975064861795e-15,3.26307137158018e-16,2.94374157793084e-17,2.66609018261488e-18,3.46753176776873e-18,4.50158952812273e-17,5.61454354986768e-16,6.36837976785007e-15,6.56723778603625e-14,6.15708505901569e-13,5.24814935529613e-12,4.0670156108283e-11,2.86539245896808e-10,1.83540118835639e-09,1.06884941601756e-08,5.65901259855558e-08,2.7239768858459e-07,1.1920783377533e-06,4.74290903076014e-06,1.71562914157913e-05,5.64209838404763e-05,0.000168692788044341,0.000458554540333026,0.00113324575417047,0.00254621940750201,0.00520123131054138,0.00965951081905961,0.0163095778092062,0.025036229591482,0.0349408730951803,0.044334028988604,0.0511421839239186,0.0536364417994919,0.0511421839239186,0.044334028988604,0.0349408730951803,0.025036229591482,0.0163095778092061,0.00965951081905955,0.00520123131054134,0.00254621940750199,0.00113324575417047,0.000458554540333026,0.000168692788044341,5.64209838404763e-05,1.71562914157913e-05,4.74290903076014e-06,1.1920783377533e-06,2.7239768858459e-07,5.65901259855558e-08,1.06884941601754e-08,1.83540118835635e-09,2.86539245896802e-10,4.0670156108283e-11,5.24814935529613e-12,6.15708505901418e-13,6.56723778574264e-14,6.36837971516936e-15
0.96,0.96,4.65732475999936e-05,0.000142568599364914,0.000402791788324589,0.00105028387539267,0.00252756395150176,0.00561392973223075,0.0115080345454909,0.0217723198753268,0.0380169805397082,0.061266052620081,0.0911237415318234,0.125087108153562,0.158475790215289,0.185303091326762,0.199973186920666,0.199172895096801,0.183087236379992,0.155329973161559,0.121624713438241,0.0878937021579302,0.0586223265396172,0.0360859138239673,0.0205013155360333,0.0107496696243962,0.00520209008963926,0.00232343210369682,0.000957748471534247,0.000364369749569809,0.000127938874415911,4.14602676923089e-05,1.24002671876191e-05,3.42294049202736e-06,8.72041232066407e-07,2.05042578926515e-07,4.44959471960981e-08,8.91181621390285e-09,1.64733282328217e-09,2.81038518267982e-10,4.42506553600903e-11,6.43047319052932e-12,8.6245316777127e-13,1.06757274133292e-13,1.21963195825725e-14,1.2859659851892e-15,1.25141050704104e-16,1.12407556653028e-17,9.56887471805676e-19,4.67165096405534e-19,5.64867056443082e-18,7.31445902943461e-17,8.61866492233919e-16,9.23290420036126e-15,8.99239329059943e-14,7.96252625310538e-13,6.41010409779535e-12,4.69156684234357e-11,3.12183075578296e-10,1.88859755160488e-09,1.03874300094566e-08,5.194161148893e-08,2.36135536177018e-07,9.75991195196725e-07,3.66749112044297e-06,1.25294169870056e-05,3.89162760974115e-05,0.000109893070855893,0.000282129152234697,0.00065851282716352,0.00139739483888556,0.00269595507922528,0.00472873295687084,0.00754076744105945,0.010932636947889,0.0144102968070063,0.0172686960931958,0.0188141580422185,0.0186358261321789,0.0167822865723212,0.013740174123727,0.0102275582295649,0.0069213419466825,0.00425840802781233,0.0023820060411412,0.00121137070305484,0.000560079780329631,0.000235429751017098,8.99728366598967e-05,3.12608011336919e-05,9.87477968700039e-06,2.83591589703586e-06,7.40453686993739e-07,1.75768510979019e-07,3.79334958558003e-08,7.44291883816935e-09,1.32770722687376e-09,2.15327736866363e-10,3.17494534401277e-11,4.25609341657868e-12,5.18710059788911e-13,5.74747128989261e-14,5.78985344873163e-15
0.97,0.97,1.96655997147392e-05,5.99588125733409e-05,0.000168720641033699,0.000438180225929684,0.00105028387539267,0.00232343210369682,0.004743759233924,0.00893891188423452,0.0155459060471544,0.0249526563794643,0.0369646755143847,0.0505389686767536,0.0637727605979724,0.0742700000004755,0.0798290563477381,0.0791913838151952,0.0725043783674025,0.0612660526200809,0.0477798663546397,0.034390566243349,0.0228456272923635,0.0140067124527658,0.00792571959859091,0.00413914422103485,0.00199504078785178,0.000887487743840303,0.000364369749569809,0.0001380675533517,4.82847857400952e-05,1.55846966427916e-05,4.64254115674291e-06,1.27638748345223e-06,3.2387593208524e-07,7.58480080776133e-08,1.63937779603045e-08,3.27026752990824e-09,6.02083715258171e-10,1.0230570306473e-10,1.60439822390107e-11,2.3221692275204e-12,3.10202235766871e-13,3.82441793757838e-14,4.35166178440997e-15,4.56997987005618e-16,4.4293793666866e-17,3.96238805107537e-18,3.29788128784298e-19,6.83758287887675e-20,6.45210150378547e-19,8.66345398498873e-18,1.06044871800736e-16,1.18013730279318e-15,1.19402674113704e-14,1.09833339675923e-13,9.18529155651566e-13,6.98377636111815e-12,4.82754490290767e-11,3.03389775875894e-10,1.73346142239443e-09,9.00463351039976e-09,4.25261946904155e-08,1.82593631152027e-07,7.12776459894467e-07,2.52964566217951e-06,8.16215159342851e-06,2.39435334682765e-05,6.38572847139993e-05,0.000154835761627744,0.000341327061830226,0.000684082988484356,0.00124648047434467,0.00206490839413674,0.00310995940720393,0.00425840802781234,0.00530125193647609,0.00599995837019298,0.00617385820580453,0.0057756874761249,0.00491235043486462,0.00379851299772503,0.00267040119488027,0.00170678191045359,0.000991786447968695,0.000523958546673339,0.000251660067518514,0.000109893070855892,4.36279624803257e-05,1.57470125360269e-05,5.16737567231536e-06,1.54163130266036e-06,4.18147615552826e-07,1.03113932474749e-07,2.31176506278964e-08,4.71203668482946e-09,8.73197031401216e-10,1.47114154118108e-10,2.25338442479469e-11,3.13801299796749e-12,3.97294734187147e-13,4.57308738702994e-14,4.78569274963104e-15
0.98,0.98,7.66385416757763e-06,2.3272954949149e-05,6.52266674778638e-05,0.000168720641033699,0.000402791788324588,0.000887487743840305,0.00180473518408799,0.00338714642184159,0.00586710447508164,0.00937957234120584,0.0138392201413627,0.0188455823862089,0.0236851900126029,0.0274734720439664,0.0294116634662903,0.029059958702393,0.0264996270838298,0.0223025179108062,0.0173235700338919,0.0124191038950173,0.00821698490817913,0.00501769296619359,0.00282790647276578,0.0014709413800383,0.000706146895355015,0.000312870133409315,0.000127938874415911,4.82847857400952e-05,1.68185076273509e-05,5.40672112168951e-06,1.60416799309939e-06,4.39273585937697e-07,1.11017053546473e-07,2.58948660570397e-08,5.5745139423886e-09,1.10756623616848e-09,2.03096189263336e-10,3.43718736261931e-11,5.36876015786694e-12,7.73952244832447e-13,1.02973077028302e-13,1.26445268088744e-14,1.43301533368344e-15,1.49888550024856e-16,1.44695646361299e-17,1.28918852749162e-18,1.06263944687729e-19,1.23807022104039e-20,6.7262437769124e-20,9.32923545137054e-19,1.18625484933763e-17,1.37140386091626e-16,1.44142295618517e-15,1.37738745154218e-14,1.19662874360369e-13,9.45151351893085e-13,6.7870634596128e-12,4.43099317107354e-11,2.63001891716968e-10,1.41923817578862e-09,6.96290256213097e-09,3.10573196289003e-08,1.25943641529402e-07,4.64330425263973e-07,1.55638364327732e-06,4.7429090307602e-06,1.31404897765969e-05,3.30991568710526e-05,7.57985557060108e-05,0.000157813281539941,0.000298720337581136,0.000514072832425073,0.000804309383381368,0.00114409012878805,0.00147957151786561,0.00173960363762262,0.00185953035675497,0.00180715273281629,0.00159670639915495,0.00128260784993753,0.000936701772731723,0.000621938456442903,0.000375432704134186,0.000206041836599087,0.000102805735392262,4.66356351992937e-05,1.9233444544286e-05,7.2116536933709e-06,2.4583928166906e-06,7.61914631637269e-07,2.1468414410748e-07,5.49961448350215e-08,1.28086436954044e-08,2.71214349372303e-09,5.22108546998283e-10,9.13792444471553e-11,1.45402858250201e-11,2.103473017258e-12,2.76655665154846e-13,3.30811661853738e-14,3.59633943298278e-15
0.99,0.99,2.75649135073306e-06,8.33718424253268e-06,2.32729549491489e-05,5.99588125733407e-05,0.000142568599364914,0.000312870133409315,0.000633685393322622,0.00118454796422984,0.00204362388384144,0.00325400827824698,0.0047819573915863,0.00648577854389791,0.00811872617689753,0.00937957234120582,0.010001094833581,0.00984195598337609,0.00893891188423449,0.00749302633393875,0.00579694562138284,0.00413914422103485,0.00272766641348847,0.001658980641376,0.00093123811970505,0.000482446918846101,0.000230678805472149,0.000101797055329552,4.14602676923087e-05,1.55846966427916e-05,5.40672112168945e-06,1.73116694189701e-06,5.11579692048629e-07,1.39526598541829e-07,3.51212595422449e-08,8.15929288748688e-09,1.7494612531857e-09,3.46198752346792e-10,6.32289592584275e-11,1.06580053356528e-11,1.65807892054421e-12,2.3806953719425e-13,3.15479992733747e-14,3.85841716952722e-15,4.35527824232947e-16,4.53724253456339e-17,4.36252023150394e-18,3.87127092336682e-19,3.17280096616055e-20,2.78988438032658e-21,6.45293496066283e-21,9.13403410363902e-20,1.20643811670382e-18,1.44889468291394e-17,1.58200348645421e-16,1.57042310298819e-15,1.41730897042911e-14,1.16292315224347e-13,8.67513253651302e-13,5.88355531734037e-12,3.62779037583637e-11,2.03368248531868e-10,1.03648431221943e-09,4.80265000896467e-09,2.02319510284916e-08,7.74877788544732e-08,2.69815739395765e-07,8.54161453657008e-07,2.45839281669063e-06,6.43281717262643e-06,1.53034644660675e-05,3.30991568710524e-05,6.50852719359169e-05,0.000116355559019267,0.000189116826313956,0.000279454962378154,0.000375432704134188,0.000458554540333028,0.000509200140811657,0.000514072832425072,0.000471845059077124,0.000393742950337744,0.000298720337581134,0.000206041836599088,0.000129206586840902,7.3663528315119e-05,3.81820287269878e-05,1.79930217173978e-05,7.70881864995074e-06,3.00268776694706e-06,1.06333752676787e-06,3.42350312179328e-07,1.00209509452892e-07,2.66677125285561e-08,6.45210185044334e-09,1.41923817578859e-09,2.83823254519064e-10,5.16035153146859e-11,8.53000370984329e-12,1.28191070243113e-12,1.75147905226408e-13,2.17565857319125e-14,2.45705658409072e-15
1,1,9.15030143110266e-07,2.75649135073306e-06,7.66385416757763e-06,1.96655997147392e-05,4.65732475999935e-05,0.000101797055329552,0.000205354050204107,0.000382332041002075,0.00065697294090385,0.0010418942337089,0.0015249975690207,0.00206007975005809,0.00256843322807043,0.0029554382603367,0.00313866429999252,0.00307636037541554,0.00278290842084731,0.00232343210369681,0.00179031900396438,0.00127321053160761,0.000835678805704636,0.000506230046197216,0.000283025661055329,0.000146040420086692,6.95488091987685e-05,3.05686097985746e-05,1.24002671876191e-05,4.64254115674291e-06,1.60416799309938e-06,5.11579692048631e-07,1.50572655700646e-07,4.09023526935443e-08,1.02546261743563e-08,2.37279785872968e-09,5.06723464480143e-10,9.98735883142693e-11,1.81676877497897e-11,3.05012771938203e-12,4.72613103037337e-13,6.75869511714525e-14,8.92050248823026e-15,1.08663864532988e-15,1.22165995612813e-16,1.2676077799054e-17,1.2139165140409e-18,1.07290794958951e-19,8.75372501160103e-21,6.91335222655109e-22,5.84341127552089e-22,8.13184772952393e-21,1.11550370107857e-19,1.39170405150938e-18,1.57856350812928e-17,1.62785549560976e-16,1.52618879919515e-15,1.30088616379107e-14,1.00811237978769e-13,7.10259779467064e-13,4.5495046906944e-12,2.64941281648207e-11,1.40272897964522e-10,6.75206363497947e-10,2.95486677446285e-09,1.17564960837274e-08,4.25261946904158e-08,1.3985363650424e-07,4.18147615552834e-07,1.13664306497075e-06,2.80903537984799e-06,6.31144689861581e-06,1.28925634323498e-05,2.39435334682764e-05,4.04274014950794e-05,6.20586085954053e-05,8.66097652393019e-05,0.000109893070855893,0.000126768799720885,0.00013295144685913,0.000126768799720885,0.000109893070855892,8.66097652393018e-05,6.20586085954051e-05,4.04274014950793e-05,2.39435334682762e-05,1.28925634323497e-05,6.31144689861576e-06,2.80903537984797e-06,1.13664306497073e-06,4.18147615552829e-07,1.39853636504239e-07,4.25261946904152e-08,1.17564960837272e-08,2.95486677446281e-09,6.75206363497937e-10,1.40272897964519e-10,2.64941281648203e-11,4.5495046906944e-12,7.10259779467048e-13,1.00811237978766e-13,1.30088616379103e-14,1.52618879919513e-15
